{
    "young people": 1.0,
    "local authority": 0.9628140703517588,
    "children": 0.6110552763819096,
    "service": 0.5628140703517588,
    "looked children": 0.5025125628140703,
    "children young": 0.5015075376884423,
    "social worker": 0.44321608040201005,
    "care leaver": 0.42412060301507537,
    "support": 0.3879396984924623,
    "ensure": 0.3849246231155779,
    "work": 0.32763819095477387,
    "need": 0.3155778894472362,
    "plan": 0.3075376884422111,
    "However": 0.27738693467336684,
    "good": 0.27035175879396983,
    "child protection": 0.2562814070351759,
    "case": 0.2442211055276382,
    "assessment": 0.24321608040201004,
    "including": 0.24120603015075376,
    "Board": 0.23618090452261306,
    "review": 0.22110552763819097,
    "team": 0.21105527638190955,
    "practice": 0.19899497487437187,
    "identified": 0.19899497487437187,
    "staff": 0.19497487437185929,
    "LSCB": 0.19396984924623115,
    "early help": 0.192964824120603,
    "provide": 0.1879396984924623,
    "risk": 0.17688442211055277,
    "social care": 0.17688442211055277,
    "sexual exploitation": 0.1748743718592965,
    "report": 0.1708542713567839,
    "well": 0.16984924623115577,
    "social work": 0.16482412060301507,
    "families": 0.1628140703517588,
    "multi agency": 0.16180904522613065,
    "result": 0.16080402010050251,
    "children looked": 0.16080402010050251,
    "manager": 0.1577889447236181,
    "effective": 0.15577889447236182,
    "within": 0.15577889447236182,
    "example": 0.15577889447236182,
    "childrens service": 0.15376884422110554,
    "effectively": 0.1527638190954774,
    "arrangement": 0.1527638190954774,
    "adoption": 0.14974874371859295,
    "always": 0.1487437185929648,
    "although": 0.14773869346733667,
    "placement": 0.14673366834170853,
    "appropriate": 0.1457286432160804,
    "child sexual": 0.1457286432160804,
    "time": 0.13668341708542714,
    "lack": 0.13165829145728644,
    "issue": 0.13165829145728644,
    "performance": 0.1306532663316583,
    "use": 0.12964824120603016,
    "improvement": 0.12864321608040202,
    "quality": 0.12663316582914572,
    "training": 0.12562814070351758,
    "children families": 0.12562814070351758,
    "delay": 0.12462311557788945,
    "new": 0.12462311557788945,
    "challenge": 0.12361809045226131,
    "clear": 0.12361809045226131,
    "care": 0.12361809045226131,
    "year": 0.12361809045226131,
    "family": 0.12261306532663317,
    "childrens social": 0.12261306532663317,
    "one": 0.12160804020100502,
    "information": 0.12060301507537688,
    "action": 0.12060301507537688,
    "impact": 0.11959798994974874,
    "now": 0.11658291457286432,
    "significant": 0.11557788944723618,
    "recent": 0.11557788944723618,
    "concern": 0.11557788944723618,
    "foster carer": 0.11457286432160804,
    "audit": 0.1135678391959799,
    "parent": 0.11256281407035176,
    "currently": 0.11055276381909548,
    "include": 0.10954773869346733,
    "many": 0.10854271356783919,
    "two": 0.10854271356783919,
    "evidence": 0.10854271356783919,
    "group": 0.10854271356783919,
    "level": 0.10653266331658291,
    "Safeguarding Children": 0.10653266331658291,
    "children need": 0.10452261306532663,
    "mean": 0.1035175879396985,
    "access": 0.1035175879396985,
    "made": 0.1035175879396985,
    "meeting": 0.1035175879396985,
    "adopter": 0.1035175879396985,
    "also": 0.10251256281407035,
    "Children Board": 0.10251256281407035,
    "yet": 0.09949748743718594,
    "supported": 0.09949748743718594,
    "police": 0.09849246231155778,
    "Local Safeguarding": 0.09849246231155778,
    "child": 0.09748743718592964,
    "development": 0.09748743718592964,
    "partner": 0.0964824120603015,
    "provided": 0.0964824120603015,
    "poor": 0.09547738693467336,
    "recently": 0.09547738693467336,
    "school": 0.09447236180904522,
    "protection plan": 0.09447236180904522,
    "agencies": 0.09346733668341708,
    "intervention": 0.09246231155778895,
    "better": 0.09246231155778895,
    "management oversight": 0.09246231155778895,
    "contact": 0.0914572864321608,
    "change": 0.09045226130653267,
    "key": 0.09045226130653267,
    "range": 0.09045226130653267,
    "make": 0.09045226130653267,
    "timely": 0.08944723618090453,
    "robust": 0.08844221105527639,
    "place": 0.08844221105527639,
    "remain": 0.08844221105527639,
    "process": 0.0864321608040201,
    "referral": 0.0864321608040201,
    "system": 0.0864321608040201,
    "understanding": 0.0864321608040201,
    "timescale": 0.08542713567839195,
    "national average": 0.08442211055276382,
    "resulted": 0.08241206030150754,
    "analysis": 0.08241206030150754,
    "help protection": 0.08241206030150754,
    "consistently": 0.0814070351758794,
    "current": 0.08040201005025126,
    "understand": 0.08040201005025126,
    "progress": 0.07939698492462312,
    "area": 0.07939698492462312,
    "provision": 0.07939698492462312,
    "need help": 0.07939698492462312,
    "improve": 0.07839195979899498,
    "used": 0.07839195979899498,
    "worker": 0.07839195979899498,
    "take": 0.07839195979899498,
    "authority area": 0.07839195979899498,
    "across": 0.07738693467336684,
    "meet": 0.07738693467336684,
    "identify": 0.07738693467336684,
    "response": 0.0763819095477387,
    "sufficient": 0.07537688442211055,
    "appropriately": 0.07537688442211055,
    "view": 0.07537688442211055,
    "partner agencies": 0.07537688442211055,
    "improved": 0.0743718592964824,
    "seen": 0.0743718592964824,
    "partnership": 0.0743718592964824,
    "sufficiently": 0.07336683417085427,
    "domestic abuse": 0.07336683417085427,
    "considered": 0.07236180904522613,
    "cases seen": 0.07236180904522613,
    "supervision": 0.07135678391959799,
    "decision": 0.07135678391959799,
    "threshold": 0.07135678391959799,
    "required": 0.07135678391959799,
    "panel": 0.07035175879396985,
    "carer": 0.07035175879396985,
    "individual": 0.06934673366834171,
    "professional": 0.06934673366834171,
    "high": 0.06834170854271357,
    "receive": 0.06834170854271357,
    "routinely": 0.06834170854271357,
    "undertaken": 0.06834170854271357,
    "show": 0.06834170854271357,
    "experiences progress": 0.06834170854271357,
    "positive": 0.06733668341708543,
    "live": 0.06733668341708543,
    "led": 0.06733668341708543,
    "progress children": 0.06733668341708543,
    "senior manager": 0.06733668341708543,
    "case review": 0.06733668341708543,
    "improving": 0.06633165829145729,
    "record": 0.06633165829145729,
    "completed": 0.06633165829145729,
    "capacity": 0.06532663316582915,
    "outcomes children": 0.06532663316582915,
    "chair": 0.06331658291457286,
    "programme": 0.06331658291457286,
    "known": 0.062311557788944726,
    "member": 0.062311557788944726,
    "inspector": 0.062311557788944726,
    "leaving care": 0.062311557788944726,
    "overall": 0.061306532663316586,
    "develop": 0.061306532663316586,
    "available": 0.061306532663316586,
    "Inspection judgement": 0.061306532663316586,
    "working": 0.06030150753768844,
    "enough": 0.06030150753768844,
    "planning": 0.06030150753768844,
    "data": 0.06030150753768844,
    "learning": 0.06030150753768844,
    "Information local": 0.06030150753768844,
    "young person": 0.06030150753768844,
    "serious case": 0.06030150753768844,
    "address": 0.0592964824120603
}