{
    "children": 1.0,
    "service": 0.5279069767441861,
    "young people": 0.4720930232558139,
    "need": 0.3488372093023256,
    "support": 0.29767441860465116,
    "work": 0.27906976744186046,
    "good": 0.24186046511627907,
    "local authority": 0.2302325581395349,
    "assessment": 0.2186046511627907,
    "ensure": 0.2116279069767442,
    "children young": 0.2116279069767442,
    "social worker": 0.2116279069767442,
    "However": 0.20465116279069767,
    "care": 0.20232558139534884,
    "plan": 0.2,
    "team": 0.2,
    "effective": 0.1883720930232558,
    "case": 0.17906976744186046,
    "risk": 0.1697674418604651,
    "Board": 0.16744186046511628,
    "looked children": 0.16279069767441862,
    "well": 0.16046511627906976,
    "including": 0.14883720930232558,
    "care leaver": 0.14883720930232558,
    "child protection": 0.14651162790697675,
    "information": 0.14418604651162792,
    "provide": 0.14186046511627906,
    "adoption": 0.13953488372093023,
    "many": 0.13488372093023257,
    "review": 0.12790697674418605,
    "staff": 0.12558139534883722,
    "training": 0.12093023255813953,
    "example": 0.1186046511627907,
    "social care": 0.1186046511627907,
    "impact": 0.11627906976744186,
    "identified": 0.11627906976744186,
    "practice": 0.11627906976744186,
    "health": 0.11627906976744186,
    "manager": 0.11627906976744186,
    "receive": 0.11162790697674418,
    "school": 0.11162790697674418,
    "time": 0.11162790697674418,
    "report": 0.11162790697674418,
    "multi agency": 0.11162790697674418,
    "child": 0.10930232558139535,
    "families": 0.10930232558139535,
    "quality": 0.10697674418604651,
    "place": 0.10697674418604651,
    "issue": 0.10697674418604651,
    "parent": 0.10697674418604651,
    "always": 0.10465116279069768,
    "LSCB": 0.10465116279069768,
    "partner": 0.10465116279069768,
    "concern": 0.10232558139534884,
    "action": 0.10232558139534884,
    "result": 0.1,
    "appropriate": 0.09767441860465116,
    "improvement": 0.09767441860465116,
    "yet": 0.09534883720930233,
    "within": 0.09302325581395349,
    "mean": 0.09302325581395349,
    "Knowsley": 0.09302325581395349,
    "progress": 0.09069767441860466,
    "made": 0.09069767441860466,
    "police": 0.09069767441860466,
    "effectively": 0.08837209302325581,
    "arrangement": 0.08837209302325581,
    "performance": 0.08604651162790698,
    "agencies": 0.08372093023255814,
    "also": 0.08372093023255814,
    "referral": 0.08372093023255814,
    "placement": 0.08372093023255814,
    "number": 0.08139534883720931,
    "year": 0.08139534883720931,
    "supported": 0.08139534883720931,
    "recent": 0.07906976744186046,
    "safeguarding": 0.07906976744186046,
    "currently": 0.07906976744186046,
    "lack": 0.07674418604651163,
    "planning": 0.07674418604651163,
    "significant": 0.07674418604651163,
    "children families": 0.07674418604651163,
    "children looked": 0.07674418604651163,
    "early help": 0.07674418604651163,
    "childrens social": 0.07674418604651163,
    "key": 0.07441860465116279,
    "conference": 0.07441860465116279,
    "high": 0.07441860465116279,
    "range": 0.07441860465116279,
    "professional": 0.07441860465116279,
    "robust": 0.07209302325581396,
    "clear": 0.07209302325581396,
    "delay": 0.07209302325581396,
    "system": 0.07209302325581396,
    "now": 0.07209302325581396,
    "response": 0.06976744186046512,
    "education": 0.06976744186046512,
    "sexual exploitation": 0.06976744186046512,
    "family": 0.06744186046511629,
    "day": 0.06744186046511629,
    "poor": 0.06744186046511629,
    "challenge": 0.06744186046511629,
    "include": 0.06744186046511629,
    "new": 0.06744186046511629,
    "meeting": 0.06744186046511629,
    "timely": 0.06511627906976744,
    "although": 0.06511627906976744,
    "level": 0.06511627906976744,
    "group": 0.06511627906976744,
    "access": 0.06511627906976744,
    "change": 0.06279069767441861,
    "use": 0.06279069767441861,
    "adopter": 0.06279069767441861,
    "member": 0.06279069767441861,
    "protection plan": 0.06279069767441861,
    "seen": 0.06046511627906977,
    "routinely": 0.06046511627906977,
    "used": 0.06046511627906977,
    "understand": 0.06046511627906977,
    "take": 0.06046511627906977,
    "provided": 0.05813953488372093,
    "individual": 0.05813953488372093,
    "positive": 0.05813953488372093,
    "one": 0.05813953488372093,
    "make": 0.05581395348837209,
    "worker": 0.05581395348837209,
    "learning": 0.05581395348837209,
    "identify": 0.05581395348837209,
    "experience": 0.05581395348837209,
    "visit": 0.05581395348837209,
    "development": 0.05581395348837209,
    "domestic abuse": 0.05581395348837209,
    "social work": 0.05581395348837209,
    "recently": 0.053488372093023255,
    "taken": 0.053488372093023255,
    "two": 0.053488372093023255,
    "view": 0.053488372093023255,
    "provision": 0.053488372093023255,
    "area": 0.053488372093023255,
    "available": 0.053488372093023255,
    "meet": 0.05116279069767442,
    "capacity": 0.05116279069767442,
    "Inadequate Inadequate": 0.05116279069767442,
    "analysis": 0.04883720930232558,
    "understanding": 0.04883720930232558,
    "completed": 0.04883720930232558,
    "remain": 0.04883720930232558,
    "resulted": 0.04883720930232558,
    "across": 0.04883720930232558,
    "case review": 0.04883720930232558,
    "often": 0.046511627906976744,
    "know": 0.046511627906976744,
    "panel": 0.046511627906976744,
    "data": 0.046511627906976744,
    "assessed": 0.046511627906976744,
    "threshold": 0.046511627906976744,
    "record": 0.046511627906976744,
    "intervention": 0.046511627906976744,
    "timescale": 0.046511627906976744,
    "number children": 0.046511627906976744,
    "child sexual": 0.046511627906976744,
    "serious case": 0.046511627906976744,
    "foster carers": 0.046511627906976744,
    "considered": 0.044186046511627906,
    "local": 0.044186046511627906,
    "effectiveness": 0.044186046511627906,
    "decision": 0.044186046511627906,
    "fully": 0.044186046511627906,
    "attendance": 0.044186046511627906,
    "living": 0.044186046511627906,
    "audit": 0.044186046511627906,
    "BSCB": 0.044186046511627906,
    "rate": 0.04186046511627907,
    "process": 0.04186046511627907,
    "inspection": 0.04186046511627907,
    "established": 0.04186046511627907,
    "particularly": 0.04186046511627907,
    "current": 0.04186046511627907,
    "court": 0.04186046511627907,
    "support service": 0.04186046511627907,
    "appropriately": 0.03953488372093023,
    "inspectors": 0.03953488372093023,
    "experienced": 0.03953488372093023,
    "undertaken": 0.03953488372093023,
    "improve": 0.03953488372093023,
    "contact": 0.03953488372093023,
    "evidence": 0.03953488372093023,
    "sufficient": 0.03953488372093023,
    "low": 0.03953488372093023,
    "known": 0.03953488372093023,
    "able": 0.03953488372093023,
    "independent": 0.03953488372093023,
    "Coventry": 0.03953488372093023,
    "live": 0.03953488372093023,
    "processes": 0.03953488372093023,
    "risk assessment": 0.03953488372093023,
    "statutory": 0.037209302325581395,
    "enough": 0.037209302325581395,
    "potential": 0.037209302325581395,
    "activity": 0.037209302325581395
}