{
    "young people": 1.0,
    "children": 0.9971949509116409,
    "local authority": 0.7489481065918654,
    "care leaver": 0.6563814866760168,
    "service": 0.5862552594670407,
    "looked children": 0.5778401122019635,
    "support": 0.5133239831697055,
    "need": 0.453015427769986,
    "Board": 0.41935483870967744,
    "children young": 0.40953716690042075,
    "work": 0.3884992987377279,
    "social worker": 0.3814866760168303,
    "plan": 0.36044880785413747,
    "However": 0.3211781206171108,
    "ensure": 0.3211781206171108,
    "LSCB": 0.3085553997194951,
    "review": 0.29453015427769985,
    "well": 0.28751753155680226,
    "good": 0.2805049088359046,
    "including": 0.270687237026648,
    "practice": 0.24123422159887797,
    "assessment": 0.23983169705469845,
    "adoption": 0.2370266479663394,
    "children looked": 0.23562412342215988,
    "staff": 0.23281907433380084,
    "placement": 0.22861150070126227,
    "team": 0.22159887798036465,
    "provide": 0.20476858345021037,
    "case": 0.19074333800841514,
    "although": 0.18653576437587657,
    "report": 0.18373071528751753,
    "example": 0.17952314165497896,
    "identified": 0.17812061711079943,
    "effective": 0.1753155680224404,
    "progress": 0.1753155680224404,
    "child": 0.17391304347826086,
    "foster carer": 0.17391304347826086,
    "care": 0.17251051893408134,
    "group": 0.1697054698457223,
    "arrangement": 0.16830294530154277,
    "effectively": 0.16549789621318373,
    "improvement": 0.1640953716690042,
    "many": 0.1640953716690042,
    "appropriate": 0.1640953716690042,
    "within": 0.1640953716690042,
    "challenge": 0.1640953716690042,
    "quality": 0.16129032258064516,
    "year": 0.15988779803646563,
    "clear": 0.15988779803646563,
    "recent": 0.15988779803646563,
    "significant": 0.15568022440392706,
    "performance": 0.15568022440392706,
    "result": 0.1514726507713885,
    "information": 0.15007012622720897,
    "manager": 0.14866760168302945,
    "issue": 0.14866760168302945,
    "adopter": 0.1458625525946704,
    "sexual exploitation": 0.1458625525946704,
    "receive": 0.14305750350631136,
    "training": 0.14305750350631136,
    "impact": 0.1402524544179523,
    "range": 0.13744740532959326,
    "risk": 0.13744740532959326,
    "area": 0.13744740532959326,
    "use": 0.13604488078541374,
    "new": 0.13604488078541374,
    "audit": 0.13604488078541374,
    "always": 0.13464235624123422,
    "currently": 0.13183730715287517,
    "also": 0.13043478260869565,
    "multi agency": 0.13043478260869565,
    "delay": 0.1276297335203366,
    "now": 0.1276297335203366,
    "access": 0.12622720897615708,
    "school": 0.12622720897615708,
    "recently": 0.12482468443197756,
    "supported": 0.12342215988779803,
    "time": 0.12201963534361851,
    "timely": 0.12201963534361851,
    "lack": 0.12201963534361851,
    "social work": 0.12201963534361851,
    "development": 0.11921458625525946,
    "carer": 0.11781206171107994,
    "one": 0.11640953716690042,
    "level": 0.11640953716690042,
    "partner": 0.11640953716690042,
    "remain": 0.1150070126227209,
    "childrens service": 0.1150070126227209,
    "poor": 0.11360448807854137,
    "live": 0.11220196353436185,
    "experience": 0.11079943899018233,
    "number": 0.11079943899018233,
    "mean": 0.11079943899018233,
    "child sexual": 0.1093969144460028,
    "made": 0.10799438990182328,
    "include": 0.10799438990182328,
    "two": 0.10799438990182328,
    "yet": 0.10799438990182328,
    "social care": 0.10659186535764376,
    "place": 0.10378681626928471,
    "improving": 0.10378681626928471,
    "process": 0.10098176718092566,
    "consistently": 0.09957924263674614,
    "sufficient": 0.09957924263674614,
    "panel": 0.09957924263674614,
    "used": 0.09957924263674614,
    "early help": 0.09957924263674614,
    "robust": 0.09537166900420757,
    "action": 0.09537166900420757,
    "change": 0.09537166900420757,
    "enough": 0.09396914446002805,
    "individual": 0.09396914446002805,
    "completed": 0.09256661991584852,
    "evidence": 0.09256661991584852,
    "positive": 0.09256661991584852,
    "available": 0.09256661991584852,
    "partnership": 0.09256661991584852,
    "learning": 0.09256661991584852,
    "requires improvement": 0.09256661991584852,
    "current": 0.091164095371669,
    "children families": 0.091164095371669,
    "families": 0.08976157082748948,
    "improve": 0.08976157082748948,
    "data": 0.08976157082748948,
    "provided": 0.08976157082748948,
    "across": 0.08835904628330996,
    "improved": 0.08695652173913043,
    "take": 0.08695652173913043,
    "care plan": 0.08695652173913043,
    "meeting": 0.08555399719495091,
    "agencies": 0.08555399719495091,
    "case review": 0.08555399719495091,
    "worker": 0.08415147265077139,
    "provision": 0.08274894810659186,
    "seen": 0.07994389901823282,
    "contact": 0.07994389901823282,
    "response": 0.07994389901823282,
    "outcomes children": 0.07994389901823282,
    "leaving care": 0.07994389901823282,
    "considered": 0.0785413744740533,
    "make": 0.0785413744740533,
    "home": 0.07713884992987377,
    "meet": 0.07713884992987377,
    "required": 0.07713884992987377,
    "system": 0.07713884992987377,
    "appropriately": 0.07713884992987377,
    "planning": 0.07573632538569425,
    "sufficiently": 0.07573632538569425,
    "concern": 0.07573632538569425,
    "recommendation": 0.07573632538569425,
    "serious case": 0.07573632538569425,
    "led": 0.07433380084151472,
    "routinely": 0.07433380084151472,
    "attendance": 0.07433380084151472,
    "member": 0.07433380084151472,
    "capacity": 0.07433380084151472,
    "sub group": 0.07433380084151472,
    "insufficient": 0.0729312762973352,
    "accommodation": 0.0729312762973352,
    "understand": 0.0729312762973352,
    "parent": 0.0729312762973352,
    "childrens social": 0.0729312762973352,
    "resulted": 0.07152875175315568,
    "chair": 0.07152875175315568,
    "many children": 0.07152875175315568,
    "children placed": 0.07152875175315568,
    "record": 0.07012622720897616,
    "timescale": 0.07012622720897616,
    "decision": 0.07012622720897616,
    "despite": 0.07012622720897616,
    "understanding": 0.07012622720897616,
    "ofsted gov": 0.07012622720897616,
    "gov uk": 0.07012622720897616,
    "better": 0.06872370266479663,
    "family": 0.06872370266479663,
    "opportunities": 0.06872370266479663,
    "given": 0.06872370266479663,
    "supervision": 0.06872370266479663,
    "undertaken": 0.06872370266479663,
    "key": 0.06872370266479663,
    "overall": 0.06872370266479663,
    "fully": 0.06872370266479663,
    "management oversight": 0.06872370266479663,
    "develop": 0.06732117812061711,
    "high": 0.06732117812061711,
    "assessed": 0.06732117812061711,
    "increased": 0.06732117812061711,
    "view": 0.06732117812061711,
    "child protection": 0.06732117812061711,
    "know": 0.06591865357643759,
    "day": 0.06591865357643759,
    "able": 0.06451612903225806,
    "limited": 0.06451612903225806,
    "analysis": 0.06451612903225806,
    "target": 0.06451612903225806,
    "ensuring": 0.06451612903225806,
    "senior manager": 0.06451612903225806,
    "Safeguarding Children": 0.06451612903225806,
    "standard": 0.06311360448807854,
    "received": 0.06311360448807854
}