{
    "children": 1.0,
    "service": 0.6729411764705883,
    "local authority": 0.5752941176470588,
    "young people": 0.5670588235294117,
    "child protection": 0.4447058823529412,
    "social worker": 0.42,
    "case": 0.4188235294117647,
    "support": 0.3870588235294118,
    "work": 0.3623529411764706,
    "assessment": 0.3447058823529412,
    "need": 0.3235294117647059,
    "plan": 0.32235294117647056,
    "However": 0.28705882352941176,
    "children young": 0.28352941176470586,
    "early help": 0.24,
    "families": 0.23176470588235293,
    "sexual exploitation": 0.23176470588235293,
    "effective": 0.23058823529411765,
    "multi agency": 0.22,
    "identified": 0.2188235294117647,
    "good": 0.21058823529411766,
    "risk": 0.20705882352941177,
    "team": 0.19411764705882353,
    "Recommendation": 0.19411764705882353,
    "social care": 0.19176470588235295,
    "ensure": 0.19058823529411764,
    "referral": 0.18352941176470589,
    "concern": 0.17882352941176471,
    "result": 0.17647058823529413,
    "child sexual": 0.17647058823529413,
    "information": 0.17294117647058824,
    "police": 0.16941176470588235,
    "protection plan": 0.16705882352941176,
    "appropriate": 0.1635294117647059,
    "manager": 0.16117647058823528,
    "parent": 0.16,
    "mean": 0.1588235294117647,
    "always": 0.1564705882352941,
    "school": 0.1564705882352941,
    "staff": 0.15294117647058825,
    "well": 0.15294117647058825,
    "delay": 0.15058823529411763,
    "provide": 0.14705882352941177,
    "effectively": 0.14705882352941177,
    "action": 0.14705882352941177,
    "social work": 0.14705882352941177,
    "quality": 0.14588235294117646,
    "including": 0.1423529411764706,
    "lack": 0.1411764705882353,
    "response": 0.1411764705882353,
    "arrangement": 0.14,
    "childrens social": 0.14,
    "practice": 0.1388235294117647,
    "impact": 0.1376470588235294,
    "professional": 0.13647058823529412,
    "domestic abuse": 0.13647058823529412,
    "report": 0.12588235294117647,
    "clear": 0.1223529411764706,
    "meeting": 0.12117647058823529,
    "LSCB": 0.12117647058823529,
    "within": 0.12,
    "also": 0.1188235294117647,
    "review": 0.1188235294117647,
    "inspector": 0.11764705882352941,
    "cases seen": 0.11764705882352941,
    "many": 0.11647058823529412,
    "agencies": 0.11529411764705882,
    "timely": 0.11294117647058824,
    "poor": 0.11176470588235295,
    "care": 0.11058823529411765,
    "children need": 0.10941176470588235,
    "progress": 0.10823529411764705,
    "intervention": 0.10823529411764705,
    "care leaver": 0.10823529411764705,
    "improvement": 0.10705882352941176,
    "identify": 0.10588235294117647,
    "area": 0.10588235294117647,
    "example": 0.10352941176470588,
    "children families": 0.10352941176470588,
    "consistently": 0.10235294117647059,
    "partner": 0.1011764705882353,
    "training": 0.1011764705882353,
    "Board": 0.1011764705882353,
    "recent": 0.1,
    "receive": 0.0988235294117647,
    "although": 0.0988235294117647,
    "threshold": 0.0988235294117647,
    "MASH": 0.0988235294117647,
    "issue": 0.0976470588235294,
    "yet": 0.0976470588235294,
    "place": 0.09647058823529411,
    "protection conference": 0.09529411764705882,
    "level": 0.09411764705882353,
    "children missing": 0.09411764705882353,
    "understanding": 0.09176470588235294,
    "understand": 0.09058823529411765,
    "contact": 0.09058823529411765,
    "system": 0.09058823529411765,
    "education": 0.09058823529411765,
    "evidence": 0.08941176470588236,
    "experience": 0.08941176470588236,
    "time": 0.08823529411764706,
    "routinely": 0.08823529411764706,
    "record": 0.08823529411764706,
    "include": 0.08823529411764706,
    "make": 0.08705882352941176,
    "data": 0.08705882352941176,
    "considered": 0.08588235294117647,
    "group": 0.08588235294117647,
    "provided": 0.08588235294117647,
    "undertaken": 0.08588235294117647,
    "children risk": 0.08588235294117647,
    "made": 0.08470588235294117,
    "appropriately": 0.08352941176470588,
    "decision": 0.08352941176470588,
    "seen inspectors": 0.08352941176470588,
    "use": 0.08235294117647059,
    "change": 0.08235294117647059,
    "process": 0.08235294117647059,
    "planning": 0.0811764705882353,
    "one": 0.08,
    "completed": 0.08,
    "sufficiently": 0.08,
    "timescale": 0.07882352941176471,
    "new": 0.07882352941176471,
    "lead": 0.07764705882352942,
    "required": 0.07764705882352942,
    "family": 0.07647058823529412,
    "panel": 0.07647058823529412,
    "access": 0.07647058823529412,
    "now": 0.07647058823529412,
    "time inspection": 0.07647058823529412,
    "often": 0.07529411764705882,
    "currently": 0.07529411764705882,
    "risk assessment": 0.07529411764705882,
    "working": 0.07411764705882352,
    "may": 0.07294117647058823,
    "missing education": 0.07294117647058823,
    "supported": 0.07176470588235294,
    "management oversight": 0.07176470588235294,
    "worker": 0.07058823529411765,
    "assessed": 0.07058823529411765,
    "decision making": 0.07058823529411765,
    "address": 0.06941176470588235,
    "partner agencies": 0.06941176470588235,
    "remain": 0.06823529411764706,
    "improve": 0.06823529411764706,
    "across": 0.06823529411764706,
    "challenge": 0.06705882352941177,
    "recognised": 0.06705882352941177,
    "year": 0.06705882352941177,
    "two": 0.06705882352941177,
    "resulted": 0.06705882352941177,
    "programme": 0.06705882352941177,
    "children subject": 0.06705882352941177,
    "subject child": 0.06705882352941177,
    "majority": 0.06588235294117648,
    "without": 0.06588235294117648,
    "health": 0.06470588235294118,
    "visit": 0.06470588235294118,
    "recording": 0.06470588235294118,
    "adoption": 0.06470588235294118,
    "adult": 0.06352941176470588,
    "provision": 0.06352941176470588,
    "strategy discussion": 0.06352941176470588,
    "core group": 0.06352941176470588,
    "early": 0.06235294117647059,
    "audit": 0.06235294117647059,
    "robust": 0.06235294117647059,
    "performance": 0.06235294117647059,
    "many children": 0.06235294117647059,
    "small number": 0.06235294117647059,
    "looked children": 0.06235294117647059,
    "safe": 0.0611764705882353,
    "management": 0.0611764705882353,
    "inadequate": 0.0611764705882353,
    "help service": 0.0611764705882353,
    "number children": 0.0611764705882353,
    "key": 0.06,
    "analysis": 0.06,
    "used": 0.06,
    "neglect": 0.06,
    "placement": 0.06,
    "action taken": 0.06,
    "long": 0.058823529411764705,
    "known": 0.058823529411764705,
    "enable": 0.058823529411764705,
    "fully": 0.058823529411764705,
    "significant": 0.05764705882352941,
    "inconsistent": 0.05764705882352941,
    "focus": 0.05764705882352941,
    "recorded": 0.05764705882352941,
    "available": 0.05764705882352941,
    "improved": 0.05764705882352941,
    "child need": 0.05764705882352941,
    "return home": 0.05764705882352941,
    "senior manager": 0.05764705882352941,
    "many case": 0.05764705882352941,
    "take": 0.05647058823529412,
    "strategy meeting": 0.05647058823529412
}