{
    "children": 1.0,
    "young people": 0.6274678111587982,
    "service": 0.46437768240343347,
    "local authority": 0.45665236051502145,
    "support": 0.3484978540772532,
    "looked children": 0.3381974248927039,
    "children looked": 0.3321888412017167,
    "children young": 0.3184549356223176,
    "social worker": 0.3090128755364807,
    "need": 0.30472103004291845,
    "However": 0.23948497854077253,
    "plan": 0.23776824034334765,
    "review": 0.2351931330472103,
    "Board": 0.2317596566523605,
    "work": 0.22746781115879827,
    "placement": 0.20515021459227467,
    "well": 0.2034334763948498,
    "assessment": 0.1888412017167382,
    "foster carer": 0.1871244635193133,
    "ensure": 0.18454935622317598,
    "care leaver": 0.18025751072961374,
    "case": 0.17167381974248927,
    "good": 0.15793991416309014,
    "progress": 0.15622317596566523,
    "effective": 0.15450643776824036,
    "practice": 0.15107296137339055,
    "improvement": 0.14163090128755365,
    "child": 0.13991416309012875,
    "staff": 0.13905579399141632,
    "arrangement": 0.1356223175965665,
    "quality": 0.13390557939914163,
    "carer": 0.13390557939914163,
    "care": 0.13304721030042918,
    "report": 0.13304721030042918,
    "team": 0.13218884120171673,
    "including": 0.13047210300429185,
    "appropriate": 0.12875536480686695,
    "Recommendation": 0.12532188841201716,
    "provide": 0.12360515021459227,
    "clear": 0.12103004291845494,
    "information": 0.12103004291845494,
    "identified": 0.12103004291845494,
    "year": 0.11931330472103004,
    "risk": 0.11587982832618025,
    "lack": 0.11587982832618025,
    "performance": 0.11072961373390558,
    "also": 0.10901287553648069,
    "example": 0.1072961373390558,
    "result": 0.1072961373390558,
    "school": 0.10643776824034334,
    "impact": 0.1055793991416309,
    "group": 0.1055793991416309,
    "place": 0.1055793991416309,
    "within": 0.1055793991416309,
    "sexual exploitation": 0.1055793991416309,
    "training": 0.10386266094420601,
    "recent": 0.10300429184549356,
    "although": 0.10300429184549356,
    "yet": 0.10214592274678111,
    "delay": 0.10042918454935622,
    "care plan": 0.09957081545064378,
    "area": 0.09871244635193133,
    "time": 0.09527896995708154,
    "always": 0.0944206008583691,
    "adoption": 0.0927038626609442,
    "issue": 0.09184549356223176,
    "challenge": 0.09012875536480687,
    "manager": 0.08927038626609442,
    "improve": 0.08841201716738198,
    "include": 0.08841201716738198,
    "development": 0.08755364806866953,
    "new": 0.08669527896995709,
    "currently": 0.08583690987124463,
    "action": 0.08583690987124463,
    "virtual school": 0.08583690987124463,
    "help": 0.08412017167381974,
    "live": 0.08326180257510729,
    "child sexual": 0.08326180257510729,
    "made": 0.08240343347639485,
    "meeting": 0.08240343347639485,
    "children care": 0.08240343347639485,
    "one": 0.0815450643776824,
    "mean": 0.0815450643776824,
    "IRO": 0.08068669527896996,
    "use": 0.07982832618025751,
    "access": 0.07896995708154507,
    "significant": 0.07639484978540773,
    "effectively": 0.07553648068669527,
    "now": 0.07467811158798283,
    "social work": 0.07467811158798283,
    "improved": 0.07381974248927038,
    "level": 0.07381974248927038,
    "timely": 0.07296137339055794,
    "data": 0.07296137339055794,
    "provision": 0.07296137339055794,
    "partner": 0.07296137339055794,
    "planning": 0.07124463519313305,
    "many": 0.0703862660944206,
    "receive": 0.0703862660944206,
    "process": 0.0703862660944206,
    "improving": 0.0703862660944206,
    "panel": 0.06866952789699571,
    "provided": 0.06866952789699571,
    "recently": 0.06781115879828326,
    "experience": 0.06695278969957082,
    "remain": 0.06695278969957082,
    "supported": 0.06695278969957082,
    "audit": 0.06695278969957082,
    "Key Stage": 0.06695278969957082,
    "families": 0.06437768240343347,
    "routinely": 0.06437768240343347,
    "poor": 0.06437768240343347,
    "individual": 0.06351931330472103,
    "understand": 0.06351931330472103,
    "multi agency": 0.06351931330472103,
    "contact": 0.06266094420600858,
    "concern": 0.06266094420600858,
    "range": 0.061802575107296136,
    "considered": 0.061802575107296136,
    "view": 0.061802575107296136,
    "across": 0.06094420600858369,
    "positive": 0.06094420600858369,
    "system": 0.06094420600858369,
    "decision": 0.060085836909871244,
    "meet": 0.060085836909871244,
    "attendance": 0.060085836909871244,
    "undertaken": 0.060085836909871244,
    "cases seen": 0.060085836909871244,
    "enough": 0.0592274678111588,
    "completed": 0.0592274678111588,
    "current": 0.0592274678111588,
    "week": 0.0592274678111588,
    "number children": 0.0592274678111588,
    "health assessment": 0.0592274678111588,
    "time inspection": 0.05836909871244635,
    "chair": 0.05751072961373391,
    "parent": 0.05751072961373391,
    "sufficiently": 0.05751072961373391,
    "two": 0.05665236051502146,
    "available": 0.05665236051502146,
    "senior manager": 0.05665236051502146,
    "number": 0.055793991416309016,
    "analysis": 0.055793991416309016,
    "robust": 0.055793991416309016,
    "appropriately": 0.055793991416309016,
    "small number": 0.055793991416309016,
    "permanence": 0.054935622317596564,
    "consistently": 0.054935622317596564,
    "evidence": 0.054935622317596564,
    "children families": 0.054935622317596564,
    "better": 0.05407725321888412,
    "inspector": 0.05407725321888412,
    "insufficient": 0.05321888412017167,
    "sufficient": 0.05321888412017167,
    "often": 0.05321888412017167,
    "learning": 0.05321888412017167,
    "record": 0.05236051502145923,
    "specific": 0.05236051502145923,
    "children placed": 0.05236051502145923,
    "take": 0.05150214592274678,
    "address": 0.05150214592274678,
    "people looked": 0.05150214592274678,
    "Safeguarding Children": 0.05150214592274678,
    "inspection": 0.050643776824034335,
    "family": 0.050643776824034335,
    "oversight": 0.050643776824034335,
    "make": 0.050643776824034335,
    "still": 0.050643776824034335,
    "low": 0.04978540772532189,
    "response": 0.04978540772532189,
    "focus": 0.04978540772532189,
    "change": 0.04978540772532189,
    "benefit": 0.04978540772532189,
    "overall": 0.04978540772532189,
    "timescale": 0.048927038626609444,
    "seen": 0.048927038626609444,
    "council": 0.048927038626609444,
    "required": 0.048927038626609444,
    "long term": 0.048927038626609444,
    "date": 0.048068669527897,
    "monitor": 0.048068669527897,
    "rate": 0.048068669527897,
    "due": 0.048068669527897,
    "experienced": 0.048068669527897,
    "seen inspectors": 0.048068669527897,
    "identify": 0.04721030042918455,
    "agencies": 0.04721030042918455,
    "led": 0.0463519313304721,
    "court": 0.0463519313304721,
    "home": 0.0463519313304721,
    "LSCB": 0.0463519313304721,
    "Children Board": 0.0463519313304721,
    "month": 0.045493562231759654,
    "adopter": 0.045493562231759654,
    "Inspectors saw": 0.045493562231759654,
    "early": 0.04463519313304721,
    "worker": 0.04463519313304721,
    "target": 0.04463519313304721,
    "day": 0.04463519313304721,
    "mental health": 0.04463519313304721
}