{
    "Board": 1.0,
    "LSCB": 0.4024122807017544,
    "work": 0.3048245614035088,
    "ensure": 0.2850877192982456,
    "young people": 0.24671052631578946,
    "multi agency": 0.23355263157894737,
    "sexual exploitation": 0.22807017543859648,
    "service": 0.20723684210526316,
    "training": 0.20723684210526316,
    "practice": 0.1962719298245614,
    "child sexual": 0.18969298245614036,
    "partner": 0.1787280701754386,
    "review": 0.16447368421052633,
    "sub group": 0.16447368421052633,
    "children young": 0.16228070175438597,
    "local authority": 0.1611842105263158,
    "challenge": 0.15350877192982457,
    "learning": 0.1513157894736842,
    "group": 0.14583333333333334,
    "chair": 0.13815789473684212,
    "including": 0.13815789473684212,
    "example": 0.13596491228070176,
    "children": 0.13157894736842105,
    "area": 0.13157894736842105,
    "identified": 0.13157894736842105,
    "case review": 0.13157894736842105,
    "audit": 0.12609649122807018,
    "early help": 0.125,
    "However": 0.12280701754385964,
    "agencies": 0.1206140350877193,
    "report": 0.1206140350877193,
    "impact": 0.11951754385964912,
    "priorities": 0.11842105263157894,
    "Recommendation": 0.11842105263157894,
    "effectively": 0.11293859649122807,
    "issue": 0.11074561403508772,
    "well": 0.10964912280701754,
    "development": 0.10855263157894737,
    "serious case": 0.10635964912280702,
    "staff": 0.10307017543859649,
    "partner agencies": 0.10087719298245613,
    "need": 0.09758771929824561,
    "include": 0.09758771929824561,
    "support": 0.09649122807017543,
    "annual report": 0.09539473684210527,
    "safeguarding": 0.09429824561403509,
    "improvement": 0.09429824561403509,
    "action": 0.09210526315789473,
    "key": 0.08991228070175439,
    "partnership": 0.08991228070175439,
    "yet": 0.08771929824561403,
    "progress": 0.08771929824561403,
    "number": 0.08662280701754387,
    "although": 0.08442982456140351,
    "appropriate": 0.08223684210526316,
    "recent": 0.08223684210526316,
    "effective": 0.08114035087719298,
    "significant": 0.08114035087719298,
    "also": 0.0800438596491228,
    "now": 0.07894736842105263,
    "data": 0.07785087719298246,
    "across": 0.07785087719298246,
    "performance": 0.0756578947368421,
    "analysis": 0.07456140350877193,
    "clear": 0.07456140350877193,
    "information": 0.07456140350877193,
    "within": 0.07456140350877193,
    "recently": 0.07346491228070176,
    "quality": 0.07236842105263158,
    "year": 0.07236842105263158,
    "appropriately": 0.0712719298245614,
    "arrangement": 0.0712719298245614,
    "concern": 0.07017543859649122,
    "result": 0.07017543859649122,
    "lack": 0.07017543859649122,
    "Safeguarding Children": 0.07017543859649122,
    "social care": 0.07017543859649122,
    "action plan": 0.07017543859649122,
    "response": 0.06907894736842106,
    "SCR": 0.06907894736842106,
    "change": 0.06798245614035088,
    "new": 0.06578947368421052,
    "plan": 0.06578947368421052,
    "provide": 0.06578947368421052,
    "activity": 0.06469298245614036,
    "understanding": 0.06469298245614036,
    "child death": 0.06469298245614036,
    "sufficient": 0.06359649122807018,
    "led": 0.0625,
    "agreed": 0.0625,
    "sufficiently": 0.06140350877192982,
    "strategic": 0.06140350877192982,
    "improve": 0.06140350877192982,
    "threshold": 0.06030701754385965,
    "undertaken": 0.06030701754385965,
    "childrens service": 0.06030701754385965,
    "oversight": 0.05921052631578947,
    "child protection": 0.05921052631578947,
    "member": 0.0581140350877193,
    "focus": 0.0581140350877193,
    "current": 0.05701754385964912,
    "inspection": 0.05701754385964912,
    "children families": 0.05701754385964912,
    "scrutiny": 0.05592105263157895,
    "made": 0.05592105263157895,
    "provided": 0.05592105263157895,
    "effectiveness": 0.05482456140350877,
    "evidence": 0.0537280701754386,
    "process": 0.0537280701754386,
    "level": 0.0537280701754386,
    "school": 0.0537280701754386,
    "across partnership": 0.0537280701754386,
    "approach": 0.05263157894736842,
    "range": 0.051535087719298246,
    "police": 0.051535087719298246,
    "relation": 0.051535087719298246,
    "Local Safeguarding": 0.051535087719298246,
    "Board member": 0.051535087719298246,
    "health": 0.05043859649122807,
    "subgroup": 0.05043859649122807,
    "quality assurance": 0.05043859649122807,
    "monitoring": 0.049342105263157895,
    "strategy": 0.049342105263157895,
    "one": 0.049342105263157895,
    "poor": 0.049342105263157895,
    "domestic abuse": 0.049342105263157895,
    "place": 0.04824561403508772,
    "evaluation": 0.04824561403508772,
    "programme": 0.04824561403508772,
    "agency training": 0.04824561403508772,
    "safeguarding practice": 0.04824561403508772,
    "take": 0.047149122807017545,
    "completed": 0.047149122807017545,
    "professional": 0.047149122807017545,
    "WSCB": 0.047149122807017545,
    "independent chair": 0.047149122807017545,
    "findings": 0.046052631578947366,
    "ensuring": 0.046052631578947366,
    "use": 0.046052631578947366,
    "robust": 0.046052631578947366,
    "improved": 0.046052631578947366,
    "developed": 0.046052631578947366,
    "looked children": 0.046052631578947366,
    "outcomes children": 0.046052631578947366,
    "established": 0.044956140350877194,
    "event": 0.044956140350877194,
    "meeting": 0.044956140350877194,
    "childrens social": 0.044956140350877194,
    "agency audit": 0.044956140350877194,
    "meet": 0.043859649122807015,
    "fully": 0.043859649122807015,
    "processes": 0.043859649122807015,
    "business plan": 0.043859649122807015,
    "children looked": 0.043859649122807015,
    "comprehensive": 0.04276315789473684,
    "published": 0.04276315789473684,
    "inform": 0.04276315789473684,
    "assessment": 0.04276315789473684,
    "two": 0.04276315789473684,
    "engagement": 0.041666666666666664,
    "able": 0.041666666666666664,
    "business": 0.04057017543859649,
    "set": 0.04057017543859649,
    "manager": 0.04057017543859649,
    "considered": 0.04057017543859649,
    "national": 0.04057017543859649,
    "link": 0.04057017543859649,
    "procedure": 0.04057017543859649,
    "care children": 0.04057017543859649,
    "identify": 0.039473684210526314,
    "limited": 0.039473684210526314,
    "will": 0.039473684210526314,
    "shared": 0.039473684210526314,
    "TSCB": 0.039473684210526314,
    "work Board": 0.039473684210526314,
    "learning improvement": 0.039473684210526314,
    "section audit": 0.039473684210526314,
    "section": 0.03837719298245614,
    "positive": 0.03837719298245614,
    "attendance": 0.03837719298245614,
    "structure": 0.03837719298245614,
    "role": 0.03837719298245614,
    "framework": 0.03728070175438596,
    "reviewed": 0.03728070175438596,
    "currently": 0.03728070175438596,
    "capacity": 0.03728070175438596,
    "implemented": 0.03728070175438596,
    "timely": 0.03728070175438596,
    "following": 0.03618421052631579,
    "mean": 0.03618421052631579,
    "remain": 0.03618421052631579,
    "resulted": 0.03618421052631579,
    "Despite": 0.03618421052631579,
    "effectiveness local": 0.03618421052631579,
    "better": 0.03508771929824561,
    "planning": 0.03508771929824561,
    "supported": 0.03508771929824561,
    "relevant": 0.03508771929824561,
    "individual": 0.03508771929824561,
    "delay": 0.03508771929824561
}