{
    "service": 1.0,
    "local authority": 0.8789237668161435,
    "young people": 0.6973094170403588,
    "children": 0.6704035874439462,
    "board": 0.6345291479820628,
    "work": 0.5358744394618834,
    "children young": 0.45067264573991034,
    "improvement": 0.4439461883408072,
    "social worker": 0.4304932735426009,
    "staff": 0.4147982062780269,
    "However": 0.4103139013452915,
    "practice": 0.39461883408071746,
    "effective": 0.35874439461883406,
    "example": 0.35650224215246634,
    "need": 0.33856502242152464,
    "childrens service": 0.31390134529147984,
    "plan": 0.2982062780269058,
    "manager": 0.29596412556053814,
    "training": 0.2937219730941704,
    "team": 0.27802690582959644,
    "ensure": 0.2757847533632287,
    "including": 0.26681614349775784,
    "audit": 0.26681614349775784,
    "impact": 0.2645739910313901,
    "performance": 0.2623318385650224,
    "social work": 0.2556053811659193,
    "sexual exploitation": 0.25112107623318386,
    "clear": 0.242152466367713,
    "case": 0.2399103139013453,
    "yet": 0.23766816143497757,
    "area": 0.23766816143497757,
    "looked children": 0.23766816143497757,
    "support": 0.23542600896860988,
    "review": 0.23542600896860988,
    "good": 0.23094170403587444,
    "lack": 0.23094170403587444,
    "quality": 0.22869955156950672,
    "Recommendation": 0.22869955156950672,
    "challenge": 0.2219730941704036,
    "development": 0.2219730941704036,
    "issue": 0.21748878923766815,
    "identified": 0.21748878923766815,
    "arrangement": 0.21524663677130046,
    "partner": 0.21524663677130046,
    "new": 0.21300448430493274,
    "significant": 0.21076233183856502,
    "action": 0.2062780269058296,
    "council": 0.2040358744394619,
    "trust": 0.2040358744394619,
    "senior manager": 0.2040358744394619,
    "assessment": 0.20179372197309417,
    "provide": 0.19955156950672645,
    "social care": 0.19506726457399104,
    "child sexual": 0.19282511210762332,
    "within": 0.1905829596412556,
    "number": 0.1905829596412556,
    "early help": 0.18385650224215247,
    "place": 0.18161434977578475,
    "learning": 0.17713004484304934,
    "Although": 0.17488789237668162,
    "group": 0.17488789237668162,
    "multi agency": 0.17040358744394618,
    "meeting": 0.1681614349775785,
    "result": 0.16591928251121077,
    "level": 0.16591928251121077,
    "children families": 0.16591928251121077,
    "data": 0.16367713004484305,
    "inspector": 0.16367713004484305,
    "progress": 0.16143497757847533,
    "effectively": 0.1591928251121076,
    "risk": 0.1591928251121076,
    "childrens social": 0.1591928251121076,
    "child protection": 0.1591928251121076,
    "information": 0.15695067264573992,
    "response": 0.1547085201793722,
    "supervision": 0.1547085201793722,
    "report": 0.1547085201793722,
    "include": 0.1547085201793722,
    "LSCB": 0.15246636771300448,
    "led": 0.15246636771300448,
    "key": 0.15022421524663676,
    "recent": 0.15022421524663676,
    "well": 0.14573991031390135,
    "evidence": 0.14349775784753363,
    "partnership": 0.14349775784753363,
    "strategy": 0.13901345291479822,
    "change": 0.13901345291479822,
    "management oversight": 0.13901345291479822,
    "care leaver": 0.1367713004484305,
    "many": 0.13452914798206278,
    "now": 0.13452914798206278,
    "lead member": 0.13452914798206278,
    "understanding": 0.13228699551569506,
    "poor": 0.13228699551569506,
    "also": 0.13228699551569506,
    "recently": 0.13228699551569506,
    "improving": 0.13228699551569506,
    "focus": 0.13228699551569506,
    "DCS": 0.13228699551569506,
    "across": 0.13228699551569506,
    "mean": 0.13228699551569506,
    "planning": 0.13004484304932734,
    "Chief Executive": 0.13004484304932734,
    "Safeguarding Children": 0.13004484304932734,
    "appropriate": 0.12780269058295965,
    "role": 0.12780269058295965,
    "improved": 0.12780269058295965,
    "children looked": 0.12780269058295965,
    "range": 0.12556053811659193,
    "high": 0.12331838565022421,
    "remain": 0.12331838565022421,
    "understand": 0.12331838565022421,
    "concern": 0.12331838565022421,
    "chair": 0.1210762331838565,
    "sufficient": 0.1210762331838565,
    "agencies": 0.1210762331838565,
    "elected members": 0.1210762331838565,
    "inspection": 0.11883408071748879,
    "capacity": 0.11883408071748879,
    "year": 0.11883408071748879,
    "priorities": 0.11659192825112108,
    "current": 0.11434977578475336,
    "one": 0.11434977578475336,
    "made": 0.11434977578475336,
    "time": 0.11434977578475336,
    "robust": 0.11434977578475336,
    "senior leaders": 0.11434977578475336,
    "strong": 0.11210762331838565,
    "analysis": 0.11210762331838565,
    "improve": 0.11210762331838565,
    "corporate parenting": 0.11210762331838565,
    "established": 0.10986547085201794,
    "commissioning": 0.10986547085201794,
    "system": 0.10986547085201794,
    "Children Board": 0.10986547085201794,
    "gov uk": 0.10986547085201794,
    "positive": 0.10762331838565023,
    "use": 0.10762331838565023,
    "limited": 0.10762331838565023,
    "strategic": 0.10538116591928251,
    "demonstrate": 0.1031390134529148,
    "outcomes children": 0.1031390134529148,
    "address": 0.10089686098654709,
    "provided": 0.10089686098654709,
    "required": 0.10089686098654709,
    "focused": 0.09865470852017937,
    "member": 0.09865470852017937,
    "two": 0.09865470852017937,
    "approach": 0.09865470852017937,
    "consistently": 0.09641255605381166,
    "scrutiny": 0.09641255605381166,
    "management": 0.09192825112107623,
    "inform": 0.09192825112107623,
    "programme": 0.09192825112107623,
    "relation": 0.09192825112107623,
    "Local Safeguarding": 0.09192825112107623,
    "effectiveness": 0.08968609865470852,
    "local": 0.08968609865470852,
    "workforce": 0.08968609865470852,
    "Despite": 0.08968609865470852,
    "framework": 0.08968609865470852,
    "resulted": 0.08968609865470852,
    "caseload": 0.08744394618834081,
    "undertaken": 0.08744394618834081,
    "placement": 0.08744394618834081,
    "receive": 0.08744394618834081,
    "meet": 0.08744394618834081,
    "quality assurance": 0.08744394618834081,
    "children care": 0.08744394618834081,
    "performance management": 0.08744394618834081,
    "enough": 0.08520179372197309,
    "take": 0.08520179372197309,
    "appropriately": 0.08520179372197309,
    "delay": 0.08295964125560538,
    "activity": 0.08295964125560538,
    "decision": 0.08295964125560538,
    "model": 0.08295964125560538,
    "ofsted gov": 0.08295964125560538,
    "oversight": 0.08071748878923767,
    "delivery": 0.08071748878923767,
    "inadequate": 0.08071748878923767,
    "individual": 0.08071748878923767,
    "experience": 0.08071748878923767,
    "due": 0.08071748878923767,
    "responsibilities": 0.08071748878923767,
    "insufficient": 0.08071748878923767,
    "leader": 0.08071748878923767,
    "Health Wellbeing": 0.08071748878923767,
    "still": 0.07847533632286996,
    "working": 0.07847533632286996,
    "better": 0.07847533632286996,
    "identify": 0.07847533632286996,
    "timely": 0.07847533632286996,
    "health": 0.07847533632286996,
    "sufficiently": 0.07847533632286996,
    "safeguarding": 0.07847533632286996,
    "performance information": 0.07847533632286996,
    "sub group": 0.07847533632286996,
    "taken": 0.07623318385650224,
    "commissioned": 0.07623318385650224
}