{
    "board": 1.0,
    "children": 0.8324324324324325,
    "service": 0.7351351351351352,
    "young people": 0.5837837837837838,
    "LSCB": 0.518918918918919,
    "local authority": 0.5081081081081081,
    "practice": 0.4864864864864865,
    "work": 0.4648648648648649,
    "ensure": 0.3945945945945946,
    "However": 0.3945945945945946,
    "children young": 0.3783783783783784,
    "effective": 0.3567567567567568,
    "improvement": 0.34594594594594597,
    "need": 0.34054054054054056,
    "review": 0.34054054054054056,
    "quality": 0.3081081081081081,
    "training": 0.2972972972972973,
    "staff": 0.2864864864864865,
    "multi agency": 0.2864864864864865,
    "including": 0.2810810810810811,
    "partner": 0.2648648648648649,
    "risk": 0.2648648648648649,
    "impact": 0.25405405405405407,
    "Recommendation": 0.23783783783783785,
    "yet": 0.23783783783783785,
    "manager": 0.22702702702702704,
    "challenge": 0.21621621621621623,
    "sexual exploitation": 0.21621621621621623,
    "identified": 0.21081081081081082,
    "performance": 0.21081081081081082,
    "arrangements": 0.21081081081081082,
    "development": 0.21081081081081082,
    "number": 0.21081081081081082,
    "issue": 0.20540540540540542,
    "example": 0.2,
    "chair": 0.2,
    "Safeguarding Children": 0.2,
    "poor": 0.1945945945945946,
    "area": 0.1945945945945946,
    "audit": 0.1945945945945946,
    "social care": 0.1945945945945946,
    "gov uk": 0.1945945945945946,
    "good": 0.1837837837837838,
    "assessment": 0.1837837837837838,
    "report": 0.1837837837837838,
    "key": 0.1837837837837838,
    "care": 0.1783783783783784,
    "group": 0.1783783783783784,
    "member": 0.1783783783783784,
    "action": 0.1783783783783784,
    "Children Board": 0.17297297297297298,
    "provide": 0.16756756756756758,
    "strategy": 0.16756756756756758,
    "include": 0.16756756756756758,
    "child sexual": 0.16756756756756758,
    "childrens service": 0.16756756756756758,
    "agencies": 0.16216216216216217,
    "well": 0.16216216216216217,
    "plan": 0.16216216216216217,
    "learning": 0.16216216216216217,
    "safeguarding": 0.15675675675675677,
    "across": 0.15675675675675677,
    "team": 0.15675675675675677,
    "information": 0.15675675675675677,
    "support": 0.15675675675675677,
    "significant": 0.15675675675675677,
    "partnership": 0.15135135135135136,
    "data": 0.15135135135135136,
    "KSCB": 0.15135135135135136,
    "social work": 0.15135135135135136,
    "ofsted gov": 0.15135135135135136,
    "understanding": 0.14594594594594595,
    "change": 0.14594594594594595,
    "result": 0.14594594594594595,
    "sub group": 0.14594594594594595,
    "effectiveness": 0.14054054054054055,
    "recent": 0.14054054054054055,
    "case review": 0.14054054054054055,
    "social worker": 0.14054054054054055,
    "place": 0.13513513513513514,
    "progress": 0.13513513513513514,
    "activity": 0.13513513513513514,
    "childrens social": 0.13513513513513514,
    "serious case": 0.13513513513513514,
    "many": 0.12972972972972974,
    "clear": 0.12972972972972974,
    "understand": 0.12972972972972974,
    "health": 0.12432432432432433,
    "also": 0.12432432432432433,
    "concern": 0.12432432432432433,
    "now": 0.12432432432432433,
    "panel": 0.12432432432432433,
    "early help": 0.12432432432432433,
    "Local Safeguarding": 0.12432432432432433,
    "Bromley": 0.11891891891891893,
    "analysis": 0.11891891891891893,
    "focus": 0.11891891891891893,
    "inspection": 0.11351351351351352,
    "lack": 0.11351351351351352,
    "within": 0.11351351351351352,
    "established": 0.11351351351351352,
    "effectively": 0.11351351351351352,
    "new": 0.11351351351351352,
    "experience": 0.11351351351351352,
    "action plan": 0.11351351351351352,
    "council": 0.10810810810810811,
    "responsibilities": 0.10810810810810811,
    "response": 0.10810810810810811,
    "evidence": 0.10810810810810811,
    "working": 0.10810810810810811,
    "planning": 0.10810810810810811,
    "comprehensive": 0.10810810810810811,
    "SCR": 0.10810810810810811,
    "children looked": 0.10810810810810811,
    "care leavers": 0.10810810810810811,
    "child protection": 0.10810810810810811,
    "children families": 0.10810810810810811,
    "looked children": 0.10810810810810811,
    "supervision": 0.10270270270270271,
    "meeting": 0.10270270270270271,
    "range": 0.10270270270270271,
    "relation": 0.10270270270270271,
    "BSCB": 0.10270270270270271,
    "led": 0.0972972972972973,
    "scrutiny": 0.0972972972972973,
    "priorities": 0.0972972972972973,
    "sufficiently": 0.0972972972972973,
    "monitoring": 0.0972972972972973,
    "role": 0.0972972972972973,
    "outcomes children": 0.0972972972972973,
    "across partnership": 0.0972972972972973,
    "enquiries ofsted": 0.0972972972972973,
    "capacity": 0.0918918918918919,
    "strategic": 0.0918918918918919,
    "missing": 0.0918918918918919,
    "sufficient": 0.0918918918918919,
    "robust": 0.0918918918918919,
    "system": 0.0918918918918919,
    "commissioning": 0.0918918918918919,
    "programme": 0.0918918918918919,
    "fully": 0.0918918918918919,
    "two": 0.0918918918918919,
    "recently": 0.0918918918918919,
    "post": 0.0918918918918919,
    "positive": 0.0918918918918919,
    "remain": 0.0918918918918919,
    "Inadequate Inadequate": 0.0918918918918919,
    "priority": 0.08648648648648649,
    "improve": 0.08648648648648649,
    "routinely": 0.08648648648648649,
    "processes": 0.08648648648648649,
    "time": 0.08648648648648649,
    "monitor": 0.08648648648648649,
    "level": 0.08648648648648649,
    "police": 0.08648648648648649,
    "evaluation": 0.08648648648648649,
    "adult": 0.08648648648648649,
    "provided": 0.08648648648648649,
    "use": 0.08648648648648649,
    "month": 0.08648648648648649,
    "chief executive": 0.08648648648648649,
    "vulnerable children": 0.08648648648648649,
    "quality assurance": 0.08648648648648649,
    "domestic abuse": 0.08648648648648649,
    "improving": 0.08108108108108109,
    "limited": 0.08108108108108109,
    "schools": 0.08108108108108109,
    "undertaken": 0.08108108108108109,
    "annual report": 0.08108108108108109,
    "local": 0.07567567567567568,
    "current": 0.07567567567567568,
    "referral": 0.07567567567567568,
    "workforce": 0.07567567567567568,
    "director": 0.07567567567567568,
    "meet": 0.07567567567567568,
    "required": 0.07567567567567568,
    "focused": 0.07567567567567568,
    "currently": 0.07567567567567568,
    "published": 0.07567567567567568,
    "child death": 0.07567567567567568,
    "senior": 0.07027027027027027,
    "oversight": 0.07027027027027027,
    "demonstrate": 0.07027027027027027,
    "made": 0.07027027027027027,
    "professional": 0.07027027027027027,
    "increase": 0.07027027027027027,
    "one": 0.07027027027027027,
    "able": 0.07027027027027027,
    "threshold": 0.07027027027027027,
    "year": 0.07027027027027027,
    "partner agencies": 0.07027027027027027,
    "senior managers": 0.07027027027027027,
    "resulted": 0.06486486486486487,
    "take": 0.06486486486486487,
    "implementation": 0.06486486486486487,
    "findings": 0.06486486486486487,
    "address": 0.06486486486486487,
    "insufficient": 0.06486486486486487,
    "statutory": 0.06486486486486487,
    "ensuring": 0.06486486486486487
}