{
    "children": 1.0,
    "young people": 0.6120358514724712,
    "local authority": 0.5941101152368758,
    "service": 0.5416133162612036,
    "Board": 0.4814340588988476,
    "adoption": 0.38156209987195905,
    "support": 0.33034571062740076,
    "need": 0.3290653008962868,
    "care leaver": 0.3265044814340589,
    "adopter": 0.3047375160051216,
    "work": 0.29833546734955185,
    "ensure": 0.28297055057618437,
    "children young": 0.28040973111395645,
    "plan": 0.27784891165172854,
    "However": 0.2714468629961588,
    "social worker": 0.2573623559539053,
    "effective": 0.23431498079385404,
    "good": 0.23175416133162613,
    "looked children": 0.21895006402048656,
    "performance": 0.21510883482714468,
    "including": 0.21510883482714468,
    "assessment": 0.21382842509603073,
    "child": 0.2023047375160051,
    "improvement": 0.20102432778489115,
    "practice": 0.19206145966709348,
    "review": 0.18693982074263765,
    "staff": 0.1856594110115237,
    "well": 0.18181818181818182,
    "example": 0.18181818181818182,
    "identified": 0.18181818181818182,
    "arrangement": 0.17285531370038412,
    "placement": 0.16517285531370038,
    "delay": 0.16389244558258642,
    "report": 0.16389244558258642,
    "provide": 0.16005121638924455,
    "information": 0.16005121638924455,
    "case": 0.15620998719590268,
    "yet": 0.15492957746478872,
    "appropriate": 0.14596670934699105,
    "partner": 0.14596670934699105,
    "group": 0.14212548015364918,
    "development": 0.14212548015364918,
    "progress": 0.14084507042253522,
    "training": 0.14084507042253522,
    "clear": 0.14084507042253522,
    "panel": 0.13956466069142126,
    "recent": 0.1382842509603073,
    "quality": 0.1382842509603073,
    "year": 0.13700384122919335,
    "team": 0.13700384122919335,
    "manager": 0.13700384122919335,
    "impact": 0.1357234314980794,
    "Recommendation": 0.1357234314980794,
    "area": 0.13188220230473752,
    "result": 0.13188220230473752,
    "challenge": 0.13188220230473752,
    "data": 0.13060179257362356,
    "mean": 0.13060179257362356,
    "currently": 0.12804097311139565,
    "issue": 0.12419974391805377,
    "time": 0.12291933418693982,
    "place": 0.12163892445582586,
    "lack": 0.1203585147247119,
    "within": 0.1203585147247119,
    "care": 0.11907810499359796,
    "two": 0.11907810499359796,
    "now": 0.11907810499359796,
    "include": 0.11907810499359796,
    "sexual exploitation": 0.11907810499359796,
    "one": 0.117797695262484,
    "multi agency": 0.11651728553137004,
    "made": 0.11523687580025609,
    "also": 0.11395646606914213,
    "although": 0.11139564660691421,
    "access": 0.10755441741357234,
    "process": 0.10627400768245839,
    "significant": 0.10627400768245839,
    "adoption support": 0.10627400768245839,
    "children looked": 0.10627400768245839,
    "new": 0.10499359795134443,
    "effectively": 0.10499359795134443,
    "LSCB": 0.10499359795134443,
    "range": 0.10115236875800256,
    "audit": 0.10115236875800256,
    "experience": 0.10115236875800256,
    "day": 0.10115236875800256,
    "considered": 0.0998719590268886,
    "risk": 0.0998719590268886,
    "Safeguarding Children": 0.0998719590268886,
    "agencies": 0.09859154929577464,
    "social work": 0.09859154929577464,
    "number": 0.0973111395646607,
    "child sexual": 0.0973111395646607,
    "available": 0.09603072983354674,
    "foster carer": 0.09475032010243278,
    "chair": 0.09218950064020487,
    "change": 0.09218950064020487,
    "meeting": 0.09218950064020487,
    "prospective adopter": 0.09218950064020487,
    "Children Board": 0.09218950064020487,
    "analysis": 0.08962868117797695,
    "childrens service": 0.08962868117797695,
    "understand": 0.088348271446863,
    "receive": 0.08706786171574904,
    "many": 0.08706786171574904,
    "across": 0.08578745198463508,
    "improving": 0.08578745198463508,
    "provided": 0.08450704225352113,
    "always": 0.08450704225352113,
    "adoption panel": 0.08450704225352113,
    "families": 0.08322663252240717,
    "timely": 0.08322663252240717,
    "current": 0.08322663252240717,
    "appropriately": 0.08322663252240717,
    "meet": 0.08194622279129321,
    "matching": 0.08066581306017925,
    "individual": 0.08066581306017925,
    "key": 0.08066581306017925,
    "led": 0.08066581306017925,
    "robust": 0.08066581306017925,
    "provision": 0.08066581306017925,
    "positive": 0.0793854033290653,
    "system": 0.0793854033290653,
    "level": 0.07810499359795134,
    "take": 0.07810499359795134,
    "early help": 0.07810499359795134,
    "social care": 0.07682458386683738,
    "recruitment": 0.07554417413572344,
    "children families": 0.07554417413572344,
    "three": 0.07426376440460948,
    "experienced": 0.07426376440460948,
    "address": 0.07426376440460948,
    "action": 0.07298335467349552,
    "improved": 0.07298335467349552,
    "remain": 0.07298335467349552,
    "children placed": 0.07298335467349552,
    "learning": 0.07170294494238157,
    "understanding": 0.07170294494238157,
    "carer": 0.07170294494238157,
    "Local Safeguarding": 0.07170294494238157,
    "use": 0.07042253521126761,
    "health": 0.07042253521126761,
    "required": 0.07042253521126761,
    "worker": 0.07042253521126761,
    "improve": 0.07042253521126761,
    "partnership": 0.06914212548015365,
    "month": 0.06914212548015365,
    "undertaken": 0.06914212548015365,
    "planning": 0.06914212548015365,
    "gov uk": 0.06914212548015365,
    "better": 0.0678617157490397,
    "response": 0.0678617157490397,
    "make": 0.06658130601792574,
    "parent": 0.06658130601792574,
    "adopted": 0.06530089628681178,
    "identify": 0.06530089628681178,
    "recently": 0.06530089628681178,
    "evidence": 0.06530089628681178,
    "concern": 0.06530089628681178,
    "completed": 0.06402048655569782,
    "supported": 0.06402048655569782,
    "fully": 0.06402048655569782,
    "early": 0.06274007682458387,
    "timescale": 0.06274007682458387,
    "focus": 0.06274007682458387,
    "priorities": 0.06274007682458387,
    "placed adoption": 0.06274007682458387,
    "timeliness": 0.06145966709346991,
    "school": 0.06145966709346991,
    "adoptive family": 0.06145966709346991,
    "life story": 0.06145966709346991,
    "role": 0.06017925736235595,
    "England average": 0.06017925736235595,
    "time inspection": 0.06017925736235595,
    "oversight": 0.058898847631242,
    "since": 0.058898847631242,
    "ensuring": 0.058898847631242,
    "capacity": 0.058898847631242,
    "activity": 0.058898847631242,
    "comprehensive": 0.058898847631242,
    "inspector": 0.058898847631242,
    "ofsted gov": 0.058898847631242,
    "independent": 0.05761843790012804,
    "decision": 0.05761843790012804,
    "used": 0.05761843790012804,
    "benefit": 0.05761843790012804,
    "childrens social": 0.05761843790012804,
    "reported": 0.056338028169014086,
    "set": 0.056338028169014086,
    "poor": 0.056338028169014086,
    "member": 0.056338028169014086,
    "programme": 0.056338028169014086,
    "number children": 0.056338028169014086,
    "family": 0.05505761843790013,
    "working": 0.05505761843790013,
    "strategy": 0.05505761843790013,
    "still": 0.05505761843790013,
    "looked": 0.05505761843790013,
    "adoptive families": 0.05505761843790013,
    "detailed": 0.05377720870678617
}