{
    "care leaver": 1.0,
    "young people": 0.7204419889502762,
    "children": 0.5767955801104973,
    "local authority": 0.38453038674033146,
    "service": 0.3679558011049724,
    "support": 0.31712707182320443,
    "need": 0.24972375690607734,
    "plan": 0.24419889502762432,
    "However": 0.19558011049723756,
    "work": 0.17679558011049723,
    "well": 0.17679558011049723,
    "social worker": 0.15359116022099448,
    "placement": 0.15248618784530388,
    "team": 0.14917127071823205,
    "looked children": 0.14585635359116023,
    "good": 0.14033149171270717,
    "ensure": 0.13922651933701657,
    "case": 0.13701657458563535,
    "adoption": 0.13701657458563535,
    "review": 0.13591160220994475,
    "information": 0.1281767955801105,
    "help": 0.11933701657458563,
    "year": 0.112707182320442,
    "accommodation": 0.11160220994475138,
    "quality": 0.11049723756906077,
    "board": 0.11049723756906077,
    "report": 0.10939226519337017,
    "provide": 0.10718232044198896,
    "assessment": 0.10386740331491713,
    "effective": 0.10165745856353592,
    "improvement": 0.09944751381215469,
    "risk": 0.09944751381215469,
    "personal adviser": 0.09944751381215469,
    "child": 0.09723756906077348,
    "care": 0.09281767955801105,
    "one": 0.09281767955801105,
    "appropriate": 0.09281767955801105,
    "access": 0.09281767955801105,
    "place": 0.09281767955801105,
    "arrangement": 0.09281767955801105,
    "staff": 0.09060773480662983,
    "including": 0.09060773480662983,
    "performance": 0.08950276243093923,
    "progress": 0.08839779005524862,
    "practice": 0.08729281767955802,
    "children young": 0.08729281767955802,
    "currently": 0.0861878453038674,
    "pathway plan": 0.0861878453038674,
    "foster carer": 0.08508287292817679,
    "Recommendation": 0.08397790055248619,
    "children looked": 0.08397790055248619,
    "example": 0.08176795580110498,
    "manager": 0.08176795580110498,
    "adopter": 0.08066298342541436,
    "young person": 0.07845303867403315,
    "contact": 0.07734806629834254,
    "receive": 0.07734806629834254,
    "identified": 0.07734806629834254,
    "also": 0.07513812154696133,
    "although": 0.07513812154696133,
    "available": 0.07403314917127071,
    "time": 0.07403314917127071,
    "now": 0.0707182320441989,
    "panel": 0.06961325966850829,
    "leaving care": 0.06850828729281767,
    "within": 0.06740331491712707,
    "lack": 0.06740331491712707,
    "provided": 0.06629834254143646,
    "yet": 0.06629834254143646,
    "two": 0.06519337016574586,
    "group": 0.06519337016574586,
    "recent": 0.06408839779005525,
    "range": 0.06298342541436464,
    "planning": 0.06298342541436464,
    "use": 0.061878453038674036,
    "data": 0.061878453038674036,
    "know": 0.061878453038674036,
    "inspector": 0.061878453038674036,
    "employment training": 0.061878453038674036,
    "new": 0.06077348066298342,
    "clear": 0.06077348066298342,
    "number": 0.06077348066298342,
    "area": 0.06077348066298342,
    "result": 0.06077348066298342,
    "always": 0.06077348066298342,
    "mean": 0.06077348066298342,
    "day": 0.06077348066298342,
    "provision": 0.05966850828729282,
    "training": 0.05966850828729282,
    "issue": 0.05966850828729282,
    "made": 0.05856353591160221,
    "inspection": 0.05856353591160221,
    "include": 0.057458563535911604,
    "sufficiently": 0.057458563535911604,
    "positive": 0.056353591160221,
    "worker": 0.056353591160221,
    "level": 0.056353591160221,
    "recently": 0.056353591160221,
    "education employment": 0.056353591160221,
    "benefit": 0.055248618784530384,
    "impact": 0.055248618784530384,
    "process": 0.055248618784530384,
    "enough": 0.05414364640883978,
    "make": 0.05414364640883978,
    "many": 0.05414364640883978,
    "development": 0.05303867403314917,
    "supported": 0.051933701657458566,
    "meet": 0.051933701657458566,
    "change": 0.051933701657458566,
    "apprenticeship": 0.05082872928176796,
    "time inspection": 0.05082872928176796,
    "local": 0.049723756906077346,
    "authority": 0.049723756906077346,
    "parent": 0.049723756906077346,
    "sexual exploitation": 0.049723756906077346,
    "live": 0.04861878453038674,
    "offer": 0.04861878453038674,
    "action": 0.04751381215469613,
    "delay": 0.04751381215469613,
    "timely": 0.04751381215469613,
    "poor": 0.04751381215469613,
    "specific": 0.04751381215469613,
    "take": 0.04751381215469613,
    "learning": 0.04751381215469613,
    "skill": 0.04751381215469613,
    "remain": 0.04640883977900553,
    "used": 0.04640883977900553,
    "system": 0.04640883977900553,
    "date": 0.04640883977900553,
    "considered": 0.04640883977900553,
    "record": 0.04640883977900553,
    "meeting": 0.04640883977900553,
    "challenge": 0.045303867403314914,
    "health": 0.045303867403314914,
    "understand": 0.045303867403314914,
    "council": 0.04419889502762431,
    "improve": 0.04419889502762431,
    "opportunities": 0.0430939226519337,
    "five": 0.0430939226519337,
    "individual": 0.0430939226519337,
    "month": 0.0430939226519337,
    "sufficient": 0.0430939226519337,
    "outcome": 0.0430939226519337,
    "living": 0.041988950276243095,
    "improving": 0.041988950276243095,
    "school": 0.041988950276243095,
    "education training": 0.041988950276243095,
    "staying put": 0.041988950276243095,
    "address": 0.04088397790055249,
    "received": 0.04088397790055249,
    "permanence": 0.04088397790055249,
    "education": 0.039779005524861875,
    "focus": 0.039779005524861875,
    "reported": 0.039779005524861875,
    "current": 0.039779005524861875,
    "view": 0.039779005524861875,
    "carer": 0.039779005524861875,
    "concern": 0.039779005524861875,
    "bed breakfast": 0.039779005524861875,
    "four": 0.03867403314917127,
    "analysis": 0.03867403314917127,
    "family": 0.03867403314917127,
    "working": 0.03867403314917127,
    "still": 0.03867403314917127,
    "experience": 0.03867403314917127,
    "effectively": 0.03867403314917127,
    "significant": 0.03867403314917127,
    "mental health": 0.03867403314917127,
    "three": 0.03756906077348066,
    "insufficient": 0.03756906077348066,
    "completed": 0.03756906077348066,
    "child sexual": 0.03756906077348066,
    "age": 0.036464088397790057,
    "required": 0.036464088397790057,
    "decision": 0.036464088397790057,
    "improved": 0.036464088397790057,
    "target": 0.036464088397790057,
    "families": 0.036464088397790057,
    "low": 0.036464088397790057,
    "small number": 0.036464088397790057,
    "personal advisor": 0.036464088397790057,
    "transition": 0.03535911602209945,
    "key": 0.03535911602209945,
    "home": 0.03535911602209945,
    "programme": 0.03535911602209945,
    "experienced": 0.03535911602209945,
    "appropriately": 0.03535911602209945,
    "develop": 0.03535911602209945,
    "specialist": 0.03535911602209945,
    "week": 0.03535911602209945,
    "right": 0.03535911602209945,
    "Inspectors saw": 0.03535911602209945,
    "looked": 0.03425414364640884,
    "limited": 0.03425414364640884,
    "independence": 0.03425414364640884,
    "independent": 0.03425414364640884,
    "post": 0.03425414364640884,
    "provider": 0.03425414364640884,
    "across": 0.03425414364640884,
    "set": 0.03425414364640884
}