{
    "young people": 1.0,
    "children young": 0.7982456140350878,
    "local authority": 0.543859649122807,
    "service": 0.37719298245614036,
    "Safeguarding Children": 0.2807017543859649,
    "Children Board": 0.2807017543859649,
    "people families": 0.2719298245614035,
    "Local Safeguarding": 0.25877192982456143,
    "inspection local": 0.24561403508771928,
    "section Education": 0.24561403508771928,
    "Education Inspections": 0.24561403508771928,
    "Inspections Act": 0.24561403508771928,
    "carried section": 0.2412280701754386,
    "Board": 0.23684210526315788,
    "review Local": 0.23684210526315788,
    "ensure": 0.20614035087719298,
    "LSCB": 0.19736842105263158,
    "partner": 0.18421052631578946,
    "training": 0.17543859649122806,
    "including": 0.16228070175438597,
    "practice": 0.14912280701754385,
    "help protect": 0.14912280701754385,
    "experiences children": 0.14473684210526316,
    "help protection": 0.14473684210526316,
    "need help": 0.14035087719298245,
    "people looked": 0.14035087719298245,
    "help care": 0.14035087719298245,
    "impact": 0.13157894736842105,
    "leaving care": 0.13157894736842105,
    "Children Act": 0.13157894736842105,
    "social care": 0.13157894736842105,
    "case file": 0.13157894736842105,
    "issue": 0.12280701754385964,
    "Inspectors looked": 0.12280701754385964,
    "looked closely": 0.12280701754385964,
    "closely experiences": 0.12280701754385964,
    "people needed": 0.12280701754385964,
    "needed still": 0.12280701754385964,
    "still need": 0.12280701754385964,
    "includes children": 0.12280701754385964,
    "looked young": 0.12280701754385964,
    "people leaving": 0.12280701754385964,
    "care starting": 0.12280701754385964,
    "starting lives": 0.12280701754385964,
    "lives young": 0.12280701754385964,
    "young adults": 0.12280701754385964,
    "adults Inspectors": 0.12280701754385964,
    "Inspectors considered": 0.12280701754385964,
    "considered quality": 0.12280701754385964,
    "quality work": 0.12280701754385964,
    "work difference": 0.12280701754385964,
    "difference adults": 0.12280701754385964,
    "adults make": 0.12280701754385964,
    "make lives": 0.12280701754385964,
    "lives children": 0.12280701754385964,
    "families read": 0.12280701754385964,
    "read case": 0.12280701754385964,
    "files watched": 0.12280701754385964,
    "watched professional": 0.12280701754385964,
    "families discussed": 0.12280701754385964,
    "discussed effectiveness": 0.12280701754385964,
    "effectiveness help": 0.12280701754385964,
    "care given": 0.12280701754385964,
    "given children": 0.12280701754385964,
    "people Wherever": 0.12280701754385964,
    "Wherever possible": 0.12280701754385964,
    "possible talked": 0.12280701754385964,
    "talked children": 0.12280701754385964,
    "families addition": 0.12280701754385964,
    "addition inspectors": 0.12280701754385964,
    "inspectors tried": 0.12280701754385964,
    "tried understand": 0.12280701754385964,
    "understand local": 0.12280701754385964,
    "authority knows": 0.12280701754385964,
    "knows well": 0.12280701754385964,
    "well performing": 0.12280701754385964,
    "performing well": 0.12280701754385964,
    "well difference": 0.12280701754385964,
    "difference making": 0.12280701754385964,
    "people trying": 0.12280701754385964,
    "trying help": 0.12280701754385964,
    "protect look": 0.12280701754385964,
    "look inspection": 0.12280701754385964,
    "authority carried": 0.12280701754385964,
    "Act Ofsted": 0.12280701754385964,
    "Ofsted produces": 0.12280701754385964,
    "produces report": 0.12280701754385964,
    "report inspection": 0.12280701754385964,
    "authority functions": 0.12280701754385964,
    "power combine": 0.12280701754385964,
    "combine reports": 0.12280701754385964,
    "reports accordance": 0.12280701754385964,
    "accordance section": 0.12280701754385964,
    "professional staff": 0.11842105263157894,
    "staff work": 0.11842105263157894,
    "work families": 0.11842105263157894,
    "making people": 0.11842105263157894,
    "Act review": 0.11842105263157894,
    "Board carried": 0.11842105263157894,
    "section 15A": 0.11842105263157894,
    "15A Children": 0.11842105263157894,
    "functions review": 0.11842105263157894,
    "board power": 0.11842105263157894,
    "protection also": 0.11403508771929824,
    "also includes": 0.11403508771929824,
    "multi agency": 0.10964912280701754,
    "member": 0.10087719298245613,
    "Act Inspectors": 0.10087719298245613,
    "serious case": 0.10087719298245613,
    "However": 0.09649122807017543,
    "effective": 0.09210526315789473,
    "number": 0.09210526315789473,
    "case review": 0.09210526315789473,
    "effectively": 0.08771929824561403,
    "provide": 0.08771929824561403,
    "development": 0.08771929824561403,
    "performance": 0.08771929824561403,
    "audit": 0.08771929824561403,
    "information": 0.08333333333333333,
    "example": 0.08333333333333333,
    "BSCB": 0.08333333333333333,
    "arrangements": 0.07894736842105263,
    "learning": 0.07894736842105263,
    "manager": 0.07894736842105263,
    "looked children": 0.07894736842105263,
    "childrens social": 0.07894736842105263,
    "significant": 0.07456140350877193,
    "support": 0.07456140350877193,
    "key": 0.07017543859649122,
    "action": 0.07017543859649122,
    "identified": 0.07017543859649122,
    "assessment": 0.07017543859649122,
    "agencies": 0.07017543859649122,
    "yet": 0.07017543859649122,
    "recent": 0.07017543859649122,
    "early help": 0.07017543859649122,
    "plan": 0.06578947368421052,
    "result": 0.06578947368421052,
    "team": 0.06578947368421052,
    "ofsted gov": 0.06578947368421052,
    "gov uk": 0.06578947368421052,
    "management": 0.06140350877192982,
    "fully": 0.06140350877192982,
    "range": 0.06140350877192982,
    "strategy": 0.06140350877192982,
    "within": 0.05701754385964912,
    "improvement": 0.05701754385964912,
    "health": 0.05701754385964912,
    "many": 0.05701754385964912,
    "responsibilities": 0.05701754385964912,
    "established": 0.05701754385964912,
    "concern": 0.05701754385964912,
    "outcomes children": 0.05701754385964912,
    "place": 0.05263157894736842,
    "poor": 0.05263157894736842,
    "new": 0.05263157894736842,
    "referral": 0.05263157894736842,
    "schools": 0.05263157894736842,
    "care leavers": 0.05263157894736842,
    "safeguarded promoted": 0.05263157894736842,
    "sufficient": 0.04824561403508772,
    "understanding": 0.04824561403508772,
    "monitor": 0.04824561403508772,
    "undertaken": 0.04824561403508772,
    "current": 0.04824561403508772,
    "two": 0.04824561403508772,
    "use": 0.04824561403508772,
    "led": 0.04824561403508772,
    "positive": 0.04824561403508772,
    "group": 0.04824561403508772,
    "CSCB": 0.04824561403508772,
    "role": 0.04824561403508772,
    "Knowsley": 0.04824561403508772,
    "risk harm": 0.04824561403508772,
    "sub group": 0.04824561403508772,
    "social worker": 0.04824561403508772,
    "relation": 0.043859649122807015,
    "analysis": 0.043859649122807015,
    "guidance": 0.043859649122807015,
    "one": 0.043859649122807015,
    "risk": 0.043859649122807015,
    "good": 0.043859649122807015,
    "data": 0.043859649122807015,
    "response": 0.043859649122807015,
    "mean": 0.043859649122807015,
    "remain": 0.043859649122807015,
    "across": 0.043859649122807015,
    "now": 0.043859649122807015,
    "take": 0.043859649122807015,
    "challenge": 0.043859649122807015,
    "partnership": 0.043859649122807015,
    "police": 0.043859649122807015,
    "annual report": 0.043859649122807015,
    "sexual exploitation": 0.043859649122807015,
    "child protection": 0.043859649122807015,
    "awareness": 0.039473684210526314,
    "evaluated": 0.039473684210526314,
    "appropriately": 0.039473684210526314,
    "timely": 0.039473684210526314,