{
    "Board": 1.0,
    "LSCB": 0.5724815724815725,
    "young people": 0.542997542997543,
    "children young": 0.40294840294840295,
    "local authority": 0.4004914004914005,
    "ensure": 0.32186732186732187,
    "work": 0.3194103194103194,
    "practice": 0.31203931203931207,
    "service": 0.29238329238329236,
    "partner": 0.28746928746928746,
    "multi agency": 0.2334152334152334,
    "challenge": 0.2113022113022113,
    "gov uk": 0.20638820638820637,
    "However": 0.18427518427518427,
    "audit": 0.18181818181818182,
    "including": 0.18181818181818182,
    "sexual exploitation": 0.17936117936117937,
    "ofsted gov": 0.1769041769041769,
    "example": 0.17444717444717445,
    "sub group": 0.17444717444717445,
    "development": 0.16953316953316952,
    "identified": 0.16216216216216217,
    "issue": 0.16216216216216217,
    "Safeguarding Children": 0.16216216216216217,
    "effectively": 0.15724815724815724,
    "area": 0.1547911547911548,
    "group": 0.1547911547911548,
    "agencies": 0.15233415233415235,
    "training": 0.15233415233415235,
    "Children Board": 0.15233415233415235,
    "case review": 0.15233415233415235,
    "performance": 0.14987714987714987,
    "Local Safeguarding": 0.14987714987714987,
    "child sexual": 0.14987714987714987,
    "social care": 0.14742014742014742,
    "staff": 0.14004914004914004,
    "number": 0.1375921375921376,
    "early help": 0.1375921375921376,
    "serious case": 0.1375921375921376,
    "impact": 0.13513513513513514,
    "review": 0.13513513513513514,
    "Recommendation": 0.13513513513513514,
    "chair": 0.13267813267813267,
    "within": 0.12776412776412777,
    "key": 0.12530712530712532,
    "looked children": 0.12530712530712532,
    "significant": 0.12285012285012285,
    "now": 0.11793611793611794,
    "partnership": 0.11793611793611794,
    "priorities": 0.11547911547911548,
    "recent": 0.11547911547911548,
    "partner agencies": 0.11547911547911548,
    "care children": 0.11547911547911548,
    "enquiries ofsted": 0.11056511056511056,
    "improvement": 0.10565110565110565,
    "annual report": 0.10565110565110565,
    "sufficiently": 0.10319410319410319,
    "learning": 0.10319410319410319,
    "clear": 0.10073710073710074,
    "child protection": 0.10073710073710074,
    "strategic": 0.09828009828009827,
    "Although": 0.09828009828009827,
    "member": 0.09828009828009827,
    "across": 0.09828009828009827,
    "result": 0.09828009828009827,
    "childrens service": 0.09828009828009827,
    "action": 0.09336609336609336,
    "appropriate": 0.09336609336609336,
    "people families": 0.09090909090909091,
    "support": 0.08845208845208845,
    "change": 0.08845208845208845,
    "year": 0.08845208845208845,
    "plan": 0.085995085995086,
    "recently": 0.08353808353808354,
    "undertaken": 0.08353808353808354,
    "requires improvement": 0.08353808353808354,
    "children families": 0.08353808353808354,
    "social worker": 0.08353808353808354,
    "appropriately": 0.08108108108108109,
    "provide": 0.08108108108108109,
    "agreed": 0.08108108108108109,
    "lack": 0.08108108108108109,
    "childrens social": 0.08108108108108109,
    "well": 0.07862407862407862,
    "need": 0.07862407862407862,
    "analysis": 0.07616707616707617,
    "understanding": 0.07616707616707617,
    "sufficient": 0.07371007371007371,
    "monitoring": 0.07371007371007371,
    "yet": 0.07371007371007371,
    "SCR": 0.07371007371007371,
    "poor": 0.07371007371007371,
    "role": 0.07371007371007371,
    "outcomes children": 0.07371007371007371,
    "safeguarded promoted": 0.07371007371007371,
    "quality assurance": 0.07371007371007371,
    "please telephone": 0.07371007371007371,
    "telephone email": 0.07371007371007371,
    "email enquiries": 0.07371007371007371,
    "regulates inspects": 0.07371007371007371,
    "range": 0.07125307125307126,
    "use": 0.07125307125307126,
    "manager": 0.07125307125307126,
    "assessment": 0.07125307125307126,
    "led": 0.07125307125307126,
    "established": 0.07125307125307126,
    "care leavers": 0.07125307125307126,
    "current": 0.0687960687960688,
    "health": 0.0687960687960688,
    "police": 0.0687960687960688,
    "commissioning": 0.0687960687960688,
    "action plan": 0.0687960687960688,
    "help protection": 0.0687960687960688,
    "new": 0.06633906633906633,
    "include": 0.06633906633906633,
    "consistently": 0.06633906633906633,
    "children looked": 0.06633906633906633,
    "uk ofsted": 0.06633906633906633,
    "scrutiny": 0.06388206388206388,
    "report": 0.06388206388206388,
    "level": 0.06388206388206388,
    "remain": 0.06388206388206388,
    "arrangements place": 0.06388206388206388,
    "effectiveness local": 0.06388206388206388,
    "child death": 0.06388206388206388,
    "framework": 0.06142506142506143,
    "CSE": 0.06142506142506143,
    "two": 0.06142506142506143,
    "reviewed": 0.06142506142506143,
    "strategy": 0.06142506142506143,
    "used": 0.06142506142506143,
    "fully": 0.06142506142506143,
    "help protect": 0.06142506142506143,
    "inspection local": 0.06142506142506143,
    "across partnership": 0.06142506142506143,
    "robust": 0.05896805896805897,
    "inform": 0.05896805896805897,
    "completed": 0.05896805896805897,
    "evidence": 0.05896805896805897,
    "one": 0.05896805896805897,
    "provided": 0.05896805896805897,
    "concern": 0.05896805896805897,
    "implemented": 0.05896805896805897,
    "council": 0.05896805896805897,
    "finding": 0.05896805896805897,
    "need help": 0.05896805896805897,
    "risk harm": 0.05896805896805897,
    "experiences children": 0.05896805896805897,
    "section Education": 0.05896805896805897,
    "Education Inspections": 0.05896805896805897,
    "Inspections Act": 0.05896805896805897,
    "inspection team": 0.05896805896805897,
    "Lead inspector": 0.05896805896805897,
    "evaluation": 0.056511056511056514,
    "published": 0.056511056511056514,
    "threshold": 0.056511056511056514,
    "information": 0.056511056511056514,
    "take": 0.056511056511056514,
    "supported": 0.056511056511056514,
    "programme": 0.056511056511056514,
    "oversight": 0.056511056511056514,
    "many": 0.056511056511056514,
    "resulted": 0.056511056511056514,
    "meeting": 0.056511056511056514,
    "domestic abuse": 0.056511056511056514,
    "widespread serious": 0.056511056511056514,
    "carried section": 0.056511056511056514,
    "quality": 0.05405405405405406,
    "positive": 0.05405405405405406,
    "limited": 0.05405405405405406,
    "capacity": 0.05405405405405406,
    "progress": 0.05405405405405406,
    "structure": 0.05405405405405406,
    "response": 0.05405405405405406,
    "timely": 0.05405405405405406,
    "work Board": 0.05405405405405406,
    "people looked": 0.05405405405405406,
    "leave children": 0.05405405405405406,
    "help care": 0.05405405405405406,
    "review Local": 0.05405405405405406,
    "safeguarding practice": 0.05405405405405406,
    "Board members": 0.05405405405405406,
    "data": 0.051597051597051594,
    "better": 0.051597051597051594,
    "time": 0.051597051597051594,
    "able": 0.051597051597051594,
    "routinely": 0.051597051597051594,
    "areas improvement": 0.051597051597051594,
    "protection care": 0.051597051597051594,
    "recognised": 0.04914004914004914,
    "frontline": 0.04914004914004914,
    "comprehensive": 0.04914004914004914,
    "engagement": 0.04914004914004914,
    "also": 0.04914004914004914,
    "focus": 0.04914004914004914,
    "improved": 0.04914004914004914,
    "developed": 0.04914004914004914,
    "organisation": 0.04914004914004914,
    "need improve": 0.04914004914004914,
    "Health Wellbeing": 0.04914004914004914
}