{
    "young people": 1.0,
    "children young": 0.7956204379562044,
    "local authority": 0.5346715328467153,
    "service": 0.4635036496350365,
    "Ensure": 0.4470802919708029,
    "children": 0.4215328467153285,
    "need": 0.3886861313868613,
    "support": 0.29744525547445255,
    "plan": 0.22627737226277372,
    "care leaver": 0.22445255474452555,
    "assessment": 0.21897810218978103,
    "social worker": 0.2062043795620438,
    "care": 0.19160583941605838,
    "risk": 0.18795620437956204,
    "looked children": 0.17518248175182483,
    "work": 0.16970802919708028,
    "review": 0.1478102189781022,
    "arrangement": 0.13138686131386862,
    "effective": 0.1259124087591241,
    "improvement": 0.1259124087591241,
    "child protection": 0.12226277372262774,
    "social work": 0.11861313868613138,
    "adoption": 0.11496350364963503,
    "team": 0.11496350364963503,
    "help": 0.11313868613138686,
    "progress": 0.10948905109489052,
    "good": 0.10948905109489052,
    "However": 0.10766423357664233,
    "childrens service": 0.10766423357664233,
    "quality": 0.10401459854014598,
    "planning": 0.10401459854014598,
    "information": 0.10218978102189781,
    "live": 0.10218978102189781,
    "manager": 0.10036496350364964,
    "always": 0.09671532846715329,
    "case": 0.09671532846715329,
    "sexual exploitation": 0.09671532846715329,
    "people looked": 0.09671532846715329,
    "practice": 0.0948905109489051,
    "including": 0.0948905109489051,
    "mean": 0.09306569343065693,
    "staff": 0.09306569343065693,
    "many": 0.09306569343065693,
    "effectively": 0.09306569343065693,
    "well": 0.09306569343065693,
    "result": 0.09306569343065693,
    "time": 0.09306569343065693,
    "place": 0.09124087591240876,
    "early help": 0.09124087591240876,
    "placement": 0.08941605839416059,
    "improve": 0.08759124087591241,
    "provide": 0.08759124087591241,
    "families": 0.08759124087591241,
    "identified": 0.08576642335766424,
    "post since": 0.08394160583941605,
    "experience": 0.08029197080291971,
    "receive": 0.07846715328467153,
    "significant": 0.07664233576642336,
    "yet": 0.07664233576642336,
    "child sexual": 0.07664233576642336,
    "action": 0.07481751824817519,
    "poor": 0.07481751824817519,
    "decision": 0.07481751824817519,
    "Safeguarding Children": 0.07481751824817519,
    "Children Board": 0.07481751824817519,
    "management oversight": 0.07481751824817519,
    "Dudley": 0.072992700729927,
    "family": 0.07116788321167883,
    "training": 0.07116788321167883,
    "number": 0.07116788321167883,
    "social care": 0.07116788321167883,
    "Board": 0.06934306569343066,
    "change": 0.06751824817518248,
    "clear": 0.06751824817518248,
    "report": 0.06751824817518248,
    "Local Safeguarding": 0.06751824817518248,
    "children looked": 0.06751824817518248,
    "area": 0.06569343065693431,
    "make": 0.06569343065693431,
    "recent": 0.06569343065693431,
    "timescale": 0.06569343065693431,
    "take": 0.06386861313868614,
    "appropriate": 0.06204379562043796,
    "available": 0.06204379562043796,
    "better": 0.06204379562043796,
    "delay": 0.060218978102189784,
    "intervention": 0.060218978102189784,
    "lack": 0.060218978102189784,
    "understand": 0.060218978102189784,
    "range": 0.060218978102189784,
    "within": 0.060218978102189784,
    "include": 0.060218978102189784,
    "multi agency": 0.060218978102189784,
    "access": 0.058394160583941604,
    "development": 0.058394160583941604,
    "fully": 0.058394160583941604,
    "meet": 0.058394160583941604,
    "children families": 0.058394160583941604,
    "child": 0.05656934306569343,
    "timely": 0.05656934306569343,
    "current": 0.05656934306569343,
    "council": 0.05656934306569343,
    "education": 0.05656934306569343,
    "required": 0.05656934306569343,
    "key": 0.05474452554744526,
    "provided": 0.05474452554744526,
    "home": 0.05474452554744526,
    "now": 0.05474452554744526,
    "robust": 0.05291970802919708,
    "analysis": 0.05291970802919708,
    "completed": 0.05291970802919708,
    "seen": 0.05291970802919708,
    "supported": 0.05291970802919708,
    "level": 0.05291970802919708,
    "made": 0.05291970802919708,
    "Page paragraph": 0.05291970802919708,
    "enough": 0.051094890510948905,
    "outcome": 0.051094890510948905,
    "used": 0.051094890510948905,
    "across": 0.051094890510948905,
    "new": 0.051094890510948905,
    "view": 0.051094890510948905,
    "Inspection judgement": 0.051094890510948905,
    "strategy": 0.04927007299270073,
    "health": 0.04927007299270073,
    "school": 0.04927007299270073,
    "provision": 0.04927007299270073,
    "considered": 0.04927007299270073,
    "inspector": 0.04927007299270073,
    "need improve": 0.04927007299270073,
    "may": 0.04744525547445255,
    "impact": 0.04744525547445255,
    "date": 0.04744525547445255,
    "long": 0.04744525547445255,
    "recently": 0.04744525547445255,
    "quality assurance": 0.04744525547445255,
    "data": 0.04562043795620438,
    "assessed": 0.04562043795620438,
    "meeting": 0.04562043795620438,
    "learning": 0.04562043795620438,
    "professional": 0.04562043795620438,
    "concern": 0.04562043795620438,
    "many children": 0.04562043795620438,
    "performance": 0.043795620437956206,
    "working": 0.043795620437956206,
    "challenge": 0.043795620437956206,
    "independent": 0.043795620437956206,
    "effectiveness": 0.043795620437956206,
    "inform": 0.043795620437956206,
    "referral": 0.043795620437956206,
    "know": 0.043795620437956206,
    "Director Childrens": 0.043795620437956206,
    "time inspection": 0.043795620437956206,
    "consistently": 0.041970802919708027,
    "record": 0.041970802919708027,
    "statutory": 0.041970802919708027,
    "threshold": 0.041970802919708027,
    "problem": 0.041970802919708027,
    "Summary findings": 0.041970802919708027,
    "authority need": 0.041970802919708027,
    "high": 0.040145985401459854,
    "sufficiently": 0.040145985401459854,
    "develop": 0.040145985401459854,
    "will": 0.040145985401459854,
    "day": 0.040145985401459854,
    "parent": 0.040145985401459854,
    "help protection": 0.040145985401459854,
    "foster carer": 0.040145985401459854,
    "people families": 0.040145985401459854,
    "inadequate": 0.03832116788321168,
    "missing": 0.03832116788321168,
    "processes": 0.03832116788321168,
    "address": 0.03832116788321168,
    "future": 0.03832116788321168,
    "first": 0.03832116788321168,
    "undertaken": 0.03832116788321168,
    "audit": 0.03832116788321168,
    "visit": 0.03832116788321168,
    "focus": 0.03832116788321168,
    "last inspection": 0.03832116788321168,
    "Information local": 0.03832116788321168,
    "work practice": 0.03832116788321168,
    "making": 0.0364963503649635,
    "strategic": 0.0364963503649635,
    "use": 0.0364963503649635,
    "order": 0.0364963503649635,
    "early": 0.0364963503649635,
    "months": 0.0364963503649635,
    "partner": 0.0364963503649635,
    "year": 0.0364963503649635,
    "example": 0.0364963503649635,
    "benefit": 0.0364963503649635,
    "panel": 0.0364963503649635,
    "response": 0.0364963503649635,
    "remain": 0.0364963503649635,
    "right": 0.0364963503649635,
    "partnership": 0.0364963503649635,
    "authority Summary": 0.0364963503649635,
    "since last": 0.0364963503649635,
    "Board LSCB": 0.0364963503649635
}