{
    "young people": 1.0,
    "children young": 0.9920634920634921,
    "schools national": 0.9682539682539683,
    "national average": 0.8809523809523809,
    "proportion children": 0.5,
    "primary schools": 0.49206349206349204,
    "secondary schools": 0.49206349206349204,
    "ethnic group": 0.48412698412698413,
    "minority ethnic": 0.47619047619047616,
    "children living": 0.4523809523809524,
    "average secondary": 0.38095238095238093,
    "local authority": 0.38095238095238093,
    "living area": 0.25396825396825395,
    "total population": 0.24603174603174602,
    "free school": 0.24603174603174602,
    "people minority": 0.24603174603174602,
    "groups account": 0.24603174603174602,
    "area compared": 0.24603174603174602,
    "English additional": 0.24603174603174602,
    "Approximately children": 0.23809523809523808,
    "people age": 0.23809523809523808,
    "authoritys children": 0.23809523809523808,
    "entitled free": 0.23809523809523808,
    "account children": 0.23809523809523808,
    "compared country": 0.23809523809523808,
    "additional language": 0.23809523809523808,
    "school meal": 0.23809523809523808,
    "age years": 0.23015873015873015,
    "years live": 0.23015873015873015,
    "population area": 0.23015873015873015,
    "children entitled": 0.23015873015873015,
    "country whole": 0.23015873015873015,
    "area Approximately": 0.2222222222222222,
    "Approximately local": 0.2222222222222222,
    "meals primary": 0.2222222222222222,
    "language primary": 0.2222222222222222,
    "largest minority": 0.21428571428571427,
    "people area": 0.21428571428571427,
    "living poverty": 0.1984126984126984,
    "groups children": 0.1984126984126984,
    "people English": 0.1984126984126984,
    "poverty proportion": 0.1746031746031746,
    "whole largest": 0.1746031746031746,
    "authority given": 0.14285714285714285,
    "given opportunity": 0.14285714285714285,
    "opportunity review": 0.14285714285714285,
    "review section": 0.14285714285714285,
    "section report": 0.14285714285714285,
    "report updated": 0.14285714285714285,
    "updated local": 0.14285714285714285,
    "local unvalidated": 0.14285714285714285,
    "unvalidated data": 0.14285714285714285,
    "data available": 0.14285714285714285,
    "Asian British": 0.1349206349206349,
    "Asian Asian": 0.11904761904761904,
    "British proportion": 0.0873015873015873,
    "area Asian": 0.07936507936507936,
    "Black": 0.07142857142857142,
    "number": 0.07142857142857142,
    "source data": 0.06349206349206349,
    "data annex": 0.06349206349206349,
    "annex table": 0.06349206349206349,
    "national level": 0.06349206349206349,
    "Mixed": 0.05555555555555555,
    "traveller": 0.05555555555555555,
    "White": 0.05555555555555555,
    "resident": 0.05555555555555555,
    "England": 0.05555555555555555,
    "available Approximately": 0.05555555555555555,
    "pupils": 0.047619047619047616,
    "source": 0.047619047619047616,
    "Census": 0.047619047619047616,
    "Mixed Asian": 0.047619047619047616,
    "speak English": 0.047619047619047616,
    "live": 0.03968253968253968,
    "Pakistani": 0.03968253968253968,
    "Black British": 0.03968253968253968,
    "aged years": 0.03968253968253968,
    "ONS": 0.031746031746031744,
    "mid": 0.031746031746031744,
    "African": 0.031746031746031744,
    "Caribbean": 0.031746031746031744,
    "across": 0.031746031746031744,
    "UK": 0.031746031746031744,
    "Birmingham": 0.031746031746031744,
    "estimate": 0.031746031746031744,
    "Norfolk": 0.031746031746031744,
    "county": 0.031746031746031744,
    "living low": 0.031746031746031744,
    "low income": 0.031746031746031744,
    "income families": 0.031746031746031744,
    "Polish": 0.023809523809523808,
    "district": 0.023809523809523808,
    "Sandwell": 0.023809523809523808,
    "Indian": 0.023809523809523808,
    "increase": 0.023809523809523808,
    "born": 0.023809523809523808,
    "also": 0.023809523809523808,
    "increasing": 0.023809523809523808,
    "Manchester": 0.023809523809523808,
    "child": 0.023809523809523808,
    "since": 0.023809523809523808,
    "borough": 0.023809523809523808,
    "large": 0.023809523809523808,
    "Roma": 0.023809523809523808,
    "parts": 0.023809523809523808,
    "rural": 0.023809523809523808,
    "special": 0.023809523809523808,
    "Somerset": 0.023809523809523808,
    "background": 0.023809523809523808,
    "Eastern European": 0.023809523809523808,
    "total": 0.015873015873015872,
    "spoken": 0.015873015873015872,
    "second": 0.015873015873015872,
    "established": 0.015873015873015872,
    "including": 0.015873015873015872,
    "families": 0.015873015873015872,
    "HMRC": 0.015873015873015872,
    "August": 0.015873015873015872,
    "Croydon": 0.015873015873015872,
    "June": 0.015873015873015872,
    "individuals": 0.015873015873015872,
    "accounted": 0.015873015873015872,
    "communities": 0.015873015873015872,
    "contextual": 0.015873015873015872,
    "growth": 0.015873015873015872,
    "Director": 0.015873015873015872,
    "Services": 0.015873015873015872,
    "DCS": 0.015873015873015872,
    "post": 0.015873015873015872,
    "social": 0.015873015873015872,
    "Rotherham": 0.015873015873015872,
    "now": 0.015873015873015872,
    "Darlington": 0.015873015873015872,
    "Gloucestershire": 0.015873015873015872,
    "diverse": 0.015873015873015872,
    "city": 0.015873015873015872,
    "significant": 0.015873015873015872,
    "arrived": 0.015873015873015872,
    "projections": 0.015873015873015872,
    "highest": 0.015873015873015872,
    "deprivation": 0.015873015873015872,
    "Wales": 0.015873015873015872,
    "per": 0.015873015873015872,
    "dwellings": 0.015873015873015872,
    "rented": 0.015873015873015872,
    "South": 0.015873015873015872,
    "Office": 0.015873015873015872,
    "Statistics": 0.015873015873015872,
    "seek": 0.015873015873015872,
    "non": 0.015873015873015872,
    "urban": 0.015873015873015872,
    "migrant": 0.015873015873015872,
    "Coventry": 0.015873015873015872,
    "old": 0.015873015873015872,
    "includes": 0.015873015873015872,
    "follows": 0.015873015873015872,
    "Jan": 0.015873015873015872,
    "larger": 0.015873015873015872,
    "Cumbria": 0.015873015873015872,
    "Tower Hamlets": 0.015873015873015872,
    "seasonal work": 0.015873015873015872,
    "work agricultural": 0.015873015873015872,
    "West": 0.007936507936507936,
    "Berkshire": 0.007936507936507936,
    "new": 0.007936507936507936,
    "Portuguese": 0.007936507936507936,
    "pattern": 0.007936507936507936,
    "past": 0.007936507936507936,
    "seven": 0.007936507936507936,
    "well": 0.007936507936507936,
    "community": 0.007936507936507936,
    "settled": 0.007936507936507936,
    "Doncaster": 0.007936507936507936,
    "Wandsworth": 0.007936507936507936,
    "Sunderland": 0.007936507936507936,
    "area3": 0.007936507936507936,
    "poverty4": 0.007936507936507936,
    "meals5": 0.007936507936507936,
    "Snapshot": 0.007936507936507936,
    "DfE": 0.007936507936507936,
    "characteristics": 0.007936507936507936,
    "whole6": 0.007936507936507936,
    "Mixed7": 0.007936507936507936,
    "language8": 0.007936507936507936,
    "Bromley": 0.007936507936507936,
    "main": 0.007936507936507936,
    "Tameside": 0.007936507936507936,
    "high": 0.007936507936507936,
    "unaccompanied": 0.007936507936507936,
    "asylum": 0.007936507936507936,
    "seeking": 0.007936507936507936,
    "looked": 0.007936507936507936,
    "Lambeth": 0.007936507936507936,
    "experienced": 0.007936507936507936,
    "economic": 0.007936507936507936,
    "majority": 0.007936507936507936,
    "arriving": 0.007936507936507936,
    "Poland": 0.007936507936507936,
    "increased": 0.007936507936507936
}