{
    "young people": 1.0,
    "local authority": 0.8822733423545331,
    "children": 0.8673883626522327,
    "service": 0.625169147496617,
    "looked children": 0.523680649526387,
    "children young": 0.4668470906630582,
    "social worker": 0.45331529093369416,
    "support": 0.43031123139377536,
    "care leaver": 0.41271989174560214,
    "Board": 0.38294993234100133,
    "plan": 0.3761840324763194,
    "work": 0.37347767253044656,
    "need": 0.3721244925575101,
    "good": 0.33964817320703655,
    "However": 0.3017591339648173,
    "case": 0.3017591339648173,
    "assessment": 0.29905277401894453,
    "including": 0.2868741542625169,
    "ensure": 0.2679296346414073,
    "review": 0.2652232746955345,
    "practice": 0.2489851150202977,
    "team": 0.2489851150202977,
    "child protection": 0.2462787550744249,
    "well": 0.2219215155615697,
    "identified": 0.2178619756427605,
    "early help": 0.2178619756427605,
    "information": 0.21109607577807848,
    "staff": 0.21109607577807848,
    "risk": 0.21109607577807848,
    "provide": 0.20974289580514208,
    "LSCB": 0.20568335588633288,
    "authority area": 0.2029769959404601,
    "care": 0.20027063599458728,
    "social care": 0.19079837618403248,
    "report": 0.1880920162381597,
    "sexual exploitation": 0.18267929634641408,
    "always": 0.17997293640054127,
    "adoption": 0.17997293640054127,
    "progress": 0.17861975642760486,
    "arrangement": 0.17861975642760486,
    "appropriate": 0.17185385656292287,
    "example": 0.17185385656292287,
    "multi agency": 0.17185385656292287,
    "effective": 0.17050067658998647,
    "within": 0.16914749661705006,
    "result": 0.16914749661705006,
    "one": 0.16644113667117727,
    "lack": 0.16644113667117727,
    "time": 0.16644113667117727,
    "although": 0.16644113667117727,
    "manager": 0.16238159675236807,
    "training": 0.16102841677943167,
    "child sexual": 0.15967523680649526,
    "clear": 0.15832205683355885,
    "placement": 0.15696887686062247,
    "mean": 0.15561569688768606,
    "year": 0.15290933694181327,
    "group": 0.15155615696887687,
    "children looked": 0.15155615696887687,
    "impact": 0.15020297699594046,
    "social work": 0.15020297699594046,
    "many": 0.14884979702300405,
    "families": 0.14749661705006767,
    "recent": 0.14749661705006767,
    "use": 0.14749661705006767,
    "delay": 0.14614343707713126,
    "issue": 0.14614343707713126,
    "action": 0.14479025710419485,
    "improvement": 0.14479025710419485,
    "challenge": 0.14343707713125844,
    "performance": 0.14343707713125844,
    "two": 0.13937753721244925,
    "audit": 0.13667117726657646,
    "currently": 0.13531799729364005,
    "quality": 0.13396481732070364,
    "also": 0.13261163734776726,
    "effectively": 0.13125845737483086,
    "new": 0.13125845737483086,
    "evidence": 0.12990527740189445,
    "concern": 0.12855209742895804,
    "childrens social": 0.12855209742895804,
    "partner": 0.12584573748308525,
    "receive": 0.12584573748308525,
    "access": 0.12584573748308525,
    "childrens service": 0.12584573748308525,
    "foster carer": 0.12313937753721245,
    "number": 0.12178619756427606,
    "made": 0.12178619756427606,
    "make": 0.12043301759133965,
    "meeting": 0.12043301759133965,
    "children families": 0.12043301759133965,
    "child": 0.11907983761840325,
    "school": 0.11907983761840325,
    "yet": 0.11907983761840325,
    "ceased looked": 0.11907983761840325,
    "significant": 0.11772665764546685,
    "family": 0.11772665764546685,
    "development": 0.11772665764546685,
    "agencies": 0.11637347767253045,
    "referral": 0.11637347767253045,
    "seen": 0.11502029769959404,
    "parent": 0.11502029769959404,
    "live authority": 0.11502029769959404,
    "supported": 0.11231393775372124,
    "process": 0.11231393775372124,
    "level": 0.11096075778078485,
    "include": 0.11096075778078485,
    "police": 0.10825439783491204,
    "place": 0.10825439783491204,
    "remain": 0.10690121786197564,
    "worker": 0.10690121786197564,
    "timely": 0.10690121786197564,
    "contact": 0.10690121786197564,
    "recently": 0.10690121786197564,
    "robust": 0.10554803788903924,
    "poor": 0.10419485791610285,
    "adopter": 0.10419485791610285,
    "area live": 0.10284167794316644,
    "take": 0.10013531799729364,
    "change": 0.10013531799729364,
    "children need": 0.10013531799729364,
    "provided": 0.09742895805142084,
    "protection plan": 0.09607577807848444,
    "range": 0.09472259810554803,
    "identify": 0.09336941813261164,
    "current": 0.09336941813261164,
    "now": 0.09201623815967523,
    "intervention": 0.09201623815967523,
    "data": 0.09066305818673884,
    "key": 0.09066305818673884,
    "partnership": 0.09066305818673884,
    "response": 0.09066305818673884,
    "professional": 0.09066305818673884,
    "provision": 0.08930987821380243,
    "better": 0.08930987821380243,
    "led": 0.08795669824086604,
    "used": 0.08795669824086604,
    "show": 0.08795669824086604,
    "consistently": 0.08660351826792964,
    "improved": 0.08660351826792964,
    "domestic abuse": 0.08660351826792964,
    "across": 0.08525033829499323,
    "timescale": 0.08525033829499323,
    "system": 0.08525033829499323,
    "sufficient": 0.08389715832205684,
    "understanding": 0.08389715832205684,
    "experience": 0.08389715832205684,
    "capacity": 0.08254397834912043,
    "available": 0.08119079837618404,
    "day": 0.08119079837618404,
    "positive": 0.08119079837618404,
    "analysis": 0.07983761840324763,
    "learning": 0.07983761840324763,
    "partner agencies": 0.07983761840324763,
    "management oversight": 0.07983761840324763,
    "case review": 0.07983761840324763,
    "understand": 0.07848443843031123,
    "appropriately": 0.07848443843031123,
    "meet": 0.07848443843031123,
    "completed": 0.07848443843031123,
    "insufficient": 0.07848443843031123,
    "attendance": 0.07848443843031123,
    "per children": 0.07848443843031123,
    "threshold": 0.07713125845737483,
    "resulted": 0.07713125845737483,
    "outcomes children": 0.07713125845737483,
    "improve": 0.07577807848443843,
    "required": 0.07577807848443843,
    "considered": 0.07442489851150202,
    "individual": 0.07442489851150202,
    "routinely": 0.07442489851150202,
    "panel": 0.07442489851150202,
    "high": 0.07307171853856563,
    "people ceased": 0.07307171853856563,
    "overall": 0.07036535859269283,
    "undertaken": 0.07036535859269283,
    "visit": 0.07036535859269283,
    "limited": 0.07036535859269283,
    "carer": 0.07036535859269283,
    "supervision": 0.07036535859269283,
    "programme": 0.07036535859269283,
    "inspector": 0.07036535859269283,
    "cases seen": 0.07036535859269283,
    "serious case": 0.07036535859269283,
    "five": 0.06901217861975643,
    "three": 0.06901217861975643,
    "view": 0.06901217861975643,
    "live residential": 0.06901217861975643,
    "known": 0.06765899864682003,
    "decision": 0.06765899864682003,
    "planning": 0.06765899864682003,
    "record": 0.06765899864682003,
    "young person": 0.06765899864682003,
    "chair": 0.06630581867388363,
    "ensuring": 0.06630581867388363,
    "able": 0.06630581867388363,
    "increased": 0.06630581867388363,
    "leaving care": 0.06630581867388363,
    "strategy": 0.06495263870094722,
    "attend": 0.06495263870094722
}