{
    "young people": 1.0,
    "local authority": 0.9677996422182469,
    "children": 0.6431127012522362,
    "service": 0.6180679785330948,
    "children young": 0.5008944543828264,
    "looked children": 0.45796064400715564,
    "social worker": 0.44275491949910556,
    "care leaver": 0.41323792486583183,
    "support": 0.38372093023255816,
    "ensure": 0.35688729874776387,
    "need": 0.33899821109123435,
    "work": 0.3211091234347048,
    "plan": 0.31305903398926654,
    "Board": 0.29069767441860467,
    "However": 0.2692307692307692,
    "case": 0.26475849731663686,
    "good": 0.25313059033989266,
    "child protection": 0.24955277280858676,
    "assessment": 0.24239713774597496,
    "including": 0.2298747763864043,
    "review": 0.21198568872987478,
    "staff": 0.19946332737030412,
    "practice": 0.19230769230769232,
    "provide": 0.19141323792486584,
    "team": 0.19051878354203935,
    "early help": 0.18783542039355994,
    "LSCB": 0.18694096601073346,
    "identified": 0.18246869409660108,
    "sexual exploitation": 0.18246869409660108,
    "information": 0.1771019677996422,
    "effective": 0.17531305903398928,
    "children looked": 0.1744186046511628,
    "social care": 0.16636851520572452,
    "report": 0.16457960644007155,
    "social work": 0.16457960644007155,
    "well": 0.16279069767441862,
    "multi agency": 0.16100178890876565,
    "result": 0.1592128801431127,
    "childrens service": 0.1556350626118068,
    "families": 0.15295169946332737,
    "example": 0.1520572450805009,
    "effectively": 0.1511627906976744,
    "within": 0.14937388193202147,
    "lack": 0.148479427549195,
    "child sexual": 0.14579606440071557,
    "always": 0.1449016100178891,
    "manager": 0.1449016100178891,
    "progress": 0.1440071556350626,
    "adoption": 0.14221824686940965,
    "arrangement": 0.14221824686940965,
    "appropriate": 0.1413237924865832,
    "placement": 0.13953488372093023,
    "although": 0.13774597495527727,
    "performance": 0.13416815742397137,
    "time": 0.13327370304114491,
    "issue": 0.13148479427549195,
    "one": 0.12880143112701253,
    "training": 0.12701252236135957,
    "use": 0.1252236135957066,
    "many": 0.12432915921288014,
    "clear": 0.12432915921288014,
    "improvement": 0.12343470483005367,
    "children families": 0.12254025044722719,
    "action": 0.12164579606440072,
    "new": 0.12075134168157424,
    "mean": 0.11985688729874776,
    "risk": 0.11896243291592129,
    "childrens social": 0.11717352415026834,
    "challenge": 0.11538461538461539,
    "two": 0.11538461538461539,
    "currently": 0.11449016100178891,
    "also": 0.11091234347048301,
    "year": 0.11001788908765653,
    "concern": 0.11001788908765653,
    "foster carer": 0.11001788908765653,
    "level": 0.10912343470483005,
    "parent": 0.10912343470483005,
    "significant": 0.10822898032200358,
    "audit": 0.10822898032200358,
    "delay": 0.10644007155635063,
    "family": 0.10644007155635063,
    "impact": 0.10644007155635063,
    "now": 0.10644007155635063,
    "include": 0.10644007155635063,
    "quality": 0.10554561717352415,
    "poor": 0.10554561717352415,
    "care": 0.10554561717352415,
    "meeting": 0.1037567084078712,
    "make": 0.10286225402504472,
    "access": 0.1001788908765653,
    "recent": 0.1001788908765653,
    "evidence": 0.1001788908765653,
    "development": 0.09928443649373882,
    "made": 0.09749552772808587,
    "provided": 0.09660107334525939,
    "school": 0.09660107334525939,
    "agencies": 0.09570661896243292,
    "police": 0.09570661896243292,
    "group": 0.09570661896243292,
    "area": 0.09481216457960644,
    "yet": 0.09391771019677997,
    "supported": 0.09391771019677997,
    "adopter": 0.09123434704830054,
    "protection plan": 0.09123434704830054,
    "timely": 0.08944543828264759,
    "better": 0.08944543828264759,
    "referral": 0.0885509838998211,
    "recently": 0.0885509838998211,
    "management oversight": 0.0885509838998211,
    "change": 0.08765652951699464,
    "remain": 0.08676207513416816,
    "intervention": 0.08497316636851521,
    "range": 0.08497316636851521,
    "children need": 0.08497316636851521,
    "improve": 0.08407871198568873,
    "contact": 0.08407871198568873,
    "consistently": 0.08228980322003578,
    "current": 0.08228980322003578,
    "place": 0.08228980322003578,
    "process": 0.08228980322003578,
    "partner agencies": 0.08228980322003578,
    "worker": 0.08050089445438283,
    "timescale": 0.08050089445438283,
    "national average": 0.08050089445438283,
    "analysis": 0.07960644007155634,
    "key": 0.07871198568872988,
    "child": 0.0778175313059034,
    "sufficiently": 0.0778175313059034,
    "carer": 0.0778175313059034,
    "robust": 0.07692307692307693,
    "understand": 0.07692307692307693,
    "partner": 0.07692307692307693,
    "domestic abuse": 0.07692307692307693,
    "sufficient": 0.07602862254025045,
    "understanding": 0.07602862254025045,
    "resulted": 0.07513416815742398,
    "system": 0.07513416815742398,
    "provision": 0.07513416815742398,
    "improved": 0.0742397137745975,
    "live": 0.0742397137745975,
    "response": 0.0742397137745975,
    "senior manager": 0.0742397137745975,
    "planning": 0.07334525939177101,
    "appropriately": 0.07334525939177101,
    "meet": 0.07334525939177101,
    "take": 0.07334525939177101,
    "professional": 0.07334525939177101,
    "decision": 0.07245080500894455,
    "used": 0.07245080500894455,
    "available": 0.07245080500894455,
    "individual": 0.07245080500894455,
    "led": 0.07245080500894455,
    "view": 0.07245080500894455,
    "Safeguarding Children": 0.07245080500894455,
    "partnership": 0.07155635062611806,
    "insufficient": 0.0706618962432916,
    "required": 0.0706618962432916,
    "record": 0.06976744186046512,
    "may": 0.06976744186046512,
    "outcomes children": 0.06976744186046512,
    "enough": 0.06887298747763863,
    "inspector": 0.06887298747763863,
    "inspection local": 0.06887298747763863,
    "identify": 0.06797853309481217,
    "threshold": 0.06797853309481217,
    "considered": 0.06797853309481217,
    "panel": 0.06797853309481217,
    "capacity": 0.06797853309481217,
    "Children Board": 0.06797853309481217,
    "seen": 0.06708407871198568,
    "show": 0.06708407871198568,
    "high": 0.06618962432915922,
    "undertaken": 0.06618962432915922,
    "cases seen": 0.06618962432915922,
    "completed": 0.06529516994633273,
    "routinely": 0.06529516994633273,
    "data": 0.06350626118067978,
    "ensuring": 0.06350626118067978,
    "leaving care": 0.06350626118067978,
    "across": 0.0626118067978533,
    "positive": 0.0626118067978533,
    "case review": 0.0626118067978533,
    "despite": 0.061717352415026835,
    "receive": 0.061717352415026835,
    "ensure children": 0.061717352415026835,
    "number": 0.06082289803220036,
    "day": 0.06082289803220036,
    "able": 0.06082289803220036,
    "programme": 0.06082289803220036,
    "Ofsted inspection": 0.06082289803220036,
    "supervision": 0.05992844364937388,
    "Local Safeguarding": 0.05992844364937388,
    "help protection": 0.05992844364937388,
    "working": 0.059033989266547404,
    "enable": 0.059033989266547404,
    "known": 0.059033989266547404,
    "address": 0.05813953488372093,
    "attendance": 0.05813953488372093,
    "authority area": 0.05813953488372093,
    "four": 0.057245080500894455
}