{
    "young people": 1.0,
    "children young": 0.8606356968215159,
    "local authority": 0.2469437652811736,
    "support": 0.19315403422982885,
    "need": 0.1784841075794621,
    "Board": 0.17114914425427874,
    "care": 0.16625916870415647,
    "service": 0.16136919315403422,
    "work": 0.15158924205378974,
    "risk": 0.14180929095354522,
    "child protection": 0.12224938875305623,
    "people looked": 0.12224938875305623,
    "care leavers": 0.12224938875305623,
    "ensure": 0.11491442542787286,
    "However": 0.11246943765281174,
    "plan": 0.10757946210268948,
    "improvement": 0.097799511002445,
    "effective": 0.09535452322738386,
    "Dudley": 0.09535452322738386,
    "arrangement": 0.09535452322738386,
    "people subject": 0.09535452322738386,
    "time inspection": 0.09535452322738386,
    "training": 0.09290953545232274,
    "quality": 0.09046454767726161,
    "protection plan": 0.09046454767726161,
    "adoption": 0.08801955990220049,
    "place": 0.08801955990220049,
    "subject child": 0.08801955990220049,
    "yet": 0.08557457212713937,
    "childrens service": 0.08557457212713937,
    "increase March": 0.08557457212713937,
    "information": 0.08312958435207823,
    "progress": 0.08312958435207823,
    "planning": 0.08068459657701711,
    "practice": 0.07823960880195599,
    "many": 0.07823960880195599,
    "fostering placement": 0.07823960880195599,
    "case review": 0.07823960880195599,
    "formally need": 0.07579462102689487,
    "need specialist": 0.07579462102689487,
    "specialist childrens": 0.07579462102689487,
    "privately arranged": 0.07579462102689487,
    "reduction March": 0.07579462102689487,
    "social worker": 0.07579462102689487,
    "identified assessment": 0.07334963325183375,
    "arranged fostering": 0.07334963325183375,
    "children identified": 0.07090464547677261,
    "assessment formally": 0.07090464547677261,
    "serious case": 0.07090464547677261,
    "Page paragraph": 0.07090464547677261,
    "sexual exploitation": 0.07090464547677261,
    "result": 0.06845965770171149,
    "children lived": 0.06601466992665037,
    "lived privately": 0.06601466992665037,
    "education": 0.06356968215158924,
    "lack": 0.06356968215158924,
    "recently": 0.06356968215158924,
    "required": 0.06356968215158924,
    "action": 0.061124694376528114,
    "team": 0.061124694376528114,
    "recent": 0.061124694376528114,
    "mean": 0.061124694376528114,
    "poor": 0.05867970660146699,
    "development": 0.05867970660146699,
    "inspection": 0.05623471882640587,
    "live": 0.05623471882640587,
    "provide": 0.05623471882640587,
    "multi agency": 0.05623471882640587,
    "three": 0.05378973105134474,
    "timely": 0.05378973105134474,
    "missing": 0.05378973105134474,
    "manager": 0.05378973105134474,
    "assessment": 0.05134474327628362,
    "review": 0.05134474327628362,
    "number": 0.05134474327628362,
    "families": 0.05134474327628362,
    "clear": 0.05134474327628362,
    "delay": 0.05134474327628362,
    "well": 0.05134474327628362,
    "learning": 0.05134474327628362,
    "access": 0.05134474327628362,
    "timescale": 0.05134474327628362,
    "serious incident": 0.05134474327628362,
    "submitted Ofsted": 0.05134474327628362,
    "incident notification": 0.05134474327628362,
    "child sexual": 0.05134474327628362,
    "area": 0.0488997555012225,
    "receive": 0.0488997555012225,
    "including": 0.0488997555012225,
    "performance": 0.0488997555012225,
    "analysis": 0.0488997555012225,
    "outcome": 0.0488997555012225,
    "panel": 0.0488997555012225,
    "significant": 0.0488997555012225,
    "day": 0.0488997555012225,
    "inspector": 0.0488997555012225,
    "December": 0.04645476772616137,
    "report": 0.04645476772616137,
    "made": 0.04645476772616137,
    "staff": 0.04645476772616137,
    "long": 0.04645476772616137,
    "notifications submitted": 0.04645476772616137,
    "improve": 0.044009779951100246,
    "activity": 0.044009779951100246,
    "seen": 0.044009779951100246,
    "meet": 0.044009779951100246,
    "take": 0.044009779951100246,
    "decision": 0.044009779951100246,
    "experience": 0.044009779951100246,
    "safeguarding": 0.044009779951100246,
    "plan increase": 0.044009779951100246,
    "completed": 0.04156479217603912,
    "available": 0.04156479217603912,
    "appropriate": 0.04156479217603912,
    "range": 0.04156479217603912,
    "supported": 0.04156479217603912,
    "help": 0.04156479217603912,
    "family": 0.04156479217603912,
    "within": 0.04156479217603912,
    "current": 0.04156479217603912,
    "year": 0.04156479217603912,
    "case": 0.039119804400977995,
    "six": 0.039119804400977995,
    "used": 0.039119804400977995,
    "may": 0.039119804400977995,
    "new": 0.039119804400977995,
    "always": 0.039119804400977995,
    "fully": 0.039119804400977995,
    "Since last": 0.039119804400977995,
    "last inspection": 0.039119804400977995,
    "service reduction": 0.039119804400977995,
    "March March": 0.039119804400977995,
    "months": 0.03667481662591687,
    "good": 0.03667481662591687,
    "inform": 0.03667481662591687,
    "permanence": 0.03667481662591687,
    "effectively": 0.03667481662591687,
    "ongoing time": 0.03667481662591687,
    "young person": 0.03667481662591687,
    "independent": 0.034229828850855744,
    "processes": 0.034229828850855744,
    "effectiveness": 0.034229828850855744,
    "strategy": 0.034229828850855744,
    "will": 0.034229828850855744,
    "right": 0.034229828850855744,
    "statutory": 0.034229828850855744,
    "impact": 0.034229828850855744,
    "order": 0.034229828850855744,
    "March Since": 0.034229828850855744,
    "people families": 0.034229828850855744,
    "management oversight": 0.034229828850855744,
    "change": 0.03178484107579462,
    "now": 0.03178484107579462,
    "record": 0.03178484107579462,
    "focus": 0.03178484107579462,
    "considered": 0.03178484107579462,
    "make": 0.03178484107579462,
    "provided": 0.03178484107579462,
    "across": 0.03178484107579462,
    "visit": 0.03178484107579462,
    "period": 0.03178484107579462,
    "key": 0.03178484107579462,
    "quality assurance": 0.03178484107579462,
    "social work": 0.03178484107579462,
    "two": 0.029339853300733496,
    "future": 0.029339853300733496,
    "partnership": 0.029339853300733496,
    "health": 0.029339853300733496,
    "council": 0.029339853300733496,
    "adopters": 0.029339853300733496,
    "permanent": 0.029339853300733496,
    "management": 0.029339853300733496,
    "weak": 0.029339853300733496,
    "intervention": 0.029339853300733496,
    "agencies": 0.029339853300733496,
    "understand": 0.029339853300733496,
    "home": 0.029339853300733496,
    "appropriately": 0.029339853300733496,
    "service increase": 0.029339853300733496,
    "placement increase": 0.029339853300733496,
    "early help": 0.029339853300733496,
    "agreed": 0.02689486552567237,
    "individual": 0.02689486552567237,
    "school": 0.02689486552567237,
    "benefit": 0.02689486552567237,
    "still": 0.02689486552567237,
    "better": 0.02689486552567237,
    "inadequate": 0.02689486552567237,
    "date": 0.02689486552567237,
    "provision": 0.02689486552567237,
    "delivery": 0.02689486552567237,
    "accommodation": 0.02689486552567237,
    "sufficiently": 0.02689486552567237,
    "view": 0.02689486552567237,
    "identify": 0.02689486552567237,
    "meeting": 0.02689486552567237,
    "remain": 0.02689486552567237,
    "include": 0.02689486552567237,
    "currently": 0.02689486552567237,
    "positive": 0.02689486552567237
}