{
    "Board": 1.0,
    "young people": 0.5396618985695709,
    "LSCB": 0.43693107932379716,
    "children young": 0.40312093628088425,
    "ensure": 0.33159947984395316,
    "local authority": 0.2964889466840052,
    "multi agency": 0.27698309492847856,
    "sexual exploitation": 0.270481144343303,
    "work": 0.26527958387516254,
    "gov uk": 0.24577373211963588,
    "child sexual": 0.22496749024707413,
    "practice": 0.22366710013003901,
    "sub group": 0.19505851755526657,
    "ofsted gov": 0.17945383615084526,
    "group": 0.1729518855656697,
    "partner": 0.1716514954486346,
    "challenge": 0.16775032509752927,
    "chair": 0.16384915474642392,
    "example": 0.16124837451235371,
    "identified": 0.15604681404421328,
    "case review": 0.15604681404421328,
    "area": 0.1508452535760728,
    "Safeguarding Children": 0.1508452535760728,
    "training": 0.14954486345903772,
    "including": 0.1482444733420026,
    "early help": 0.1482444733420026,
    "However": 0.14564369310793238,
    "agencies": 0.14304291287386217,
    "priorities": 0.14044213263979194,
    "Recommendation": 0.14044213263979194,
    "Children Board": 0.14044213263979194,
    "audit": 0.13914174252275682,
    "issue": 0.13133940182054615,
    "development": 0.12873862158647595,
    "Local Safeguarding": 0.12873862158647595,
    "effectively": 0.12743823146944083,
    "serious case": 0.12613784135240572,
    "review": 0.12093628088426528,
    "partner agencies": 0.11963589076723016,
    "social care": 0.11963589076723016,
    "enquiries ofsted": 0.11963589076723016,
    "service": 0.11833550065019506,
    "impact": 0.11573472041612484,
    "annual report": 0.11313394018205461,
    "improvement": 0.11183355006501951,
    "action": 0.10923276983094929,
    "key": 0.10663198959687907,
    "partnership": 0.10663198959687907,
    "child protection": 0.10533159947984395,
    "yet": 0.10403120936280884,
    "progress": 0.10403120936280884,
    "learning": 0.10143042912873862,
    "people families": 0.0988296488946684,
    "appropriate": 0.09752925877763328,
    "recent": 0.09752925877763328,
    "childrens service": 0.09752925877763328,
    "effective": 0.09622886866059818,
    "significant": 0.09622886866059818,
    "quality assurance": 0.09492847854356307,
    "number": 0.09362808842652796,
    "now": 0.09362808842652796,
    "need": 0.09362808842652796,
    "performance": 0.08972691807542263,
    "analysis": 0.08842652795838751,
    "clear": 0.08842652795838751,
    "within": 0.08842652795838751,
    "staff": 0.0858257477243173,
    "safeguarding": 0.08452535760728218,
    "appropriately": 0.08452535760728218,
    "although": 0.08322496749024708,
    "result": 0.08322496749024708,
    "lack": 0.08322496749024708,
    "action plan": 0.08322496749024708,
    "care children": 0.08322496749024708,
    "response": 0.08192457737321196,
    "SCR": 0.08192457737321196,
    "recently": 0.08062418725617686,
    "change": 0.08062418725617686,
    "year": 0.08062418725617686,
    "include": 0.08062418725617686,
    "looked children": 0.08062418725617686,
    "regulates inspects": 0.08062418725617686,
    "please telephone": 0.07932379713914174,
    "telephone email": 0.07932379713914174,
    "email enquiries": 0.07932379713914174,
    "plan": 0.07802340702210664,
    "provide": 0.07802340702210664,
    "activity": 0.07672301690507152,
    "understanding": 0.07672301690507152,
    "arrangement": 0.07672301690507152,
    "child death": 0.07672301690507152,
    "sufficient": 0.0754226267880364,
    "led": 0.0741222366710013,
    "sufficiently": 0.07282184655396619,
    "strategic": 0.07282184655396619,
    "inspection local": 0.07282184655396619,
    "carried section": 0.07282184655396619,
    "section Education": 0.07282184655396619,
    "Education Inspections": 0.07282184655396619,
    "Inspections Act": 0.07282184655396619,
    "inspection team": 0.07282184655396619,
    "Lead inspector": 0.07282184655396619,
    "undertaken": 0.07152145643693109,
    "review Local": 0.07152145643693109,
    "oversight": 0.07022106631989597,
    "member": 0.06892067620286085,
    "focus": 0.06892067620286085,
    "across": 0.06892067620286085,
    "current": 0.06762028608582575,
    "agreed": 0.06762028608582575,
    "children families": 0.06762028608582575,
    "support": 0.06631989596879063,
    "provided": 0.06631989596879063,
    "data": 0.06371911573472042,
    "evidence": 0.06371911573472042,
    "process": 0.06371911573472042,
    "one": 0.06371911573472042,
    "level": 0.06371911573472042,
    "childrens social": 0.06371911573472042,
    "across partnership": 0.06371911573472042,
    "threshold": 0.06241872561768531,
    "approach": 0.06241872561768531,
    "uk ofsted": 0.06241872561768531,
    "police": 0.0611183355006502,
    "help protection": 0.0611183355006502,
    "children looked": 0.0611183355006502,
    "experiences children": 0.0611183355006502,
    "Board member": 0.0611183355006502,
    "scrutiny": 0.05981794538361508,
    "improve": 0.05981794538361508,
    "also": 0.05981794538361508,
    "subgroup": 0.05981794538361508,
    "monitoring": 0.05851755526657997,
    "strategy": 0.05851755526657997,
    "poor": 0.05851755526657997,
    "domestic abuse": 0.05851755526657997,
    "place": 0.05721716514954486,
    "evaluation": 0.05721716514954486,
    "agency training": 0.05721716514954486,
    "safeguarding practice": 0.05721716514954486,
    "take": 0.055916775032509754,
    "completed": 0.055916775032509754,
    "WSCB": 0.055916775032509754,
    "independent chair": 0.055916775032509754,
    "need help": 0.055916775032509754,
    "education skills": 0.055916775032509754,
    "findings": 0.054616384915474644,
    "ensuring": 0.054616384915474644,
    "use": 0.054616384915474644,
    "robust": 0.054616384915474644,
    "two": 0.054616384915474644,
    "improved": 0.054616384915474644,
    "developed": 0.054616384915474644,
    "outcomes children": 0.054616384915474644,
    "new": 0.053315994798439535,
    "well": 0.053315994798439535,
    "established": 0.053315994798439535,
    "event": 0.053315994798439535,
    "meeting": 0.053315994798439535,
    "help protect": 0.053315994798439535,
    "agency audit": 0.053315994798439535,
    "meet": 0.05201560468140442,
    "range": 0.05201560468140442,
    "fully": 0.05201560468140442,
    "relation": 0.05201560468140442,
    "processes": 0.05201560468140442,
    "business plan": 0.05201560468140442,
    "comprehensive": 0.05071521456436931,
    "published": 0.05071521456436931,
    "inform": 0.05071521456436931,
    "assessment": 0.05071521456436931,
    "case file": 0.05071521456436931,
    "people looked": 0.05071521456436931,
    "complaints Ofsted": 0.05071521456436931,
    "engagement": 0.0494148244473342,
    "help care": 0.0494148244473342,
    "business": 0.04811443433029909,
    "health": 0.04811443433029909,
    "link": 0.04811443433029909,
    "Support Service": 0.04811443433029909,
    "identify": 0.04681404421326398,
    "limited": 0.04681404421326398,
    "programme": 0.04681404421326398,
    "will": 0.04681404421326398,
    "shared": 0.04681404421326398,
    "TSCB": 0.04681404421326398,
    "work Board": 0.04681404421326398,
    "learning improvement": 0.04681404421326398,
    "section audit": 0.04681404421326398,
    "positive": 0.045513654096228866,
    "attendance": 0.045513654096228866,
    "structure": 0.045513654096228866,
    "role": 0.045513654096228866,
    "Children Act": 0.045513654096228866,
    "framework": 0.044213263979193757,
    "reviewed": 0.044213263979193757,
    "currently": 0.044213263979193757,
    "capacity": 0.044213263979193757,
    "concern": 0.044213263979193757,
    "implemented": 0.044213263979193757
}