{
    "young people": 1.0,
    "children": 0.9830713422007256,
    "local authority": 0.8198307134220073,
    "service": 0.6541717049576784,
    "ensure": 0.5175332527206772,
    "looked children": 0.5030229746070133,
    "care leaver": 0.49939540507859737,
    "social worker": 0.46795646916565903,
    "children young": 0.44740024183796856,
    "support": 0.4449818621523579,
    "work": 0.41717049576783555,
    "need": 0.3978234582829504,
    "Board": 0.3615477629987908,
    "good": 0.32406287787182586,
    "plan": 0.3192261185006046,
    "However": 0.313180169286578,
    "review": 0.309552599758162,
    "case": 0.2914147521160822,
    "including": 0.282950423216445,
    "LSCB": 0.279322853688029,
    "assessment": 0.26481257557436516,
    "team": 0.26118500604594924,
    "child protection": 0.2599758162031439,
    "staff": 0.24062877871825877,
    "provide": 0.22128174123337363,
    "identified": 0.218863361547763,
    "practice": 0.21160822249093109,
    "sexual exploitation": 0.2067714631197098,
    "early help": 0.20435308343409916,
    "well": 0.20314389359129384,
    "risk": 0.20193470374848851,
    "arrangement": 0.2007255139056832,
    "information": 0.19830713422007254,
    "within": 0.19709794437726724,
    "care": 0.19709794437726724,
    "report": 0.1946795646916566,
    "effective": 0.19226118500604594,
    "multi agency": 0.18137847642079807,
    "appropriate": 0.1777509068923821,
    "social care": 0.1777509068923821,
    "effectively": 0.17533252720677148,
    "example": 0.17412333736396615,
    "progress": 0.1717049576783555,
    "adoption": 0.17049576783555018,
    "manager": 0.17049576783555018,
    "placement": 0.17049576783555018,
    "clear": 0.16807738814993953,
    "families": 0.16686819830713423,
    "result": 0.16686819830713423,
    "always": 0.16686819830713423,
    "training": 0.16686819830713423,
    "child sexual": 0.16444981862152358,
    "although": 0.1608222490931076,
    "year": 0.15840386940749698,
    "performance": 0.15840386940749698,
    "social work": 0.15840386940749698,
    "issue": 0.15719467956469166,
    "action": 0.15598548972188633,
    "improvement": 0.154776299879081,
    "group": 0.154776299879081,
    "children looked": 0.14993954050785974,
    "lack": 0.1475211608222491,
    "use": 0.14631197097944376,
    "school": 0.14510278113663846,
    "challenge": 0.14389359129383314,
    "time": 0.14389359129383314,
    "one": 0.1414752116082225,
    "recent": 0.1414752116082225,
    "delay": 0.14026602176541716,
    "audit": 0.14026602176541716,
    "childrens service": 0.13905683192261184,
    "currently": 0.13784764207980654,
    "new": 0.13663845223700122,
    "partner": 0.1354292623941959,
    "many": 0.1354292623941959,
    "mean": 0.1354292623941959,
    "impact": 0.13301088270858524,
    "level": 0.13180169286577992,
    "foster carer": 0.13059250302297462,
    "include": 0.1293833131801693,
    "parent": 0.12696493349455865,
    "supported": 0.12575574365175332,
    "evidence": 0.12575574365175332,
    "adopter": 0.12575574365175332,
    "development": 0.12454655380894801,
    "access": 0.12454655380894801,
    "children families": 0.12454655380894801,
    "also": 0.11970979443772672,
    "quality": 0.11970979443772672,
    "two": 0.11970979443772672,
    "concern": 0.11970979443772672,
    "childrens social": 0.11970979443772672,
    "significant": 0.1185006045949214,
    "improve": 0.1185006045949214,
    "meeting": 0.1185006045949214,
    "now": 0.11729141475211609,
    "contact": 0.11487303506650544,
    "robust": 0.11487303506650544,
    "agencies": 0.11366384522370013,
    "child": 0.11366384522370013,
    "made": 0.1124546553808948,
    "provided": 0.11124546553808948,
    "recently": 0.11003627569528417,
    "family": 0.11003627569528417,
    "make": 0.10761789600967352,
    "timely": 0.10761789600967352,
    "area": 0.10640870616686819,
    "range": 0.10640870616686819,
    "police": 0.10519951632406288,
    "experience": 0.10519951632406288,
    "timescale": 0.10278113663845223,
    "completed": 0.10157194679564692,
    "process": 0.1003627569528416,
    "understand": 0.09794437726723096,
    "analysis": 0.09794437726723096,
    "system": 0.09794437726723096,
    "management oversight": 0.09794437726723096,
    "yet": 0.09552599758162031,
    "protection plan": 0.09552599758162031,
    "remain": 0.094316807738815,
    "seen": 0.094316807738815,
    "sufficient": 0.094316807738815,
    "children need": 0.094316807738815,
    "number": 0.09310761789600967,
    "data": 0.09310761789600967,
    "key": 0.09310761789600967,
    "receive": 0.09310761789600967,
    "appropriately": 0.09189842805320435,
    "identify": 0.09189842805320435,
    "take": 0.09189842805320435,
    "referral": 0.09189842805320435,
    "change": 0.09189842805320435,
    "intervention": 0.09189842805320435,
    "provision": 0.09189842805320435,
    "ensure children": 0.09189842805320435,
    "considered": 0.09068923821039904,
    "better": 0.09068923821039904,
    "current": 0.08948004836759371,
    "consistently": 0.08827085852478839,
    "threshold": 0.08827085852478839,
    "used": 0.08827085852478839,
    "response": 0.08827085852478839,
    "domestic abuse": 0.08827085852478839,
    "required": 0.08706166868198308,
    "poor": 0.08585247883917775,
    "meet": 0.08585247883917775,
    "professional": 0.08585247883917775,
    "planning": 0.08464328899637243,
    "carer": 0.08464328899637243,
    "improved": 0.08343409915356712,
    "panel": 0.08343409915356712,
    "partnership": 0.08343409915356712,
    "partner agencies": 0.08343409915356712,
    "assessed": 0.08222490931076179,
    "strategy": 0.08222490931076179,
    "resulted": 0.08222490931076179,
    "sufficiently": 0.08222490931076179,
    "capacity": 0.08222490931076179,
    "show": 0.08101571946795647,
    "supervision": 0.08101571946795647,
    "cases seen": 0.08101571946795647,
    "case review": 0.08101571946795647,
    "worker": 0.07980652962515115,
    "place": 0.07980652962515115,
    "visit": 0.07980652962515115,
    "routinely": 0.07859733978234583,
    "record": 0.07859733978234583,
    "positive": 0.0773881499395405,
    "view": 0.0773881499395405,
    "across": 0.0761789600967352,
    "learning": 0.0761789600967352,
    "programme": 0.0761789600967352,
    "outcomes children": 0.0761789600967352,
    "led": 0.07496977025392987,
    "understanding": 0.07496977025392987,
    "undertaken": 0.07496977025392987,
    "day": 0.07376058041112454,
    "inspector": 0.07255139056831923,
    "young person": 0.07255139056831923,
    "decision making": 0.07255139056831923,
    "senior manager": 0.07255139056831923,
    "enable": 0.07134220072551391,
    "individual": 0.07134220072551391,
    "member": 0.07134220072551391,
    "serious case": 0.07134220072551391,
    "focus": 0.07013301088270858,
    "address": 0.06892382103990327,
    "inform": 0.06892382103990327,
    "attendance": 0.06892382103990327,
    "insufficient": 0.06771463119709795,
    "overall": 0.06771463119709795,
    "high": 0.06771463119709795,
    "improving": 0.06771463119709795,
    "fully": 0.06771463119709795,
    "quality assurance": 0.06771463119709795,
    "consistent": 0.06650544135429262,
    "accommodation": 0.06650544135429262,
    "focused": 0.06529625151148731,
    "despite": 0.06529625151148731,
    "strategic": 0.06529625151148731
}