{
    "children": 1.0,
    "young people": 0.8834285714285715,
    "local authority": 0.7051428571428572,
    "service": 0.5805714285714285,
    "looked children": 0.4491428571428571,
    "social worker": 0.44457142857142856,
    "care leaver": 0.4045714285714286,
    "work": 0.38857142857142857,
    "support": 0.38857142857142857,
    "need": 0.38171428571428573,
    "Board": 0.38171428571428573,
    "children young": 0.38171428571428573,
    "plan": 0.3462857142857143,
    "good": 0.3177142857142857,
    "However": 0.29714285714285715,
    "assessment": 0.28685714285714287,
    "case": 0.2822857142857143,
    "ensure": 0.27314285714285713,
    "LSCB": 0.2662857142857143,
    "team": 0.2537142857142857,
    "including": 0.24342857142857144,
    "child protection": 0.2422857142857143,
    "review": 0.23542857142857143,
    "practice": 0.23085714285714284,
    "staff": 0.2102857142857143,
    "early help": 0.2102857142857143,
    "identified": 0.20914285714285713,
    "provide": 0.19314285714285714,
    "information": 0.18857142857142858,
    "sexual exploitation": 0.18742857142857142,
    "well": 0.18628571428571428,
    "care": 0.18514285714285714,
    "report": 0.18514285714285714,
    "progress": 0.17485714285714285,
    "multi agency": 0.17485714285714285,
    "always": 0.1737142857142857,
    "social care": 0.17257142857142857,
    "effective": 0.1702857142857143,
    "result": 0.16685714285714287,
    "example": 0.16457142857142856,
    "effectively": 0.16342857142857142,
    "although": 0.16342857142857142,
    "placement": 0.16342857142857142,
    "families": 0.16228571428571428,
    "lack": 0.16228571428571428,
    "within": 0.16228571428571428,
    "risk": 0.15542857142857142,
    "child sexual": 0.15428571428571428,
    "clear": 0.15314285714285714,
    "manager": 0.152,
    "adoption": 0.15085714285714286,
    "arrangement": 0.14971428571428572,
    "appropriate": 0.1462857142857143,
    "social work": 0.1462857142857143,
    "group": 0.144,
    "training": 0.144,
    "many": 0.1417142857142857,
    "quality": 0.1417142857142857,
    "school": 0.1417142857142857,
    "mean": 0.1417142857142857,
    "issue": 0.14057142857142857,
    "challenge": 0.136,
    "delay": 0.13485714285714287,
    "time": 0.13485714285714287,
    "year": 0.13485714285714287,
    "performance": 0.1337142857142857,
    "action": 0.13028571428571428,
    "improvement": 0.128,
    "audit": 0.12685714285714286,
    "impact": 0.12685714285714286,
    "currently": 0.12457142857142857,
    "one": 0.12228571428571429,
    "partner": 0.12114285714285715,
    "concern": 0.12114285714285715,
    "evidence": 0.12,
    "also": 0.12,
    "access": 0.12,
    "new": 0.12,
    "foster carer": 0.11885714285714286,
    "use": 0.11771428571428572,
    "area": 0.11657142857142858,
    "parent": 0.11657142857142858,
    "childrens social": 0.11657142857142858,
    "recent": 0.11542857142857142,
    "adopter": 0.11428571428571428,
    "agencies": 0.112,
    "now": 0.112,
    "number": 0.11085714285714286,
    "childrens service": 0.11085714285714286,
    "seen": 0.10971428571428571,
    "development": 0.10971428571428571,
    "children families": 0.10971428571428571,
    "level": 0.10857142857142857,
    "meeting": 0.10857142857142857,
    "response": 0.10742857142857143,
    "supported": 0.10628571428571429,
    "range": 0.104,
    "make": 0.104,
    "referral": 0.104,
    "two": 0.10285714285714286,
    "process": 0.10285714285714286,
    "include": 0.10285714285714286,
    "children looked": 0.10285714285714286,
    "police": 0.10057142857142858,
    "provided": 0.10057142857142858,
    "recently": 0.09942857142857142,
    "robust": 0.09942857142857142,
    "experience": 0.09942857142857142,
    "family": 0.09828571428571428,
    "intervention": 0.09828571428571428,
    "made": 0.09714285714285714,
    "children need": 0.09714285714285714,
    "poor": 0.096,
    "completed": 0.09485714285714286,
    "yet": 0.09371428571428571,
    "significant": 0.09257142857142857,
    "child": 0.09257142857142857,
    "timely": 0.09257142857142857,
    "remain": 0.09142857142857143,
    "system": 0.09142857142857143,
    "data": 0.09142857142857143,
    "contact": 0.09028571428571429,
    "consistently": 0.08914285714285715,
    "change": 0.08914285714285715,
    "worker": 0.088,
    "place": 0.08685714285714285,
    "better": 0.08685714285714285,
    "protection plan": 0.08685714285714285,
    "management oversight": 0.08571428571428572,
    "identify": 0.08342857142857144,
    "across": 0.08342857142857144,
    "threshold": 0.08342857142857144,
    "individual": 0.08342857142857144,
    "timescale": 0.08114285714285714,
    "cases seen": 0.08114285714285714,
    "appropriately": 0.08,
    "current": 0.08,
    "partnership": 0.08,
    "professional": 0.08,
    "partner agencies": 0.08,
    "take": 0.07885714285714286,
    "considered": 0.07885714285714286,
    "improved": 0.07885714285714286,
    "used": 0.07885714285714286,
    "understanding": 0.07885714285714286,
    "panel": 0.07885714285714286,
    "live": 0.07885714285714286,
    "domestic abuse": 0.07885714285714286,
    "key": 0.07771428571428571,
    "provision": 0.07771428571428571,
    "sufficiently": 0.07771428571428571,
    "meet": 0.07657142857142857,
    "capacity": 0.07657142857142857,
    "led": 0.07542857142857143,
    "planning": 0.07542857142857143,
    "routinely": 0.07542857142857143,
    "resulted": 0.07542857142857143,
    "understand": 0.07428571428571429,
    "insufficient": 0.07428571428571429,
    "positive": 0.07428571428571429,
    "required": 0.07428571428571429,
    "carer": 0.07428571428571429,
    "supervision": 0.07428571428571429,
    "case review": 0.07428571428571429,
    "show": 0.07314285714285715,
    "receive": 0.072,
    "strategy": 0.072,
    "undertaken": 0.072,
    "sufficient": 0.07085714285714285,
    "programme": 0.07085714285714285,
    "visit": 0.06971428571428571,
    "improving": 0.06971428571428571,
    "analysis": 0.06857142857142857,
    "inspector": 0.06857142857142857,
    "risk harm": 0.06857142857142857,
    "record": 0.06742857142857143,
    "assessed": 0.06628571428571428,
    "attendance": 0.06628571428571428,
    "outcomes children": 0.06628571428571428,
    "senior manager": 0.06628571428571428,
    "serious case": 0.06628571428571428,
    "overall": 0.06514285714285714,
    "view": 0.06514285714285714,
    "many children": 0.06514285714285714,
    "improve": 0.064,
    "despite": 0.064,
    "working": 0.064,
    "learning": 0.064,
    "member": 0.064,
    "help protection": 0.064,
    "enough": 0.06285714285714286,
    "available": 0.06285714285714286,
    "day": 0.06285714285714286,
    "inform": 0.06285714285714286,
    "limited": 0.06285714285714286,
    "children risk": 0.06285714285714286,
    "known": 0.061714285714285715,
    "high": 0.061714285714285715,
    "need help": 0.061714285714285715,
    "decision making": 0.061714285714285715
}