{
    "children": 1.0,
    "young people": 0.6978193146417445,
    "service": 0.5700934579439252,
    "local authority": 0.5669781931464174,
    "need": 0.38317757009345793,
    "children young": 0.38006230529595014,
    "work": 0.35514018691588783,
    "social worker": 0.3177570093457944,
    "support": 0.29906542056074764,
    "care": 0.2866043613707165,
    "care leaver": 0.27414330218068533,
    "LSCB": 0.2554517133956386,
    "plan": 0.2523364485981308,
    "good": 0.2336448598130841,
    "help": 0.22741433021806853,
    "well": 0.205607476635514,
    "looked children": 0.19937694704049844,
    "However": 0.16510903426791276,
    "many": 0.16199376947040497,
    "Board": 0.16199376947040497,
    "always": 0.1588785046728972,
    "staff": 0.1557632398753894,
    "adoption": 0.1526479750778816,
    "make sure": 0.1526479750778816,
    "enough": 0.14641744548286603,
    "quality": 0.14330218068535824,
    "manager": 0.14330218068535824,
    "case": 0.13707165109034267,
    "live": 0.13395638629283488,
    "families": 0.13395638629283488,
    "partner": 0.1308411214953271,
    "childrens services": 0.1277258566978193,
    "improve": 0.12461059190031153,
    "authority area": 0.12461059190031153,
    "make": 0.12149532710280374,
    "ensure": 0.12149532710280374,
    "family": 0.11838006230529595,
    "information": 0.11526479750778816,
    "council": 0.11526479750778816,
    "Lambeth": 0.11526479750778816,
    "better": 0.11214953271028037,
    "placement": 0.11214953271028037,
    "home": 0.10903426791277258,
    "year": 0.10903426791277258,
    "report": 0.1059190031152648,
    "place": 0.1059190031152648,
    "made": 0.1059190031152648,
    "children families": 0.1059190031152648,
    "within": 0.102803738317757,
    "know": 0.102803738317757,
    "risk": 0.102803738317757,
    "inspection": 0.09968847352024922,
    "children looked": 0.09968847352024922,
    "time": 0.09657320872274143,
    "education": 0.09657320872274143,
    "issue": 0.09345794392523364,
    "provided": 0.09034267912772585,
    "training": 0.09034267912772585,
    "example": 0.09034267912772585,
    "live authority": 0.09034267912772585,
    "senior manager": 0.09034267912772585,
    "also": 0.08722741433021806,
    "provide": 0.08722741433021806,
    "team": 0.08722741433021806,
    "inspector": 0.08722741433021806,
    "thing": 0.08722741433021806,
    "multi agency": 0.08722741433021806,
    "improvement": 0.08411214953271028,
    "health": 0.08099688473520249,
    "child": 0.08099688473520249,
    "helped": 0.0778816199376947,
    "early": 0.0778816199376947,
    "decision": 0.0778816199376947,
    "effectively": 0.0778816199376947,
    "practice": 0.0778816199376947,
    "new": 0.0778816199376947,
    "mean": 0.0778816199376947,
    "ceased looked": 0.0778816199376947,
    "safe": 0.07476635514018691,
    "missing": 0.07476635514018691,
    "school": 0.07476635514018691,
    "often": 0.07476635514018691,
    "sometimes": 0.07476635514018691,
    "assessment": 0.07476635514018691,
    "understand": 0.07165109034267912,
    "quickly": 0.07165109034267912,
    "sufficiently": 0.07165109034267912,
    "impact": 0.07165109034267912,
    "two": 0.07165109034267912,
    "carer": 0.07165109034267912,
    "area live": 0.07165109034267912,
    "sexual exploitation": 0.07165109034267912,
    "foster carer": 0.07165109034267912,
    "although": 0.06853582554517133,
    "recently": 0.06853582554517133,
    "progress": 0.06853582554517133,
    "level": 0.06853582554517133,
    "quickly enough": 0.06853582554517133,
    "one": 0.06542056074766354,
    "key": 0.06542056074766354,
    "right": 0.06542056074766354,
    "learning": 0.06542056074766354,
    "panel": 0.06542056074766354,
    "supported": 0.06542056074766354,
    "group": 0.06542056074766354,
    "arrangements": 0.06230529595015576,
    "long": 0.06230529595015576,
    "action": 0.06230529595015576,
    "adopted": 0.06230529595015576,
    "January": 0.06230529595015576,
    "effective": 0.06230529595015576,
    "experience": 0.06230529595015576,
    "cases seen": 0.06230529595015576,
    "safeguarding": 0.059190031152647975,
    "change": 0.059190031152647975,
    "find": 0.059190031152647975,
    "performance": 0.059190031152647975,
    "member": 0.059190031152647975,
    "childrens home": 0.059190031152647975,
    "Ofsted inspection": 0.059190031152647975,
    "review": 0.056074766355140186,
    "adult": 0.056074766355140186,
    "inadequate": 0.056074766355140186,
    "still": 0.056074766355140186,
    "regularly": 0.056074766355140186,
    "placed": 0.056074766355140186,
    "result": 0.056074766355140186,
    "adopters": 0.056074766355140186,
    "three": 0.056074766355140186,
    "per children": 0.056074766355140186,
    "poor": 0.0529595015576324,
    "important": 0.0529595015576324,
    "take": 0.0529595015576324,
    "receive": 0.0529595015576324,
    "view": 0.0529595015576324,
    "access": 0.0529595015576324,
    "recent": 0.04984423676012461,
    "will": 0.04984423676012461,
    "happen": 0.04984423676012461,
    "job": 0.04984423676012461,
    "court": 0.04984423676012461,
    "lack": 0.04984423676012461,
    "effectiveness": 0.04984423676012461,
    "established": 0.04984423676012461,
    "meeting": 0.04984423676012461,
    "looked local": 0.04984423676012461,
    "live residential": 0.04984423676012461,
    "judged good": 0.04984423676012461,
    "child protection": 0.04984423676012461,
    "number": 0.04672897196261682,
    "data": 0.04672897196261682,
    "working": 0.04672897196261682,
    "needed": 0.04672897196261682,
    "problems": 0.04672897196261682,
    "currently": 0.04672897196261682,
    "analysis": 0.04672897196261682,
    "completed": 0.04672897196261682,
    "delay": 0.04672897196261682,
    "required": 0.04672897196261682,
    "significant": 0.04672897196261682,
    "parent": 0.04672897196261682,
    "visit": 0.04672897196261682,
    "need help": 0.04672897196261682,
    "good enough": 0.04672897196261682,
    "seen inspectors": 0.04672897196261682,
    "best": 0.04361370716510903,
    "trust": 0.04361370716510903,
    "together": 0.04361370716510903,
    "making": 0.04361370716510903,
    "considered": 0.04361370716510903,
    "clear": 0.04361370716510903,
    "average": 0.04361370716510903,
    "identified": 0.04361370716510903,
    "standard": 0.04361370716510903,
    "enable": 0.04361370716510903,
    "residential special": 0.04361370716510903,
    "people ceased": 0.04361370716510903,
    "post since": 0.04361370716510903,
    "social work": 0.04361370716510903,
    "time inspection": 0.04361370716510903,
    "stay": 0.040498442367601244,
    "part": 0.040498442367601244,
    "appropriately": 0.040498442367601244,
    "robust": 0.040498442367601244,
    "undertaken": 0.040498442367601244,
    "routinely": 0.040498442367601244,
    "recording": 0.040498442367601244,
    "resulted": 0.040498442367601244,
    "high": 0.040498442367601244,
    "assessed": 0.040498442367601244,
    "return": 0.040498442367601244,
    "professional": 0.040498442367601244,
    "previous inspection": 0.040498442367601244,
    "authority judged": 0.040498442367601244,
    "help need": 0.040498442367601244,
    "means children": 0.040498442367601244,
    "Inspection judgement": 0.040498442367601244,
    "given": 0.037383177570093455,
    "available": 0.037383177570093455,
    "Chair": 0.037383177570093455
}