{
    "young people": 1.0,
    "children": 0.9911699779249448,
    "service": 0.9116997792494481,
    "local authority": 0.8344370860927153,
    "support": 0.5629139072847682,
    "children young": 0.5584988962472406,
    "need": 0.5364238410596026,
    "care leaver": 0.4988962472406181,
    "social worker": 0.4370860927152318,
    "plan": 0.40176600441501104,
    "work": 0.3598233995584989,
    "assessment": 0.3576158940397351,
    "case": 0.3465783664459161,
    "children looked": 0.34216335540838855,
    "board": 0.3355408388520971,
    "ensure": 0.3355408388520971,
    "However": 0.31346578366445915,
    "improvement": 0.2958057395143488,
    "well": 0.2913907284768212,
    "effective": 0.27593818984547464,
    "good": 0.271523178807947,
    "identified": 0.2693156732891832,
    "quality": 0.2582781456953642,
    "practice": 0.2582781456953642,
    "sexual exploitation": 0.25386313465783666,
    "arrangement": 0.24944812362030905,
    "child protection": 0.24282560706401765,
    "team": 0.23399558498896247,
    "looked children": 0.23399558498896247,
    "childrens service": 0.22958057395143489,
    "families": 0.22737306843267108,
    "planning": 0.2185430463576159,
    "information": 0.2119205298013245,
    "provide": 0.2052980132450331,
    "always": 0.20309050772626933,
    "mean": 0.20088300220750552,
    "children need": 0.20088300220750552,
    "lack": 0.1986754966887417,
    "result": 0.19646799116997793,
    "including": 0.19205298013245034,
    "staff": 0.19205298013245034,
    "services children": 0.19205298013245034,
    "early help": 0.18984547461368653,
    "care": 0.18543046357615894,
    "live": 0.18322295805739514,
    "placement": 0.18322295805739514,
    "multi agency": 0.18322295805739514,
    "Safeguarding Children": 0.18101545253863136,
    "poor": 0.17880794701986755,
    "social work": 0.17660044150110377,
    "clear": 0.17439293598233996,
    "inspector": 0.16997792494481237,
    "review": 0.16777041942604856,
    "number": 0.16777041942604856,
    "enough": 0.16777041942604856,
    "concern": 0.16777041942604856,
    "within": 0.16777041942604856,
    "child sexual": 0.16777041942604856,
    "appropriate": 0.16556291390728478,
    "impact": 0.16556291390728478,
    "risk": 0.16335540838852097,
    "adoption": 0.16335540838852097,
    "many": 0.16335540838852097,
    "training": 0.16335540838852097,
    "place": 0.16114790286975716,
    "yet": 0.16114790286975716,
    "action": 0.16114790286975716,
    "one": 0.15673289183222958,
    "improve": 0.1545253863134658,
    "also": 0.1545253863134658,
    "challenge": 0.15011037527593818,
    "response": 0.1479028697571744,
    "area": 0.1434878587196468,
    "progress": 0.1434878587196468,
    "delay": 0.1434878587196468,
    "although": 0.1434878587196468,
    "help protection": 0.1434878587196468,
    "Children Board": 0.1434878587196468,
    "example": 0.141280353200883,
    "manager": 0.141280353200883,
    "Local Safeguarding": 0.141280353200883,
    "performance": 0.1390728476821192,
    "level": 0.1390728476821192,
    "council": 0.1368653421633554,
    "effectively": 0.1368653421633554,
    "change": 0.1346578366445916,
    "development": 0.13245033112582782,
    "remain": 0.13024282560706402,
    "year": 0.13024282560706402,
    "school": 0.12582781456953643,
    "audit": 0.12582781456953643,
    "time": 0.12362030905077263,
    "seen": 0.12362030905077263,
    "timely": 0.12362030905077263,
    "sufficient": 0.12362030905077263,
    "new": 0.12362030905077263,
    "meeting": 0.12141280353200883,
    "need help": 0.12141280353200883,
    "children families": 0.12141280353200883,
    "agencies": 0.11920529801324503,
    "Norfolk": 0.11920529801324503,
    "access": 0.11699779249448124,
    "recent": 0.11699779249448124,
    "take": 0.11699779249448124,
    "significant": 0.11699779249448124,
    "available": 0.11699779249448124,
    "partner": 0.11699779249448124,
    "child": 0.11479028697571744,
    "considered": 0.11479028697571744,
    "contact": 0.11479028697571744,
    "group": 0.11258278145695365,
    "address": 0.11037527593818984,
    "family": 0.11037527593818984,
    "issue": 0.11037527593818984,
    "senior leader": 0.11037527593818984,
    "may": 0.10816777041942605,
    "improving": 0.10816777041942605,
    "decision": 0.10816777041942605,
    "parent": 0.10816777041942605,
    "made": 0.10596026490066225,
    "better": 0.10596026490066225,
    "insufficient": 0.10596026490066225,
    "range": 0.10596026490066225,
    "inadequate": 0.10375275938189846,
    "receive": 0.10375275938189846,
    "consistently": 0.10375275938189846,
    "improved": 0.10375275938189846,
    "worker": 0.10375275938189846,
    "adopter": 0.10154525386313466,
    "senior manager": 0.10154525386313466,
    "foster carer": 0.10154525386313466,
    "evidence": 0.09933774834437085,
    "undertaken": 0.09933774834437085,
    "robust": 0.09933774834437085,
    "focus": 0.09933774834437085,
    "learning": 0.09933774834437085,
    "carer": 0.09933774834437085,
    "Darlington": 0.09933774834437085,
    "sufficiently": 0.09713024282560706,
    "referral": 0.09713024282560706,
    "now": 0.09492273730684327,
    "high": 0.09492273730684327,
    "currently": 0.09492273730684327,
    "key": 0.09492273730684327,
    "process": 0.09492273730684327,
    "led": 0.09271523178807947,
    "current": 0.09271523178807947,
    "identify": 0.09271523178807947,
    "MASH": 0.09271523178807947,
    "provided": 0.09050772626931568,
    "provision": 0.08830022075055188,
    "often": 0.08830022075055188,
    "meet": 0.08830022075055188,
    "professional": 0.08830022075055188,
    "experience": 0.08830022075055188,
    "panel": 0.08830022075055188,
    "make": 0.08609271523178808,
    "standard": 0.08609271523178808,
    "across": 0.08609271523178808,
    "include": 0.08609271523178808,
    "outcomes children": 0.08609271523178808,
    "children risk": 0.08609271523178808,
    "partner agencies": 0.08609271523178808,
    "data": 0.08388520971302428,
    "adult": 0.08388520971302428,
    "social care": 0.08388520971302428,
    "use": 0.08167770419426049,
    "understand": 0.08167770419426049,
    "threshold": 0.08167770419426049,
    "permanence": 0.07947019867549669,
    "intervention": 0.07947019867549669,
    "two": 0.07947019867549669,
    "assessed": 0.07947019867549669,
    "oversight": 0.0772626931567329,
    "appropriately": 0.0772626931567329,
    "used": 0.0772626931567329,
    "individual": 0.0772626931567329,
    "analysis": 0.0772626931567329,
    "management oversight": 0.0772626931567329,
    "set": 0.07505518763796909,
    "recently": 0.07505518763796909,
    "strategic": 0.07505518763796909,
    "focused": 0.07505518763796909,
    "capacity": 0.07505518763796909,
    "understanding": 0.07505518763796909,
    "system": 0.07505518763796909,
    "approach": 0.07505518763796909,
    "partnership": 0.0728476821192053,
    "working": 0.0728476821192053,
    "police": 0.0728476821192053,
    "permanent": 0.0728476821192053,
    "Sunderland": 0.0728476821192053,
    "supported": 0.0728476821192053,
    "risk child": 0.0728476821192053,
    "quality assurance": 0.0728476821192053,
    "commissioned": 0.0706401766004415,
    "given": 0.0706401766004415,
    "programme": 0.0706401766004415,
    "monitor": 0.0706401766004415,
    "June": 0.0706401766004415
}