{
    "Board": 1.0,
    "LSCB": 0.4442231075697211,
    "young people": 0.4362549800796813,
    "work": 0.3705179282868526,
    "children young": 0.3187250996015936,
    "local authority": 0.3147410358565737,
    "practice": 0.2749003984063745,
    "ensure": 0.2689243027888446,
    "partner": 0.22111553784860558,
    "multi agency": 0.21912350597609562,
    "service": 0.2051792828685259,
    "challenge": 0.1892430278884462,
    "sexual exploitation": 0.18326693227091634,
    "However": 0.16533864541832669,
    "sub group": 0.1553784860557769,
    "review": 0.15338645418326693,
    "including": 0.15338645418326693,
    "audit": 0.14940239043824702,
    "case review": 0.14940239043824702,
    "child sexual": 0.14741035856573706,
    "gov uk": 0.14741035856573706,
    "example": 0.14342629482071714,
    "development": 0.14143426294820718,
    "impact": 0.1394422310756972,
    "staff": 0.13745019920318724,
    "early help": 0.13745019920318724,
    "area": 0.13545816733067728,
    "issue": 0.13346613545816732,
    "priorities": 0.13147410358565736,
    "serious case": 0.13147410358565736,
    "agencies": 0.1294820717131474,
    "effectively": 0.12749003984063745,
    "improvement": 0.12350597609561753,
    "Safeguarding Children": 0.12350597609561753,
    "ofsted gov": 0.12350597609561753,
    "group": 0.12151394422310757,
    "training": 0.12151394422310757,
    "performance": 0.11553784860557768,
    "identified": 0.11354581673306773,
    "social care": 0.11354581673306773,
    "number": 0.10358565737051793,
    "key": 0.10358565737051793,
    "Children Board": 0.10358565737051793,
    "chair": 0.10159362549800798,
    "need": 0.10159362549800798,
    "within": 0.10159362549800798,
    "now": 0.099601593625498,
    "partnership": 0.099601593625498,
    "Recommendation": 0.099601593625498,
    "annual report": 0.099601593625498,
    "significant": 0.09760956175298804,
    "clear": 0.09561752988047809,
    "recent": 0.09561752988047809,
    "sufficiently": 0.09163346613545817,
    "appropriate": 0.09163346613545817,
    "Although": 0.09163346613545817,
    "well": 0.09163346613545817,
    "care children": 0.08964143426294821,
    "strategic": 0.08764940239043825,
    "yet": 0.08764940239043825,
    "partner agencies": 0.08764940239043825,
    "looked children": 0.08764940239043825,
    "result": 0.08565737051792828,
    "Local Safeguarding": 0.08565737051792828,
    "change": 0.08366533864541832,
    "across": 0.08366533864541832,
    "child protection": 0.08366533864541832,
    "action": 0.08167330677290836,
    "learning": 0.08167330677290836,
    "plan": 0.07768924302788845,
    "range": 0.07768924302788845,
    "include": 0.07768924302788845,
    "enquiries ofsted": 0.07768924302788845,
    "support": 0.07569721115537849,
    "appropriately": 0.07569721115537849,
    "provide": 0.07569721115537849,
    "lack": 0.07569721115537849,
    "children families": 0.07569721115537849,
    "childrens service": 0.07370517928286853,
    "sufficient": 0.07171314741035857,
    "across partnership": 0.07171314741035857,
    "safeguarding": 0.06772908366533864,
    "quality": 0.06772908366533864,
    "understanding": 0.06772908366533864,
    "fully": 0.06772908366533864,
    "poor": 0.06772908366533864,
    "recently": 0.06573705179282868,
    "year": 0.06573705179282868,
    "limited": 0.06573705179282868,
    "programme": 0.06573705179282868,
    "led": 0.06573705179282868,
    "progress": 0.06573705179282868,
    "agreed": 0.06573705179282868,
    "outcomes children": 0.06573705179282868,
    "people families": 0.06573705179282868,
    "analysis": 0.06374501992031872,
    "member": 0.06374501992031872,
    "monitoring": 0.06374501992031872,
    "comprehensive": 0.061752988047808766,
    "manager": 0.061752988047808766,
    "undertaken": 0.061752988047808766,
    "assessment": 0.061752988047808766,
    "strategy": 0.061752988047808766,
    "established": 0.061752988047808766,
    "role": 0.061752988047808766,
    "requires improvement": 0.061752988047808766,
    "childrens social": 0.061752988047808766,
    "threshold": 0.05976095617529881,
    "effective": 0.05976095617529881,
    "SCR": 0.05976095617529881,
    "work Board": 0.05976095617529881,
    "care leavers": 0.05976095617529881,
    "safeguarded promoted": 0.05976095617529881,
    "current": 0.05776892430278884,
    "evidence": 0.05776892430278884,
    "consistently": 0.05776892430278884,
    "provided": 0.05776892430278884,
    "remain": 0.05776892430278884,
    "effectiveness local": 0.05776892430278884,
    "child death": 0.05776892430278884,
    "new": 0.055776892430278883,
    "framework": 0.055776892430278883,
    "health": 0.055776892430278883,
    "focus": 0.055776892430278883,
    "police": 0.055776892430278883,
    "action plan": 0.055776892430278883,
    "quality assurance": 0.055776892430278883,
    "safeguarding practice": 0.055776892430278883,
    "board members": 0.055776892430278883,
    "findings": 0.053784860557768925,
    "two": 0.053784860557768925,
    "scrutiny": 0.05179282868525897,
    "data": 0.05179282868525897,
    "inform": 0.05179282868525897,
    "positive": 0.05179282868525897,
    "oversight": 0.05179282868525897,
    "level": 0.05179282868525897,
    "domestic abuse": 0.05179282868525897,
    "agency training": 0.05179282868525897,
    "help protection": 0.05179282868525897,
    "please telephone": 0.05179282868525897,
    "telephone email": 0.05179282868525897,
    "email enquiries": 0.05179282868525897,
    "regulates inspects": 0.05179282868525897,
    "information": 0.049800796812749,
    "CSE": 0.049800796812749,
    "engagement": 0.049800796812749,
    "required": 0.049800796812749,
    "concern": 0.049800796812749,
    "meeting": 0.049800796812749,
    "arrangements place": 0.049800796812749,
    "children looked": 0.049800796812749,
    "experiences children": 0.049800796812749,
    "evaluation": 0.04780876494023904,
    "published": 0.04780876494023904,
    "ensuring": 0.04780876494023904,
    "use": 0.04780876494023904,
    "robust": 0.04780876494023904,
    "take": 0.04780876494023904,
    "supported": 0.04780876494023904,
    "one": 0.04780876494023904,
    "response": 0.04780876494023904,
    "timely": 0.04780876494023904,
    "business plan": 0.04780876494023904,
    "completed": 0.045816733067729085,
    "also": 0.045816733067729085,
    "process": 0.045816733067729085,
    "improved": 0.045816733067729085,
    "relation": 0.045816733067729085,
    "developed": 0.045816733067729085,
    "implemented": 0.045816733067729085,
    "structure": 0.045816733067729085,
    "used": 0.045816733067729085,
    "commissioning": 0.045816733067729085,
    "need help": 0.045816733067729085,
    "widespread serious": 0.045816733067729085,
    "risk harm": 0.045816733067729085,
    "statutory functions": 0.045816733067729085,
    "uk ofsted": 0.045816733067729085,
    "social worker": 0.045816733067729085,
    "report": 0.043824701195219126,
    "approach": 0.043824701195219126,
    "activity": 0.043824701195219126,
    "many": 0.043824701195219126,
    "individual": 0.043824701195219126,
    "resulted": 0.043824701195219126,
    "protection care": 0.043824701195219126,
    "help protect": 0.043824701195219126,
    "section audit": 0.043824701195219126,
    "meet": 0.04183266932270916,
    "reviewed": 0.04183266932270916,
    "responsibilities": 0.04183266932270916,
    "processes": 0.04183266932270916,
    "arrangement": 0.04183266932270916,
    "areas improvement": 0.04183266932270916,
    "inspection local": 0.04183266932270916,
    "better": 0.0398406374501992,
    "time": 0.0398406374501992,
    "business": 0.0398406374501992,
    "evaluated": 0.0398406374501992
}