{
    "Board": 1.0,
    "local authority": 0.9331476323119777,
    "service": 0.7743732590529248,
    "young people": 0.7604456824512534,
    "LSCB": 0.637883008356546,
    "children young": 0.5654596100278552,
    "work": 0.5376044568245125,
    "practice": 0.5153203342618384,
    "ensure": 0.4428969359331476,
    "However": 0.3871866295264624,
    "improvement": 0.3816155988857939,
    "social worker": 0.3593314763231198,
    "including": 0.33147632311977715,
    "looked children": 0.3286908077994429,
    "staff": 0.32590529247910865,
    "support": 0.31197771587743733,
    "childrens service": 0.3064066852367688,
    "need": 0.30362116991643456,
    "identified": 0.298050139275766,
    "performance": 0.28969359331476324,
    "multi agency": 0.28690807799442897,
    "manager": 0.28133704735376047,
    "plan": 0.2757660167130919,
    "challenge": 0.27298050139275765,
    "review": 0.26740947075208915,
    "example": 0.2590529247910863,
    "sexual exploitation": 0.25348189415041783,
    "impact": 0.25069637883008355,
    "effectively": 0.25069637883008355,
    "partner": 0.25069637883008355,
    "early help": 0.25069637883008355,
    "within": 0.2479108635097493,
    "social work": 0.2479108635097493,
    "audit": 0.24512534818941503,
    "new": 0.233983286908078,
    "area": 0.22841225626740946,
    "quality": 0.22562674094707522,
    "significant": 0.22284122562674094,
    "issue": 0.21727019498607242,
    "development": 0.21448467966573817,
    "child sexual": 0.20891364902506965,
    "social care": 0.20612813370473537,
    "change": 0.20334261838440112,
    "clear": 0.1977715877437326,
    "report": 0.19220055710306408,
    "assessment": 0.19220055710306408,
    "partnership": 0.1894150417827298,
    "action": 0.18662952646239556,
    "team": 0.18662952646239556,
    "number": 0.18662952646239556,
    "provide": 0.18662952646239556,
    "children families": 0.18662952646239556,
    "level": 0.181058495821727,
    "effective": 0.17827298050139276,
    "recent": 0.17827298050139276,
    "case review": 0.17548746518105848,
    "strategic": 0.17270194986072424,
    "case": 0.17270194986072424,
    "lack": 0.16991643454038996,
    "result": 0.16991643454038996,
    "Safeguarding Children": 0.16991643454038996,
    "group": 0.1671309192200557,
    "now": 0.1671309192200557,
    "care leavers": 0.1671309192200557,
    "services children": 0.1671309192200557,
    "arrangement": 0.16434540389972144,
    "across": 0.16434540389972144,
    "Although": 0.1615598885793872,
    "supervision": 0.1615598885793872,
    "training": 0.1615598885793872,
    "key": 0.15877437325905291,
    "many": 0.15877437325905291,
    "serious case": 0.15877437325905291,
    "Children Board": 0.15877437325905291,
    "senior manager": 0.15877437325905291,
    "well": 0.1532033426183844,
    "child protection": 0.1532033426183844,
    "chair": 0.15041782729805014,
    "sufficient": 0.15041782729805014,
    "include": 0.15041782729805014,
    "sub group": 0.15041782729805014,
    "understanding": 0.14763231197771587,
    "scrutiny": 0.14763231197771587,
    "agencies": 0.14763231197771587,
    "Local Safeguarding": 0.14763231197771587,
    "appropriate": 0.14484679665738162,
    "learning": 0.14484679665738162,
    "priorities": 0.14484679665738162,
    "outcomes children": 0.14484679665738162,
    "poor": 0.14206128133704735,
    "range": 0.14206128133704735,
    "led": 0.14206128133704735,
    "management oversight": 0.14206128133704735,
    "yet": 0.1392757660167131,
    "quality assurance": 0.1392757660167131,
    "partner agencies": 0.1392757660167131,
    "ofsted gov": 0.1392757660167131,
    "gov uk": 0.1392757660167131,
    "strategy": 0.13649025069637882,
    "childrens social": 0.13649025069637882,
    "focus": 0.13370473537604458,
    "provided": 0.13370473537604458,
    "year": 0.13370473537604458,
    "Recommendation": 0.13370473537604458,
    "response": 0.1309192200557103,
    "use": 0.1309192200557103,
    "member": 0.1309192200557103,
    "established": 0.1309192200557103,
    "sufficiently": 0.1309192200557103,
    "remain": 0.1309192200557103,
    "data": 0.12813370473537605,
    "recently": 0.12534818941504178,
    "positive": 0.12534818941504178,
    "weaknesses": 0.11977715877437325,
    "evidence": 0.11977715877437325,
    "appropriately": 0.11977715877437325,
    "care children": 0.11977715877437325,
    "analysis": 0.116991643454039,
    "consistently": 0.11420612813370473,
    "good": 0.11420612813370473,
    "progress": 0.11420612813370473,
    "relation": 0.11420612813370473,
    "fully": 0.11420612813370473,
    "robust": 0.11142061281337047,
    "Chief Executive": 0.11142061281337047,
    "current": 0.10863509749303621,
    "council": 0.10863509749303621,
    "annual report": 0.10584958217270195,
    "help protection": 0.10584958217270195,
    "Senior leaders": 0.10584958217270195,
    "enough": 0.10306406685236769,
    "oversight": 0.10306406685236769,
    "workforce": 0.10306406685236769,
    "concern": 0.10306406685236769,
    "corporate parenting": 0.10306406685236769,
    "one": 0.10027855153203342,
    "findings": 0.10027855153203342,
    "health": 0.10027855153203342,
    "role": 0.09749303621169916,
    "timely": 0.09749303621169916,
    "performance management": 0.09749303621169916,
    "children looked": 0.09749303621169916,
    "information": 0.0947075208913649,
    "used": 0.0947075208913649,
    "improve": 0.0947075208913649,
    "undertaken": 0.0947075208913649,
    "improved": 0.0947075208913649,
    "capacity": 0.0947075208913649,
    "system": 0.0947075208913649,
    "take": 0.09192200557103064,
    "inform": 0.09192200557103064,
    "DCS": 0.09192200557103064,
    "ensuring": 0.09192200557103064,
    "better": 0.09192200557103064,
    "limited": 0.09192200557103064,
    "monitoring": 0.09192200557103064,
    "mean": 0.09192200557103064,
    "people families": 0.09192200557103064,
    "individual": 0.08913649025069638,
    "meeting": 0.08913649025069638,
    "meet": 0.08913649025069638,
    "performance information": 0.08913649025069638,
    "children care": 0.08913649025069638,
    "strong": 0.08635097493036212,
    "address": 0.08635097493036212,
    "high": 0.08635097493036212,
    "seen": 0.08635097493036212,
    "commissioning": 0.08635097493036212,
    "place": 0.08635097493036212,
    "programme": 0.08635097493036212,
    "need help": 0.08635097493036212,
    "Health Wellbeing": 0.08635097493036212,
    "safeguarded promoted": 0.08635097493036212,
    "elected members": 0.08635097493036212,
    "working": 0.08356545961002786,
    "time": 0.08356545961002786,
    "since": 0.08356545961002786,
    "resulted": 0.08356545961002786,
    "Lead Member": 0.08356545961002786,
    "risk harm": 0.08356545961002786,
    "enquiries ofsted": 0.08356545961002786,
    "services looked": 0.08356545961002786,
    "across partnership": 0.08356545961002786,
    "quality service": 0.08356545961002786,
    "focused": 0.0807799442896936,
    "frontline": 0.0807799442896936,
    "required": 0.0807799442896936,
    "process": 0.0807799442896936,
    "recognised": 0.0807799442896936,
    "post": 0.0807799442896936,
    "police": 0.0807799442896936,
    "vulnerable children": 0.0807799442896936,
    "early": 0.07799442896935933,
    "implemented": 0.07799442896935933,
    "comprehensive": 0.07799442896935933,
    "view": 0.07799442896935933,
    "will": 0.07799442896935933,
    "slow": 0.07799442896935933,
    "commissioned": 0.07799442896935933,
    "CSE": 0.07799442896935933
}