{
    "children": 1.0,
    "service": 0.9882352941176471,
    "Board": 0.8941176470588236,
    "Lead inspector": 0.6588235294117647,
    "young people": 0.6,
    "work": 0.5529411764705883,
    "effective": 0.4235294117647059,
    "LSCB": 0.4235294117647059,
    "ensure": 0.4117647058823529,
    "children young": 0.4117647058823529,
    "training": 0.38823529411764707,
    "partner": 0.38823529411764707,
    "staff": 0.3764705882352941,
    "Quality assurance": 0.36470588235294116,
    "local authority": 0.36470588235294116,
    "safeguarding": 0.35294117647058826,
    "including": 0.3411764705882353,
    "Majestys Inspector": 0.3411764705882353,
    "Inspectors HMI": 0.32941176470588235,
    "inspection team": 0.32941176470588235,
    "team Lead": 0.32941176470588235,
    "Deputy lead": 0.32941176470588235,
    "Team inspectors": 0.32941176470588235,
    "assurance manager": 0.3176470588235294,
    "HMI": 0.3058823529411765,
    "improvement": 0.3058823529411765,
    "practice": 0.29411764705882354,
    "HMI Ofsted": 0.29411764705882354,
    "care": 0.2823529411764706,
    "need": 0.2823529411764706,
    "member": 0.2823529411764706,
    "issue": 0.27058823529411763,
    "social care": 0.27058823529411763,
    "review": 0.25882352941176473,
    "Ofsted inspection": 0.25882352941176473,
    "However": 0.24705882352941178,
    "Senior data": 0.24705882352941178,
    "data analyst": 0.24705882352941178,
    "information": 0.23529411764705882,
    "performance": 0.23529411764705882,
    "multi agency": 0.23529411764705882,
    "yet": 0.2235294117647059,
    "key": 0.2235294117647059,
    "number": 0.2235294117647059,
    "example": 0.2235294117647059,
    "impact": 0.2235294117647059,
    "arrangements": 0.2235294117647059,
    "BSCB": 0.2235294117647059,
    "childrens social": 0.2235294117647059,
    "manager": 0.21176470588235294,
    "provide": 0.21176470588235294,
    "development": 0.21176470588235294,
    "support": 0.21176470588235294,
    "result": 0.2,
    "place": 0.2,
    "audit": 0.2,
    "two": 0.18823529411764706,
    "recent": 0.18823529411764706,
    "significant": 0.18823529411764706,
    "serious case": 0.18823529411764706,
    "case review": 0.18823529411764706,
    "effectively": 0.17647058823529413,
    "identified": 0.17647058823529413,
    "assessment": 0.17647058823529413,
    "plan": 0.17647058823529413,
    "well": 0.17647058823529413,
    "include": 0.17647058823529413,
    "looked children": 0.17647058823529413,
    "agencies": 0.16470588235294117,
    "action": 0.16470588235294117,
    "learning": 0.16470588235294117,
    "good": 0.16470588235294117,
    "schools": 0.16470588235294117,
    "one": 0.15294117647058825,
    "new": 0.15294117647058825,
    "established": 0.15294117647058825,
    "concern": 0.15294117647058825,
    "many": 0.1411764705882353,
    "range": 0.1411764705882353,
    "within": 0.1411764705882353,
    "responsibilities": 0.1411764705882353,
    "health": 0.1411764705882353,
    "effectiveness": 0.1411764705882353,
    "strategy": 0.1411764705882353,
    "early help": 0.1411764705882353,
    "local": 0.12941176470588237,
    "risk": 0.12941176470588237,
    "management": 0.12941176470588237,
    "positive": 0.12941176470588237,
    "poor": 0.12941176470588237,
    "report": 0.12941176470588237,
    "CSCB": 0.12941176470588237,
    "made": 0.12941176470588237,
    "role": 0.12941176470588237,
    "Knowsley": 0.12941176470588237,
    "social worker": 0.12941176470588237,
    "Senior": 0.11764705882352941,
    "remain": 0.11764705882352941,
    "looked": 0.11764705882352941,
    "led": 0.11764705882352941,
    "robust": 0.11764705882352941,
    "across": 0.11764705882352941,
    "now": 0.11764705882352941,
    "challenge": 0.11764705882352941,
    "use": 0.11764705882352941,
    "fully": 0.11764705882352941,
    "partnership": 0.11764705882352941,
    "police": 0.11764705882352941,
    "understanding": 0.11764705882352941,
    "experience": 0.11764705882352941,
    "care leavers": 0.11764705882352941,
    "children families": 0.11764705882352941,
    "authority": 0.10588235294117647,
    "take": 0.10588235294117647,
    "help": 0.10588235294117647,
    "monitor": 0.10588235294117647,
    "timely": 0.10588235294117647,
    "referral": 0.10588235294117647,
    "Council": 0.10588235294117647,
    "court": 0.10588235294117647,
    "families": 0.10588235294117647,
    "analysis": 0.10588235294117647,
    "area": 0.10588235294117647,
    "SCR": 0.10588235294117647,
    "evaluation": 0.10588235294117647,
    "consisted seven": 0.10588235294117647,
    "seven Majestys": 0.10588235294117647,
    "Shadow inspectors": 0.10588235294117647,
    "consisted eight": 0.10588235294117647,
    "eight Majestys": 0.10588235294117647,
    "risk harm": 0.10588235294117647,
    "outcomes children": 0.10588235294117647,
    "safeguarded promoted": 0.10588235294117647,
    "effectiveness local": 0.10588235294117647,
    "sub group": 0.10588235294117647,
    "capacity": 0.09411764705882353,
    "professional": 0.09411764705882353,
    "supervision": 0.09411764705882353,
    "current": 0.09411764705882353,
    "currently": 0.09411764705882353,
    "undertaken": 0.09411764705882353,
    "group": 0.09411764705882353,
    "education": 0.09411764705882353,
    "year": 0.09411764705882353,
    "programme": 0.09411764705882353,
    "relation": 0.09411764705882353,
    "able": 0.09411764705882353,
    "monitoring": 0.09411764705882353,
    "HMI Deputy": 0.09411764705882353,
    "child protection": 0.09411764705882353,
    "senior management": 0.09411764705882353,
    "agency training": 0.09411764705882353,
    "sexual exploitation": 0.09411764705882353,
    "Quality": 0.08235294117647059,
    "leaders": 0.08235294117647059,
    "time": 0.08235294117647059,
    "protection": 0.08235294117647059,
    "response": 0.08235294117647059,
    "high": 0.08235294117647059,
    "activity": 0.08235294117647059,
    "awareness": 0.08235294117647059,
    "make": 0.08235294117647059,
    "system": 0.08235294117647059,
    "Section": 0.08235294117647059,
    "months": 0.08235294117647059,
    "funding": 0.08235294117647059,
    "Family": 0.08235294117647059,
    "promoting": 0.08235294117647059,
    "progress": 0.08235294117647059,
    "supported": 0.08235294117647059,
    "clear": 0.08235294117647059,
    "mean": 0.08235294117647059,
    "recently": 0.08235294117647059,
    "strategic": 0.08235294117647059,
    "initiative": 0.08235294117647059,
    "individual": 0.08235294117647059,
    "level": 0.08235294117647059,
    "lack": 0.08235294117647059,
    "processes": 0.08235294117647059,
    "change": 0.08235294117647059,
    "Buckinghamshire": 0.08235294117647059,
    "Linda Steele": 0.08235294117647059,
    "Helen Cawston": 0.08235294117647059,
    "Susan Myers": 0.08235294117647059,
    "Brenda McLaughlin": 0.08235294117647059,
    "Peter McEntee": 0.08235294117647059,
    "tackle": 0.07058823529411765,
    "increase": 0.07058823529411765,
    "provision": 0.07058823529411765,
    "sufficient": 0.07058823529411765,
    "rate": 0.07058823529411765,
    "resulted": 0.07058823529411765,
    "intervention": 0.07058823529411765,
    "also": 0.07058823529411765,
    "agreed": 0.07058823529411765,
    "available": 0.07058823529411765,
    "priority": 0.07058823529411765,
    "commissioning": 0.07058823529411765,
    "Although": 0.07058823529411765,
    "re": 0.07058823529411765
}