{
    "young people": 1.0,
    "local authority": 0.884235294117647,
    "children young": 0.5807058823529412,
    "care leaver": 0.41505882352941176,
    "service": 0.4037647058823529,
    "ensure": 0.39576470588235296,
    "social worker": 0.37929411764705884,
    "need": 0.3421176470588235,
    "plan": 0.31858823529411767,
    "looked children": 0.3058823529411765,
    "support": 0.30070588235294116,
    "However": 0.2842352941176471,
    "child protection": 0.2644705882352941,
    "work": 0.2611764705882353,
    "multi agency": 0.19247058823529412,
    "including": 0.19105882352941175,
    "assessment": 0.18635294117647058,
    "early help": 0.17788235294117646,
    "social care": 0.17552941176470588,
    "Board": 0.17270588235294118,
    "provide": 0.17270588235294118,
    "well": 0.17223529411764707,
    "effective": 0.16705882352941176,
    "example": 0.16423529411764706,
    "review": 0.1623529411764706,
    "children looked": 0.16094117647058823,
    "staff": 0.15435294117647058,
    "within": 0.15388235294117647,
    "Although": 0.1524705882352941,
    "case": 0.1496470588235294,
    "good": 0.1487058823529412,
    "clear": 0.14823529411764705,
    "placement": 0.14541176470588235,
    "also": 0.14305882352941177,
    "arrangement": 0.13929411764705882,
    "appropriate": 0.13741176470588234,
    "information": 0.13647058823529412,
    "include": 0.13176470588235295,
    "effectively": 0.12941176470588237,
    "child": 0.1275294117647059,
    "foster carer": 0.1275294117647059,
    "social work": 0.12658823529411764,
    "meeting": 0.12611764705882353,
    "children families": 0.12564705882352942,
    "currently": 0.1251764705882353,
    "childrens social": 0.1223529411764706,
    "adoption": 0.12094117647058823,
    "team": 0.11623529411764706,
    "manager": 0.1148235294117647,
    "agencies": 0.11105882352941177,
    "practice": 0.11011764705882353,
    "children care": 0.11011764705882353,
    "parent": 0.10823529411764705,
    "report": 0.10776470588235294,
    "adopter": 0.10729411764705882,
    "Safeguarding Children": 0.10541176470588236,
    "challenge": 0.104,
    "performance": 0.10352941176470588,
    "sexual exploitation": 0.10211764705882354,
    "one": 0.10164705882352941,
    "issue": 0.10070588235294117,
    "childrens service": 0.10070588235294117,
    "always": 0.09835294117647059,
    "use": 0.09788235294117648,
    "identified": 0.09694117647058824,
    "result": 0.09458823529411765,
    "access": 0.09458823529411765,
    "now": 0.09458823529411765,
    "school": 0.09411764705882353,
    "audit": 0.09270588235294118,
    "protection plan": 0.09270588235294118,
    "carer": 0.09223529411764705,
    "group": 0.08988235294117647,
    "Children Board": 0.08988235294117647,
    "training": 0.08847058823529412,
    "new": 0.08847058823529412,
    "children need": 0.08752941176470588,
    "supported": 0.08705882352941176,
    "recent": 0.08705882352941176,
    "development": 0.08705882352941176,
    "Local Safeguarding": 0.08658823529411765,
    "national average": 0.08564705882352941,
    "time": 0.08470588235294117,
    "appropriately": 0.08376470588235294,
    "used": 0.08188235294117648,
    "LSCB": 0.08141176470588235,
    "action": 0.08141176470588235,
    "partner agencies": 0.08141176470588235,
    "provision": 0.08047058823529411,
    "impact": 0.07952941176470588,
    "take": 0.07952941176470588,
    "provided": 0.07905882352941176,
    "referral": 0.07905882352941176,
    "level": 0.07905882352941176,
    "improve": 0.07811764705882353,
    "timely": 0.07811764705882353,
    "focus": 0.07717647058823529,
    "police": 0.07670588235294118,
    "improvement": 0.07576470588235294,
    "change": 0.07576470588235294,
    "authority area": 0.07529411764705882,
    "requires improvement": 0.07529411764705882,
    "domestic abuse": 0.07529411764705882,
    "range": 0.07388235294117647,
    "professional": 0.07294117647058823,
    "senior manager": 0.07294117647058823,
    "contact": 0.07247058823529412,
    "delay": 0.072,
    "mean": 0.07105882352941177,
    "will": 0.07105882352941177,
    "receive": 0.07105882352941177,
    "robust": 0.07105882352941177,
    "process": 0.07058823529411765,
    "record": 0.07058823529411765,
    "current": 0.07058823529411765,
    "remain": 0.07058823529411765,
    "two": 0.07011764705882353,
    "view": 0.07011764705882353,
    "developed": 0.06964705882352941,
    "outcomes children": 0.06964705882352941,
    "yet": 0.06635294117647059,
    "child sexual": 0.06635294117647059,
    "better": 0.06588235294117648,
    "attendance": 0.06588235294117648,
    "panel": 0.06588235294117648,
    "sufficiently": 0.06588235294117648,
    "concern": 0.06588235294117648,
    "need help": 0.06588235294117648,
    "make": 0.06541176470588235,
    "enable": 0.06494117647058824,
    "develop": 0.06447058823529411,
    "lack": 0.06447058823529411,
    "help protection": 0.06447058823529411,
    "partner": 0.064,
    "number children": 0.06352941176470588,
    "role": 0.06305882352941176,
    "made": 0.06305882352941176,
    "many": 0.06258823529411765,
    "working": 0.06258823529411765,
    "consistently": 0.06211764705882353,
    "routinely": 0.06211764705882353,
    "evidence": 0.06211764705882353,
    "comprehensive": 0.0611764705882353,
    "year": 0.0611764705882353,
    "system": 0.06070588235294118,
    "available": 0.06023529411764706,
    "able": 0.06023529411764706,
    "risk": 0.05976470588235294,
    "children missing": 0.05976470588235294,
    "data": 0.059294117647058824,
    "response": 0.059294117647058824,
    "good quality": 0.059294117647058824,
    "CSE": 0.058823529411764705,
    "individual": 0.058823529411764705,
    "quality assurance": 0.058823529411764705,
    "family": 0.05835294117647059,
    "recently": 0.05835294117647059,
    "people families": 0.05835294117647059,
    "enough": 0.05741176470588235,
    "ensuring": 0.05741176470588235,
    "improving": 0.05741176470588235,
    "threshold": 0.05741176470588235,
    "particularly": 0.05694117647058824,
    "intervention": 0.05647058823529412,
    "case review": 0.05647058823529412,
    "place": 0.056,
    "learning": 0.056,
    "Inspection judgement": 0.056,
    "undertaken": 0.05552941176470588,
    "small number": 0.05552941176470588,
    "gov uk": 0.05552941176470588,
    "positive": 0.055058823529411764,
    "consider": 0.055058823529411764,
    "identify": 0.054588235294117646,
    "reflect": 0.054588235294117646,
    "programme": 0.05411764705882353,
    "led": 0.05411764705882353,
    "partnership": 0.05364705882352941,
    "offer": 0.05364705882352941,
    "corporate parenting": 0.05364705882352941,
    "ofsted gov": 0.05364705882352941,
    "meet": 0.0531764705882353,
    "improved": 0.0531764705882353,
    "progress children": 0.0531764705882353,
    "safe": 0.05270588235294118,
    "approach": 0.05270588235294118,
    "timescale": 0.05270588235294118,
    "show": 0.05270588235294118,
    "mental health": 0.05270588235294118,
    "children placed": 0.05270588235294118,
    "fully": 0.05176470588235294,
    "considered": 0.05176470588235294,
    "monitoring": 0.05176470588235294,
    "planning": 0.05129411764705882,
    "three": 0.05129411764705882,
    "analysis": 0.05129411764705882,
    "increased": 0.05129411764705882,
    "serious case": 0.05129411764705882,
    "young person": 0.050823529411764705,
    "chair": 0.050352941176470586
}