{
    "young people": 1.0,
    "children": 0.8784370477568741,
    "local authority": 0.7206946454413893,
    "service": 0.7047756874095513,
    "need": 0.5788712011577424,
    "children young": 0.5238784370477568,
    "support": 0.487698986975398,
    "plan": 0.47467438494934877,
    "However": 0.44138929088277856,
    "social worker": 0.4283646888567294,
    "care leaver": 0.4211287988422576,
    "work": 0.4196816208393632,
    "good": 0.3950795947901592,
    "looked children": 0.38929088277858176,
    "ensure": 0.38205499276411,
    "well": 0.3589001447178003,
    "assessment": 0.29667149059334297,
    "case": 0.29667149059334297,
    "team": 0.29088277858176553,
    "child protection": 0.27496382054992763,
    "Board": 0.2735166425470333,
    "child": 0.2619392185238784,
    "placement": 0.2590448625180897,
    "including": 0.2460202604920405,
    "review": 0.24167872648335745,
    "identified": 0.22865412445730826,
    "risk": 0.2272069464544139,
    "LSCB": 0.2272069464544139,
    "multi agency": 0.2272069464544139,
    "also": 0.22431259044862517,
    "staff": 0.22286541244573083,
    "although": 0.22141823444283648,
    "effective": 0.2170767004341534,
    "social care": 0.2170767004341534,
    "early help": 0.21562952243125905,
    "within": 0.2141823444283647,
    "example": 0.2098408104196816,
    "meeting": 0.20694645441389292,
    "arrangement": 0.20694645441389292,
    "issue": 0.2040520984081042,
    "clear": 0.2040520984081042,
    "school": 0.18668596237337193,
    "progress": 0.18523878437047755,
    "families": 0.1837916063675832,
    "information": 0.1837916063675832,
    "appropriate": 0.1837916063675832,
    "effectively": 0.18234442836468887,
    "quality": 0.17945007235890015,
    "adoption": 0.17945007235890015,
    "provide": 0.17800289435600578,
    "practice": 0.17800289435600578,
    "report": 0.17655571635311143,
    "area": 0.17221418234442837,
    "carer": 0.170767004341534,
    "parent": 0.16642547033285093,
    "access": 0.16642547033285093,
    "group": 0.16208393632416787,
    "agencies": 0.16063675832127353,
    "range": 0.16063675832127353,
    "challenge": 0.15918958031837915,
    "training": 0.1548480463096961,
    "appropriately": 0.15340086830680175,
    "level": 0.15195369030390737,
    "change": 0.15195369030390737,
    "action": 0.14905933429811866,
    "foster carer": 0.14905933429811866,
    "currently": 0.1476121562952243,
    "development": 0.1476121562952243,
    "always": 0.14616497829232997,
    "audit": 0.14616497829232997,
    "impact": 0.14616497829232997,
    "requires improvement": 0.1447178002894356,
    "planning": 0.14182344428364688,
    "manager": 0.14182344428364688,
    "children families": 0.1389290882778582,
    "professional": 0.13603473227206947,
    "include": 0.13603473227206947,
    "childrens social": 0.13603473227206947,
    "recent": 0.1345875542691751,
    "year": 0.13314037626628075,
    "sufficiently": 0.1316931982633864,
    "partner agencies": 0.1316931982633864,
    "children looked": 0.13024602026049203,
    "panel": 0.12590448625180897,
    "view": 0.12445730824891461,
    "result": 0.12445730824891461,
    "provided": 0.12445730824891461,
    "now": 0.12445730824891461,
    "referral": 0.12156295224312591,
    "considered": 0.12156295224312591,
    "social work": 0.12156295224312591,
    "improve": 0.12011577424023155,
    "supported": 0.12011577424023155,
    "partner": 0.11866859623733719,
    "worker": 0.11722141823444283,
    "time": 0.11722141823444283,
    "timely": 0.11577424023154848,
    "remain": 0.11432706222865413,
    "adopter": 0.11432706222865413,
    "one": 0.11287988422575977,
    "live": 0.11287988422575977,
    "new": 0.11287988422575977,
    "performance": 0.11287988422575977,
    "health": 0.11143270622286541,
    "routinely": 0.11143270622286541,
    "system": 0.11143270622286541,
    "positive": 0.10998552821997105,
    "individual": 0.10998552821997105,
    "current": 0.10998552821997105,
    "delay": 0.10998552821997105,
    "use": 0.1085383502170767,
    "provision": 0.1085383502170767,
    "intervention": 0.10709117221418235,
    "recently": 0.10564399421128799,
    "significant": 0.10564399421128799,
    "take": 0.10564399421128799,
    "used": 0.10564399421128799,
    "inspection": 0.10419681620839363,
    "key": 0.10419681620839363,
    "children care": 0.10419681620839363,
    "better": 0.10274963820549927,
    "working": 0.10274963820549927,
    "meet": 0.10274963820549927,
    "childrens service": 0.10274963820549927,
    "across": 0.10130246020260492,
    "robust": 0.10130246020260492,
    "ofsted gov": 0.10130246020260492,
    "gov uk": 0.10130246020260492,
    "focus": 0.09985528219971057,
    "lack": 0.09985528219971057,
    "police": 0.09985528219971057,
    "place": 0.09985528219971057,
    "yet": 0.09985528219971057,
    "family": 0.09840810419681621,
    "sexual exploitation": 0.09840810419681621,
    "make": 0.09696092619392185,
    "concern": 0.09696092619392185,
    "developed": 0.0955137481910275,
    "programme": 0.09406657018813314,
    "care children": 0.09406657018813314,
    "response": 0.09261939218523878,
    "consistently": 0.09261939218523878,
    "enable": 0.09261939218523878,
    "safeguarding": 0.09261939218523878,
    "senior manager": 0.09261939218523878,
    "made": 0.08972503617945007,
    "timescale": 0.08972503617945007,
    "learning": 0.08972503617945007,
    "chair": 0.08827785817655572,
    "benefit": 0.08827785817655572,
    "help": 0.08683068017366136,
    "receive": 0.08683068017366136,
    "number": 0.085383502170767,
    "undertaken": 0.085383502170767,
    "protection plan": 0.085383502170767,
    "two": 0.08393632416787265,
    "fully": 0.08393632416787265,
    "decision": 0.08393632416787265,
    "ensuring": 0.08393632416787265,
    "home": 0.08393632416787265,
    "strategy": 0.0824891461649783,
    "contact": 0.0824891461649783,
    "process": 0.0824891461649783,
    "attendance": 0.0824891461649783,
    "monitoring": 0.0824891461649783,
    "record": 0.08104196816208394,
    "data": 0.07959479015918958,
    "improving": 0.07959479015918958,
    "role": 0.07959479015918958,
    "mean": 0.07959479015918958,
    "inspector": 0.07814761215629522,
    "analysis": 0.07814761215629522,
    "particularly": 0.07814761215629522,
    "threshold": 0.07814761215629522,
    "targeted": 0.07670043415340087,
    "resulted": 0.07670043415340087,
    "accommodation": 0.07670043415340087,
    "outcome": 0.07670043415340087,
    "early": 0.07525325615050651,
    "practitioner": 0.07525325615050651,
    "outcomes children": 0.07525325615050651,
    "cases seen": 0.07525325615050651,
    "evidence": 0.07380607814761216,
    "approach": 0.07380607814761216,
    "many": 0.07380607814761216,
    "offer": 0.07380607814761216,
    "improvement": 0.0723589001447178,
    "future": 0.0723589001447178,
    "partnership": 0.0723589001447178,
    "case review": 0.0723589001447178,
    "Safeguarding Children": 0.0723589001447178,
    "understanding": 0.07091172214182344,
    "finding": 0.07091172214182344,
    "available": 0.0694645441389291,
    "independent": 0.0694645441389291,
    "will": 0.0694645441389291,
    "identify": 0.0694645441389291,
    "small number": 0.0694645441389291,
    "borough": 0.06801736613603473,
    "capacity": 0.06801736613603473
}