{
    "young people": 1.0,
    "local authority": 0.7318840579710145,
    "care leaver": 0.5789049919484702,
    "service": 0.5177133655394525,
    "children": 0.5048309178743962,
    "children young": 0.5024154589371981,
    "support": 0.40177133655394526,
    "ensure": 0.38808373590982287,
    "plan": 0.35909822866344604,
    "need": 0.34863123993558776,
    "looked children": 0.3325281803542673,
    "social worker": 0.3309178743961353,
    "However": 0.33011272141706927,
    "work": 0.321256038647343,
    "Board": 0.29307568438003223,
    "placement": 0.2632850241545894,
    "well": 0.2278582930756844,
    "review": 0.22544283413848631,
    "including": 0.20611916264090177,
    "example": 0.20531400966183574,
    "children looked": 0.20450885668276972,
    "adoption": 0.1932367149758454,
    "provide": 0.18679549114331723,
    "child": 0.18518518518518517,
    "assessment": 0.1819645732689211,
    "although": 0.17713365539452497,
    "within": 0.1747181964573269,
    "multi agency": 0.17391304347826086,
    "good": 0.1723027375201288,
    "effective": 0.16988727858293076,
    "staff": 0.16666666666666666,
    "clear": 0.16586151368760063,
    "area": 0.16586151368760063,
    "foster carer": 0.16505636070853463,
    "currently": 0.16344605475040258,
    "also": 0.15861513687600645,
    "case": 0.15619967793880837,
    "adopter": 0.1537842190016103,
    "school": 0.15136876006441224,
    "effectively": 0.15136876006441224,
    "practice": 0.1473429951690821,
    "report": 0.1457326892109501,
    "progress": 0.1457326892109501,
    "information": 0.1457326892109501,
    "development": 0.14412238325281804,
    "children care": 0.14412238325281804,
    "challenge": 0.143317230273752,
    "arrangement": 0.14170692431561996,
    "LSCB": 0.14170692431561996,
    "appropriate": 0.1392914653784219,
    "manager": 0.1392914653784219,
    "team": 0.13848631239935588,
    "include": 0.13848631239935588,
    "group": 0.13768115942028986,
    "carer": 0.13285024154589373,
    "audit": 0.12962962962962962,
    "now": 0.1288244766505636,
    "access": 0.1247987117552335,
    "range": 0.12399355877616747,
    "level": 0.12399355877616747,
    "identified": 0.12399355877616747,
    "yet": 0.12399355877616747,
    "issue": 0.12399355877616747,
    "year": 0.12318840579710146,
    "performance": 0.1215780998389694,
    "meeting": 0.12077294685990338,
    "training": 0.11916264090177134,
    "requires improvement": 0.11755233494363929,
    "provided": 0.11272141706924316,
    "impact": 0.11272141706924316,
    "new": 0.10789049919484701,
    "early help": 0.107085346215781,
    "use": 0.10628019323671498,
    "change": 0.10628019323671498,
    "one": 0.10386473429951691,
    "panel": 0.10305958132045089,
    "agencies": 0.10305958132045089,
    "social care": 0.10305958132045089,
    "number": 0.10225442834138486,
    "recent": 0.10225442834138486,
    "always": 0.10144927536231885,
    "sexual exploitation": 0.10144927536231885,
    "result": 0.10064412238325282,
    "remain": 0.09742351046698873,
    "time": 0.0966183574879227,
    "supported": 0.0966183574879227,
    "two": 0.0966183574879227,
    "appropriately": 0.09581320450885668,
    "view": 0.09500805152979067,
    "child protection": 0.09500805152979067,
    "developed": 0.09339774557165861,
    "provision": 0.09339774557165861,
    "process": 0.09259259259259259,
    "current": 0.09259259259259259,
    "social work": 0.09017713365539452,
    "data": 0.08856682769726248,
    "chair": 0.08856682769726248,
    "ofsted gov": 0.08856682769726248,
    "gov uk": 0.08856682769726248,
    "recently": 0.08776167471819646,
    "delay": 0.08695652173913043,
    "quality": 0.0861513687600644,
    "IRO": 0.0853462157809984,
    "take": 0.0853462157809984,
    "partnership": 0.08373590982286634,
    "will": 0.08293075684380032,
    "learning": 0.08293075684380032,
    "focus": 0.08293075684380032,
    "sufficiently": 0.08051529790660225,
    "available": 0.08051529790660225,
    "working": 0.08051529790660225,
    "role": 0.08051529790660225,
    "childrens service": 0.08051529790660225,
    "place": 0.07971014492753623,
    "action": 0.07971014492753623,
    "planning": 0.07890499194847021,
    "significant": 0.07890499194847021,
    "programme": 0.07890499194847021,
    "outcomes children": 0.07890499194847021,
    "senior manager": 0.07890499194847021,
    "timely": 0.07648953301127215,
    "individual": 0.07568438003220612,
    "worker": 0.07568438003220612,
    "Safeguarding Children": 0.07568438003220612,
    "evidence": 0.0748792270531401,
    "partner": 0.07407407407407407,
    "case review": 0.07407407407407407,
    "used": 0.07326892109500806,
    "system": 0.07326892109500806,
    "live": 0.07246376811594203,
    "children placed": 0.07246376811594203,
    "positive": 0.071658615136876,
    "make": 0.071658615136876,
    "partner agencies": 0.071658615136876,
    "attendance": 0.07085346215780998,
    "across": 0.07085346215780998,
    "enable": 0.07004830917874397,
    "undertaken": 0.07004830917874397,
    "develop": 0.06924315619967794,
    "mean": 0.06924315619967794,
    "meet": 0.06843800322061191,
    "contact": 0.06763285024154589,
    "specific": 0.06763285024154589,
    "able": 0.06763285024154589,
    "particularly": 0.06763285024154589,
    "strong": 0.06682769726247988,
    "improving": 0.06682769726247988,
    "corporate parenting": 0.06682769726247988,
    "timescale": 0.06602254428341385,
    "receive": 0.06602254428341385,
    "completed": 0.06602254428341385,
    "robust": 0.06602254428341385,
    "parent": 0.06602254428341385,
    "lack": 0.06602254428341385,
    "response": 0.06602254428341385,
    "virtual school": 0.06602254428341385,
    "serious case": 0.06602254428341385,
    "day": 0.06521739130434782,
    "three": 0.06521739130434782,
    "comprehensive": 0.06521739130434782,
    "number children": 0.06521739130434782,
    "resulted": 0.0644122383252818,
    "child sexual": 0.0644122383252818,
    "home": 0.06360708534621579,
    "key": 0.06360708534621579,
    "identify": 0.06360708534621579,
    "strategy": 0.06360708534621579,
    "member": 0.06360708534621579,
    "quality assurance": 0.06360708534621579,
    "consistently": 0.06280193236714976,
    "Children Board": 0.06280193236714976,
    "regular": 0.061996779388083734,
    "led": 0.061191626409017714,
    "continue": 0.061191626409017714,
    "children families": 0.061191626409017714,
    "fully": 0.06038647342995169,
    "offer": 0.06038647342995169,
    "routinely": 0.06038647342995169,
    "supervision": 0.06038647342995169,
    "priorities": 0.06038647342995169,
    "limited": 0.05958132045088567,
    "ensuring": 0.05958132045088567,
    "CSE": 0.05958132045088567,
    "considered": 0.05877616747181964,
    "recruitment": 0.05877616747181964,
    "reflect": 0.05877616747181964,
    "benefit": 0.05877616747181964,
    "care plan": 0.05877616747181964,
    "reported": 0.057971014492753624,
    "established": 0.057971014492753624,
    "arrangements place": 0.057971014492753624,
    "families": 0.0571658615136876,
    "decision": 0.0571658615136876,
    "still": 0.0571658615136876,
    "show": 0.0571658615136876,
    "better": 0.0571658615136876,
    "increased": 0.0571658615136876,
    "Local Safeguarding": 0.0571658615136876,
    "enough": 0.05636070853462158,
    "made": 0.05636070853462158
}