{
    "young people": 1.0,
    "children": 0.7971619365609349,
    "local authority": 0.7287145242070117,
    "children young": 0.5575959933222037,
    "service": 0.5567612687813022,
    "children looked": 0.4549248747913189,
    "need": 0.44741235392320533,
    "support": 0.42237061769616024,
    "social worker": 0.4015025041736227,
    "However": 0.34808013355592654,
    "work": 0.3397328881469115,
    "plan": 0.3380634390651085,
    "ensure": 0.337228714524207,
    "care leaver": 0.333889816360601,
    "looked children": 0.29632721202003337,
    "placement": 0.28297161936560933,
    "review": 0.2704507512520868,
    "well": 0.2662771285475793,
    "foster carer": 0.2646076794657763,
    "Board": 0.24540901502504173,
    "assessment": 0.2328881469115192,
    "good": 0.20534223706176963,
    "child": 0.2020033388981636,
    "school": 0.19198664440734559,
    "example": 0.19198664440734559,
    "case": 0.1911519198664441,
    "provide": 0.18530884808013356,
    "effective": 0.18280467445742904,
    "clear": 0.18280467445742904,
    "including": 0.17946577629382304,
    "progress": 0.17696160267111852,
    "children care": 0.17696160267111852,
    "carer": 0.17278797996661102,
    "arrangement": 0.17195325542570952,
    "information": 0.169449081803005,
    "appropriate": 0.169449081803005,
    "although": 0.16026711185308848,
    "also": 0.15108514190317196,
    "adoption": 0.14858096828046743,
    "LSCB": 0.14774624373956594,
    "within": 0.14691151919866444,
    "currently": 0.14691151919866444,
    "area": 0.14440734557595994,
    "staff": 0.14023372287145242,
    "practice": 0.14023372287145242,
    "issue": 0.13772954924874792,
    "year": 0.1352253756260434,
    "include": 0.1335559265442404,
    "challenge": 0.1327212020033389,
    "effectively": 0.1327212020033389,
    "performance": 0.1318864774624374,
    "report": 0.1302170283806344,
    "training": 0.1302170283806344,
    "group": 0.1293823038397329,
    "risk": 0.1293823038397329,
    "multi agency": 0.12687813021702837,
    "meeting": 0.12604340567612687,
    "development": 0.12604340567612687,
    "manager": 0.12604340567612687,
    "team": 0.12437395659432388,
    "impact": 0.12437395659432388,
    "Recommendation": 0.12353923205342238,
    "identified": 0.12270450751252086,
    "quality": 0.12103505843071787,
    "now": 0.12103505843071787,
    "virtual school": 0.12020033388981637,
    "always": 0.11936560934891485,
    "panel": 0.11936560934891485,
    "use": 0.11936560934891485,
    "IRO": 0.11602671118530884,
    "mean": 0.11602671118530884,
    "access": 0.11519198664440734,
    "supported": 0.11352253756260434,
    "result": 0.11101836393989983,
    "sexual exploitation": 0.11101836393989983,
    "yet": 0.10851419031719532,
    "number children": 0.10851419031719532,
    "appropriately": 0.10684474123539232,
    "action": 0.10684474123539232,
    "range": 0.10517529215358931,
    "recent": 0.10517529215358931,
    "level": 0.10434056761268781,
    "provided": 0.10434056761268781,
    "audit": 0.10434056761268781,
    "time": 0.1010016694490818,
    "adopter": 0.1010016694490818,
    "view": 0.1001669449081803,
    "parent": 0.09599332220367279,
    "new": 0.09515859766277128,
    "change": 0.09515859766277128,
    "care plan": 0.09432387312186978,
    "remain": 0.09348914858096828,
    "provision": 0.09348914858096828,
    "agencies": 0.09348914858096828,
    "receive": 0.09265442404006678,
    "contact": 0.09265442404006678,
    "one": 0.09181969949916527,
    "children placed": 0.09181969949916527,
    "timely": 0.09098497495826377,
    "recently": 0.09015025041736227,
    "current": 0.08931552587646077,
    "improvement": 0.08848080133555926,
    "focus": 0.08764607679465776,
    "make": 0.08681135225375626,
    "evidence": 0.08597662771285476,
    "lack": 0.08597662771285476,
    "sufficiently": 0.08514190317195326,
    "data": 0.08514190317195326,
    "Key Stage": 0.08430717863105175,
    "delay": 0.08347245409015025,
    "families": 0.08263772954924875,
    "individual": 0.08263772954924875,
    "place": 0.08180300500834725,
    "help": 0.08180300500834725,
    "consistently": 0.08096828046744574,
    "meet": 0.07929883138564274,
    "positive": 0.07929883138564274,
    "available": 0.07929883138564274,
    "child protection": 0.07929883138564274,
    "timescale": 0.07846410684474124,
    "health assessment": 0.07846410684474124,
    "two": 0.07762938230383973,
    "process": 0.07679465776293823,
    "considered": 0.07595993322203673,
    "significant": 0.07595993322203673,
    "robust": 0.07595993322203673,
    "majority children": 0.07512520868113523,
    "social work": 0.07512520868113523,
    "decision": 0.07429048414023372,
    "identify": 0.07429048414023372,
    "attendance": 0.07429048414023372,
    "requires improvement": 0.07429048414023372,
    "child sexual": 0.07429048414023372,
    "will": 0.07345575959933222,
    "take": 0.07345575959933222,
    "corporate parenting": 0.07345575959933222,
    "working": 0.07262103505843072,
    "used": 0.07262103505843072,
    "system": 0.07262103505843072,
    "strong": 0.0709515859766277,
    "improving": 0.0709515859766277,
    "able": 0.0709515859766277,
    "social care": 0.0709515859766277,
    "sufficient": 0.07011686143572621,
    "led": 0.06928213689482471,
    "analysis": 0.0676126878130217,
    "senior manager": 0.0676126878130217,
    "capacity": 0.0667779632721202,
    "learning": 0.0667779632721202,
    "benefit": 0.0667779632721202,
    "intervention": 0.0667779632721202,
    "number": 0.0659432387312187,
    "offer": 0.0659432387312187,
    "made": 0.0651085141903172,
    "undertaken": 0.0651085141903172,
    "gov uk": 0.0651085141903172,
    "completed": 0.0642737896494157,
    "developed": 0.0642737896494157,
    "member": 0.0642737896494157,
    "particularly": 0.0642737896494157,
    "young person": 0.0642737896494157,
    "early help": 0.0642737896494157,
    "specific": 0.06343906510851419,
    "improve": 0.06343906510851419,
    "across": 0.06343906510851419,
    "programme": 0.06343906510851419,
    "outcomes children": 0.06343906510851419,
    "home": 0.06260434056761269,
    "week": 0.06260434056761269,
    "resulted": 0.06260434056761269,
    "enable": 0.06260434056761269,
    "partnership": 0.06260434056761269,
    "return home": 0.06260434056761269,
    "small number": 0.06176961602671119,
    "ofsted gov": 0.06176961602671119,
    "time inspection": 0.06176961602671119,
    "overall": 0.06093489148580968,
    "worker": 0.06093489148580968,
    "experienced": 0.06093489148580968,
    "CSE": 0.06093489148580968,
    "live": 0.06010016694490818,
    "independent": 0.06010016694490818,
    "permanence": 0.06010016694490818,
    "ensuring": 0.06010016694490818,
    "people looked": 0.06010016694490818,
    "care proceeding": 0.06010016694490818,
    "key": 0.05926544240400668,
    "chair": 0.05926544240400668,
    "inform": 0.05926544240400668,
    "increased": 0.05926544240400668,
    "professional": 0.05926544240400668,
    "SSCB": 0.05926544240400668,
    "reported": 0.05843071786310518,
    "regular": 0.05843071786310518,
    "better": 0.05843071786310518,
    "low": 0.05843071786310518,
    "mental health": 0.05843071786310518,
    "limited": 0.05759599332220367,
    "increase": 0.05759599332220367,
    "involved": 0.05759599332220367
}