{
    "local authority": 1.0,
    "young people": 0.895,
    "service": 0.755,
    "children young": 0.625,
    "Board": 0.595,
    "ensure": 0.47833333333333333,
    "need": 0.45666666666666667,
    "social worker": 0.45666666666666667,
    "work": 0.4533333333333333,
    "However": 0.4266666666666667,
    "staff": 0.4216666666666667,
    "plan": 0.37833333333333335,
    "practice": 0.35833333333333334,
    "example": 0.35333333333333333,
    "support": 0.345,
    "LSCB": 0.3016666666666667,
    "well": 0.29,
    "effective": 0.2783333333333333,
    "manager": 0.2783333333333333,
    "including": 0.27,
    "childrens service": 0.27,
    "development": 0.2683333333333333,
    "training": 0.26666666666666666,
    "social work": 0.26166666666666666,
    "challenge": 0.25666666666666665,
    "review": 0.25333333333333335,
    "senior manager": 0.25333333333333335,
    "clear": 0.25166666666666665,
    "good": 0.25,
    "provide": 0.24833333333333332,
    "audit": 0.24833333333333332,
    "early help": 0.24833333333333332,
    "performance": 0.24333333333333335,
    "social care": 0.24,
    "improvement": 0.23166666666666666,
    "sexual exploitation": 0.23166666666666666,
    "effectively": 0.225,
    "area": 0.22333333333333333,
    "range": 0.21666666666666667,
    "multi agency": 0.21666666666666667,
    "change": 0.215,
    "child protection": 0.20833333333333334,
    "issue": 0.20666666666666667,
    "also": 0.205,
    "arrangement": 0.205,
    "identified": 0.20333333333333334,
    "data": 0.20166666666666666,
    "level": 0.20166666666666666,
    "team": 0.2,
    "care leaver": 0.2,
    "impact": 0.19666666666666666,
    "Although": 0.19666666666666666,
    "looked children": 0.19666666666666666,
    "within": 0.195,
    "meeting": 0.19333333333333333,
    "include": 0.19166666666666668,
    "progress": 0.19,
    "children looked": 0.18833333333333332,
    "significant": 0.18166666666666667,
    "child sexual": 0.18,
    "learning": 0.17833333333333334,
    "case": 0.17666666666666667,
    "partner": 0.17166666666666666,
    "group": 0.17,
    "focus": 0.17,
    "recent": 0.17,
    "report": 0.16666666666666666,
    "appropriate": 0.165,
    "result": 0.165,
    "information": 0.16333333333333333,
    "now": 0.16333333333333333,
    "priorities": 0.16166666666666665,
    "Recommendation": 0.15833333333333333,
    "children families": 0.15833333333333333,
    "agencies": 0.15666666666666668,
    "action": 0.15666666666666668,
    "use": 0.155,
    "childrens social": 0.15333333333333332,
    "partnership": 0.15166666666666667,
    "gov uk": 0.15166666666666667,
    "member": 0.15,
    "corporate parenting": 0.15,
    "Chief Executive": 0.15,
    "services children": 0.15,
    "robust": 0.14666666666666667,
    "led": 0.14666666666666667,
    "yet": 0.145,
    "key": 0.145,
    "quality assurance": 0.145,
    "outcomes children": 0.145,
    "current": 0.14333333333333334,
    "recently": 0.14166666666666666,
    "across": 0.14,
    "new": 0.13833333333333334,
    "ofsted gov": 0.135,
    "elected member": 0.135,
    "workforce": 0.13,
    "role": 0.13,
    "children care": 0.13,
    "appropriately": 0.12833333333333333,
    "number": 0.12833333333333333,
    "sufficiently": 0.12833333333333333,
    "supervision": 0.125,
    "partner agencies": 0.12333333333333334,
    "lack": 0.12166666666666667,
    "Safeguarding Children": 0.12166666666666667,
    "strategy": 0.12,
    "positive": 0.12,
    "placement": 0.12,
    "strong": 0.12,
    "developed": 0.12,
    "improve": 0.11833333333333333,
    "chair": 0.11833333333333333,
    "currently": 0.11833333333333333,
    "time": 0.115,
    "provision": 0.115,
    "response": 0.115,
    "case review": 0.115,
    "programme": 0.11333333333333333,
    "provided": 0.11333333333333333,
    "management oversight": 0.11333333333333333,
    "performance management": 0.11333333333333333,
    "individual": 0.11166666666666666,
    "ensuring": 0.11166666666666666,
    "system": 0.11166666666666666,
    "lead member": 0.11166666666666666,
    "place": 0.11,
    "assessment": 0.11,
    "DCS": 0.11,
    "remain": 0.11,
    "post": 0.10833333333333334,
    "quality": 0.10666666666666667,
    "take": 0.10666666666666667,
    "analysis": 0.10666666666666667,
    "approach": 0.10666666666666667,
    "serious case": 0.10666666666666667,
    "one": 0.105,
    "Children Board": 0.105,
    "effectiveness": 0.10333333333333333,
    "activity": 0.10333333333333333,
    "working": 0.10333333333333333,
    "care children": 0.10333333333333333,
    "used": 0.10166666666666667,
    "oversight": 0.10166666666666667,
    "council": 0.10166666666666667,
    "comprehensive": 0.10166666666666667,
    "planning": 0.1,
    "safeguarding": 0.1,
    "view": 0.1,
    "action plan": 0.1,
    "capacity": 0.09833333333333333,
    "police": 0.09833333333333333,
    "develop": 0.09666666666666666,
    "established": 0.095,
    "resulted": 0.09333333333333334,
    "undertaken": 0.09333333333333334,
    "practitioner": 0.09333333333333334,
    "Local Safeguarding": 0.09333333333333334,
    "mean": 0.09166666666666666,
    "improved": 0.09166666666666666,
    "commitment": 0.09166666666666666,
    "fully": 0.09,
    "engagement": 0.09,
    "improving": 0.09,
    "regular": 0.09,
    "feedback": 0.09,
    "people families": 0.09,
    "understanding": 0.08833333333333333,
    "commissioned": 0.08833333333333333,
    "specific": 0.08833333333333333,
    "will": 0.08833333333333333,
    "targeted": 0.08833333333333333,
    "relation": 0.08833333333333333,
    "CSE": 0.08833333333333333,
    "priority": 0.085,
    "scrutiny": 0.085,
    "school": 0.085,
    "meet": 0.085,
    "requires improvement": 0.085,
    "enquiries ofsted": 0.085,
    "commissioning": 0.08333333333333333,
    "SSCB": 0.08166666666666667,
    "monitoring": 0.08,
    "evidence": 0.08,
    "panel": 0.08,
    "professional": 0.08,
    "limited": 0.08,
    "annual report": 0.08,
    "sub group": 0.08,
    "children": 0.07833333333333334,
    "completed": 0.07833333333333334,
    "year": 0.07833333333333334,
    "increased": 0.07833333333333334,
    "offer": 0.07833333333333334,
    "operational": 0.07833333333333334,
    "focused": 0.07833333333333334,
    "link": 0.07833333333333334,
    "Health Wellbeing": 0.07833333333333334,
    "strategic": 0.07666666666666666,
    "two": 0.07666666666666666
}