{
    "Board": 1.0,
    "young people": 0.4007285974499089,
    "work": 0.366120218579235,
    "ensure": 0.331511839708561,
    "local authority": 0.29690346083788705,
    "service": 0.28688524590163933,
    "multi agency": 0.2859744990892532,
    "LSCB": 0.28415300546448086,
    "children young": 0.2568306010928962,
    "sexual exploitation": 0.2185792349726776,
    "practice": 0.21493624772313297,
    "example": 0.20491803278688525,
    "audit": 0.2040072859744991,
    "However": 0.18670309653916212,
    "child sexual": 0.18214936247723132,
    "challenge": 0.1785063752276867,
    "need": 0.17122040072859745,
    "development": 0.1657559198542805,
    "early help": 0.16393442622950818,
    "review": 0.16302367941712204,
    "plan": 0.1575591985428051,
    "agencies": 0.1557377049180328,
    "support": 0.1557377049180328,
    "training": 0.15209471766848817,
    "issue": 0.15027322404371585,
    "learning": 0.1493624772313297,
    "well": 0.14845173041894352,
    "including": 0.14754098360655737,
    "safeguarding": 0.14571948998178508,
    "partner": 0.14207650273224043,
    "clear": 0.13934426229508196,
    "chair": 0.1384335154826958,
    "sub group": 0.13752276867030966,
    "area": 0.13570127504553733,
    "effectively": 0.13479052823315119,
    "group": 0.13114754098360656,
    "include": 0.12750455373406194,
    "priorities": 0.12477231329690346,
    "report": 0.12386156648451731,
    "identified": 0.122040072859745,
    "case review": 0.12021857923497267,
    "impact": 0.11475409836065574,
    "also": 0.11384335154826958,
    "child protection": 0.11293260473588343,
    "staff": 0.1111111111111111,
    "within": 0.1111111111111111,
    "partner agencies": 0.1111111111111111,
    "serious case": 0.10746812386156648,
    "provide": 0.10473588342440801,
    "information": 0.10382513661202186,
    "appropriately": 0.10200364298724955,
    "data": 0.10200364298724955,
    "annual report": 0.10200364298724955,
    "action": 0.10109289617486339,
    "social care": 0.10018214936247723,
    "SCR": 0.09744990892531877,
    "appropriate": 0.0965391621129326,
    "Although": 0.09562841530054644,
    "yet": 0.09562841530054644,
    "school": 0.0947176684881603,
    "understanding": 0.09198542805100182,
    "response": 0.09198542805100182,
    "arrangement": 0.09107468123861566,
    "partnership": 0.09016393442622951,
    "meeting": 0.09016393442622951,
    "Recommendation": 0.09016393442622951,
    "developed": 0.08925318761384335,
    "effective": 0.08743169398907104,
    "sufficiently": 0.08652094717668488,
    "Safeguarding Children": 0.08652094717668488,
    "level": 0.08561020036429873,
    "member": 0.08469945355191257,
    "recent": 0.08469945355191257,
    "action plan": 0.08469945355191257,
    "health": 0.08196721311475409,
    "progress": 0.08196721311475409,
    "child death": 0.08196721311475409,
    "social worker": 0.08196721311475409,
    "range": 0.08105646630236794,
    "number": 0.08105646630236794,
    "focus": 0.08105646630236794,
    "looked children": 0.08105646630236794,
    "team": 0.07923497267759563,
    "performance": 0.07923497267759563,
    "key": 0.07923497267759563,
    "change": 0.07923497267759563,
    "recently": 0.07832422586520947,
    "strategy": 0.07832422586520947,
    "strategic": 0.07832422586520947,
    "agency audit": 0.07832422586520947,
    "across": 0.075591985428051,
    "now": 0.075591985428051,
    "attendance": 0.07377049180327869,
    "children": 0.07285974499089254,
    "significant": 0.07285974499089254,
    "activity": 0.07285974499089254,
    "one": 0.07285974499089254,
    "childrens service": 0.07194899817850638,
    "care children": 0.07103825136612021,
    "scrutiny": 0.0692167577413479,
    "threshold": 0.06830601092896176,
    "police": 0.06739526411657559,
    "programme": 0.06739526411657559,
    "use": 0.06739526411657559,
    "manager": 0.06739526411657559,
    "role": 0.06648451730418943,
    "professional": 0.06648451730418943,
    "requires improvement": 0.06648451730418943,
    "quality": 0.06557377049180328,
    "led": 0.06557377049180328,
    "oversight": 0.06557377049180328,
    "place": 0.06466302367941712,
    "analysis": 0.06466302367941712,
    "completed": 0.06375227686703097,
    "used": 0.06375227686703097,
    "strong": 0.06375227686703097,
    "link": 0.06375227686703097,
    "across partnership": 0.06375227686703097,
    "assessment": 0.06284153005464481,
    "care leavers": 0.06284153005464481,
    "agency training": 0.06284153005464481,
    "currently": 0.061930783242258654,
    "current": 0.061930783242258654,
    "ensuring": 0.061930783242258654,
    "comprehensive": 0.061930783242258654,
    "process": 0.0610200364298725,
    "business plan": 0.0610200364298725,
    "childrens social": 0.060109289617486336,
    "year": 0.05919854280510018,
    "ofsted gov": 0.05919854280510018,
    "gov uk": 0.05919854280510018,
    "fully": 0.058287795992714025,
    "undertaken": 0.058287795992714025,
    "practitioner": 0.058287795992714025,
    "lack": 0.05737704918032787,
    "engagement": 0.05737704918032787,
    "inform": 0.05737704918032787,
    "Local Safeguarding": 0.05737704918032787,
    "established": 0.056466302367941715,
    "relation": 0.056466302367941715,
    "will": 0.056466302367941715,
    "new": 0.05555555555555555,
    "CSE": 0.05555555555555555,
    "areas improvement": 0.05555555555555555,
    "robust": 0.0546448087431694,
    "monitoring": 0.0546448087431694,
    "evidence": 0.0546448087431694,
    "subgroup": 0.0546448087431694,
    "provided": 0.05373406193078324,
    "neglect": 0.052823315118397086,
    "result": 0.05191256830601093,
    "approach": 0.05191256830601093,
    "referral": 0.05191256830601093,
    "safeguarded promoted": 0.05191256830601093,
    "private fostering": 0.05191256830601093,
    "independent chair": 0.05191256830601093,
    "improve": 0.051001821493624776,
    "working": 0.051001821493624776,
    "outcomes children": 0.051001821493624776,
    "two": 0.05009107468123861,
    "work Board": 0.05009107468123861,
    "performance management": 0.05009107468123861,
    "commissioned": 0.04918032786885246,
    "detailed": 0.04918032786885246,
    "take": 0.0482695810564663,
    "limited": 0.0482695810564663,
    "domestic abuse": 0.0482695810564663,
    "section audit": 0.04735883424408015,
    "inspection": 0.04644808743169399,
    "individual": 0.04644808743169399,
    "effectiveness": 0.04644808743169399,
    "resulted": 0.04644808743169399,
    "system": 0.04644808743169399,
    "increase": 0.04553734061930783,
    "supported": 0.04553734061930783,
    "agreed": 0.04553734061930783,
    "social work": 0.04553734061930783,
    "Chief Executive": 0.04553734061930783,
    "positive": 0.044626593806921674,
    "processes": 0.044626593806921674,
    "SSCB": 0.044626593806921674,
    "children families": 0.044626593806921674,
    "better": 0.04371584699453552,
    "around": 0.04371584699453552,
    "quality assurance": 0.04371584699453552,
    "enable": 0.042805100182149364,
    "children looked": 0.042805100182149364,
    "effectiveness local": 0.042805100182149364,
    "arrangements place": 0.042805100182149364,
    "improvement": 0.04189435336976321,
    "national": 0.04189435336976321,
    "time": 0.04189435336976321,
    "workforce": 0.04189435336976321,
    "feedback": 0.04189435336976321,
    "framework": 0.04189435336976321,
    "adult": 0.04189435336976321,
    "reflect": 0.04189435336976321,
    "view": 0.04189435336976321,
    "death overview": 0.04189435336976321,
    "capacity": 0.040983606557377046
}