{
    "children": 1.0,
    "young people": 0.614406779661017,
    "service": 0.5921610169491526,
    "local authority": 0.5042372881355932,
    "child protection": 0.4936440677966102,
    "need": 0.4088983050847458,
    "work": 0.3834745762711864,
    "social worker": 0.3697033898305085,
    "children young": 0.3644067796610169,
    "case": 0.3591101694915254,
    "effective": 0.3358050847457627,
    "early help": 0.3358050847457627,
    "However": 0.3294491525423729,
    "support": 0.3125,
    "plan": 0.3050847457627119,
    "risk": 0.2944915254237288,
    "assessment": 0.2733050847457627,
    "good": 0.2701271186440678,
    "appropriate": 0.2531779661016949,
    "multi agency": 0.2531779661016949,
    "social care": 0.24364406779661016,
    "ensure": 0.24152542372881355,
    "well": 0.24046610169491525,
    "information": 0.21398305084745764,
    "families": 0.211864406779661,
    "identified": 0.2076271186440678,
    "team": 0.19703389830508475,
    "protection plan": 0.19491525423728814,
    "referral": 0.19279661016949154,
    "sexual exploitation": 0.18114406779661016,
    "clear": 0.18008474576271186,
    "quality": 0.17902542372881355,
    "domestic abuse": 0.17902542372881355,
    "childrens social": 0.17266949152542374,
    "provide": 0.1716101694915254,
    "parent": 0.1716101694915254,
    "children families": 0.1705508474576271,
    "meeting": 0.1684322033898305,
    "always": 0.1684322033898305,
    "police": 0.1652542372881356,
    "staff": 0.1652542372881356,
    "agencies": 0.15783898305084745,
    "action": 0.15783898305084745,
    "school": 0.15677966101694915,
    "effectively": 0.15677966101694915,
    "timely": 0.15360169491525424,
    "Recommendation": 0.15360169491525424,
    "including": 0.15254237288135594,
    "planning": 0.149364406779661,
    "although": 0.149364406779661,
    "concern": 0.1472457627118644,
    "result": 0.1472457627118644,
    "impact": 0.1472457627118644,
    "response": 0.1440677966101695,
    "arrangement": 0.1440677966101695,
    "within": 0.1419491525423729,
    "professional": 0.13559322033898305,
    "review": 0.13559322033898305,
    "mean": 0.13029661016949154,
    "example": 0.1281779661016949,
    "issue": 0.1271186440677966,
    "receive": 0.1260593220338983,
    "include": 0.1260593220338983,
    "practice": 0.125,
    "child sexual": 0.125,
    "lack": 0.1239406779661017,
    "partner agencies": 0.1239406779661017,
    "appropriately": 0.12076271186440678,
    "social work": 0.12076271186440678,
    "progress": 0.11758474576271187,
    "intervention": 0.11546610169491525,
    "also": 0.11440677966101695,
    "use": 0.11228813559322035,
    "children missing": 0.11122881355932203,
    "improvement": 0.10911016949152542,
    "report": 0.10699152542372882,
    "delay": 0.10699152542372882,
    "consistently": 0.1027542372881356,
    "record": 0.1016949152542373,
    "decision making": 0.1016949152542373,
    "made": 0.10063559322033898,
    "manager": 0.10063559322033898,
    "protection conference": 0.10063559322033898,
    "yet": 0.09957627118644068,
    "routinely": 0.09851694915254237,
    "provided": 0.09851694915254237,
    "robust": 0.09533898305084745,
    "used": 0.09533898305084745,
    "recent": 0.09533898305084745,
    "risk assessment": 0.09533898305084745,
    "currently": 0.09427966101694915,
    "training": 0.09427966101694915,
    "area": 0.09322033898305085,
    "contact": 0.09216101694915255,
    "identify": 0.09216101694915255,
    "one": 0.09110169491525423,
    "education": 0.09004237288135593,
    "level": 0.09004237288135593,
    "family": 0.08898305084745763,
    "place": 0.08898305084745763,
    "LSCB": 0.08898305084745763,
    "help service": 0.08898305084745763,
    "change": 0.08792372881355932,
    "threshold": 0.08792372881355932,
    "improve": 0.08686440677966102,
    "missing education": 0.08686440677966102,
    "child need": 0.08686440677966102,
    "private fostering": 0.0858050847457627,
    "sufficiently": 0.0847457627118644,
    "access": 0.0847457627118644,
    "group": 0.0847457627118644,
    "cases seen": 0.0847457627118644,
    "children need": 0.0847457627118644,
    "recently": 0.0826271186440678,
    "view": 0.0826271186440678,
    "provision": 0.0815677966101695,
    "evidence": 0.08050847457627118,
    "supported": 0.08050847457627118,
    "considered": 0.08050847457627118,
    "MASH": 0.08050847457627118,
    "experience": 0.08050847457627118,
    "focus": 0.07944915254237288,
    "panel": 0.07944915254237288,
    "completed": 0.07944915254237288,
    "subject child": 0.07838983050847458,
    "audit": 0.07733050847457627,
    "new": 0.07733050847457627,
    "timescale": 0.07733050847457627,
    "inspector": 0.07521186440677965,
    "small number": 0.07521186440677965,
    "understand": 0.07415254237288135,
    "working": 0.07415254237288135,
    "children subject": 0.07415254237288135,
    "partner": 0.07309322033898305,
    "adult": 0.07309322033898305,
    "information sharing": 0.07309322033898305,
    "visit": 0.07203389830508475,
    "seen inspectors": 0.07203389830508475,
    "across": 0.07097457627118645,
    "time": 0.07097457627118645,
    "lead": 0.07097457627118645,
    "recorded": 0.07097457627118645,
    "better": 0.06991525423728813,
    "available": 0.06991525423728813,
    "now": 0.06991525423728813,
    "many": 0.06885593220338983,
    "board": 0.06885593220338983,
    "care leaver": 0.06885593220338983,
    "required": 0.06779661016949153,
    "two": 0.06779661016949153,
    "make": 0.06779661016949153,
    "worker": 0.06779661016949153,
    "attendance": 0.06779661016949153,
    "may": 0.06779661016949153,
    "analysis": 0.06779661016949153,
    "fully": 0.06673728813559322,
    "challenge": 0.06673728813559322,
    "comprehensive": 0.06567796610169492,
    "management oversight": 0.06567796610169492,
    "benefit": 0.0646186440677966,
    "strategy discussion": 0.0646186440677966,
    "consideration": 0.0635593220338983,
    "decision": 0.0635593220338983,
    "monitoring": 0.0635593220338983,
    "meet": 0.0635593220338983,
    "clearly": 0.0635593220338983,
    "neglect": 0.0635593220338983,
    "number children": 0.0635593220338983,
    "following": 0.0625,
    "ensuring": 0.0625,
    "take": 0.0614406779661017,
    "known": 0.0614406779661017,
    "direct work": 0.0614406779661017,
    "support children": 0.0614406779661017,
    "good quality": 0.0614406779661017,
    "core group": 0.0614406779661017,
    "process": 0.06038135593220339,
    "specialist": 0.06038135593220339,
    "missing home": 0.06038135593220339,
    "enough": 0.059322033898305086,
    "improved": 0.05826271186440678,
    "low": 0.05826271186440678,
    "system": 0.05826271186440678,
    "learning": 0.05826271186440678,
    "management": 0.057203389830508475,
    "positive": 0.057203389830508475,
    "understanding": 0.057203389830508475,
    "particularly": 0.057203389830508475,
    "targeted": 0.05614406779661017,
    "assessed": 0.05614406779661017,
    "undertaken": 0.05614406779661017,
    "programme": 0.05614406779661017,
    "key": 0.05614406779661017,
    "sufficient": 0.05614406779661017,
    "resulted": 0.05508474576271186,
    "limited": 0.05508474576271186,
    "SSCB": 0.05508474576271186,
    "promptly": 0.05402542372881356,
    "taken": 0.05402542372881356,
    "often": 0.05402542372881356
}