{
    "young people": 1.0,
    "Board": 0.961864406779661,
    "local authority": 0.961864406779661,
    "service": 0.8983050847457628,
    "work": 0.788135593220339,
    "children young": 0.7542372881355932,
    "LSCB": 0.6822033898305084,
    "practice": 0.5211864406779662,
    "ensure": 0.5169491525423728,
    "However": 0.4703389830508475,
    "need": 0.4576271186440678,
    "multi agency": 0.4152542372881356,
    "issue": 0.4067796610169492,
    "audit": 0.3898305084745763,
    "staff": 0.3771186440677966,
    "challenge": 0.3686440677966102,
    "plan": 0.3559322033898305,
    "looked children": 0.3347457627118644,
    "clear": 0.3305084745762712,
    "well": 0.3305084745762712,
    "development": 0.3305084745762712,
    "gov uk": 0.3305084745762712,
    "review": 0.3177966101694915,
    "agencies": 0.3135593220338983,
    "example": 0.3135593220338983,
    "support": 0.3135593220338983,
    "ofsted gov": 0.3135593220338983,
    "social worker": 0.3050847457627119,
    "SSCB": 0.3008474576271186,
    "requires improvement": 0.3008474576271186,
    "also": 0.2966101694915254,
    "including": 0.2923728813559322,
    "effectively": 0.288135593220339,
    "social care": 0.2838983050847458,
    "within": 0.2754237288135593,
    "provide": 0.2669491525423729,
    "area": 0.2669491525423729,
    "child protection": 0.2669491525423729,
    "safeguarding": 0.2627118644067797,
    "quality": 0.2627118644067797,
    "early help": 0.2627118644067797,
    "across": 0.2584745762711864,
    "group": 0.2584745762711864,
    "childrens service": 0.2584745762711864,
    "identified": 0.2542372881355932,
    "partner agencies": 0.2542372881355932,
    "level": 0.2457627118644068,
    "key": 0.24152542372881355,
    "manager": 0.24152542372881355,
    "care children": 0.24152542372881355,
    "good": 0.23728813559322035,
    "range": 0.2330508474576271,
    "impact": 0.22033898305084745,
    "significant": 0.22033898305084745,
    "case review": 0.22033898305084745,
    "partner": 0.21610169491525424,
    "although": 0.21610169491525424,
    "role": 0.211864406779661,
    "change": 0.211864406779661,
    "Safeguarding Children": 0.211864406779661,
    "report": 0.2076271186440678,
    "member": 0.2076271186440678,
    "strategic": 0.2076271186440678,
    "training": 0.2076271186440678,
    "learning": 0.2076271186440678,
    "care leavers": 0.2076271186440678,
    "improve": 0.2033898305084746,
    "recently": 0.2033898305084746,
    "appropriate": 0.2033898305084746,
    "recent": 0.2033898305084746,
    "sexual exploitation": 0.2033898305084746,
    "appropriately": 0.19915254237288135,
    "action": 0.19915254237288135,
    "DCS": 0.19915254237288135,
    "sufficiently": 0.19491525423728814,
    "meeting": 0.19491525423728814,
    "health": 0.1906779661016949,
    "chair": 0.1906779661016949,
    "social work": 0.1906779661016949,
    "serious case": 0.1906779661016949,
    "sub group": 0.1906779661016949,
    "enquiries ofsted": 0.1906779661016949,
    "include": 0.1864406779661017,
    "information": 0.17796610169491525,
    "individual": 0.17796610169491525,
    "team": 0.17796610169491525,
    "priorities": 0.17372881355932204,
    "effectiveness": 0.1694915254237288,
    "understanding": 0.1652542372881356,
    "number": 0.1652542372881356,
    "undertaken": 0.1652542372881356,
    "partnership": 0.1652542372881356,
    "safeguarded promoted": 0.1652542372881356,
    "child sexual": 0.1652542372881356,
    "performance management": 0.1652542372881356,
    "data": 0.16101694915254236,
    "strategy": 0.16101694915254236,
    "children looked": 0.16101694915254236,
    "inspection": 0.15677966101694915,
    "assessment": 0.15677966101694915,
    "developed": 0.15677966101694915,
    "Chief Executive": 0.15677966101694915,
    "childrens social": 0.15677966101694915,
    "performance": 0.15254237288135594,
    "workforce": 0.15254237288135594,
    "Children Board": 0.15254237288135594,
    "effectiveness local": 0.15254237288135594,
    "Local Safeguarding": 0.15254237288135594,
    "year": 0.1483050847457627,
    "outcomes children": 0.1483050847457627,
    "action plan": 0.1483050847457627,
    "children families": 0.1483050847457627,
    "programme": 0.1440677966101695,
    "NSCB": 0.1440677966101695,
    "annual report": 0.1440677966101695,
    "fully": 0.13983050847457626,
    "monitoring": 0.13983050847457626,
    "current": 0.13983050847457626,
    "focus": 0.13983050847457626,
    "finding": 0.13983050847457626,
    "senior manager": 0.13983050847457626,
    "capacity": 0.13559322033898305,
    "priority": 0.13559322033898305,
    "now": 0.13559322033898305,
    "meet": 0.13559322033898305,
    "use": 0.13559322033898305,
    "provided": 0.13559322033898305,
    "corporate parenting": 0.13559322033898305,
    "areas improvement": 0.13559322033898305,
    "considered": 0.13135593220338984,
    "two": 0.13135593220338984,
    "yet": 0.13135593220338984,
    "used": 0.13135593220338984,
    "remain": 0.13135593220338984,
    "NCSCB": 0.13135593220338984,
    "established": 0.1271186440677966,
    "currently": 0.1271186440677966,
    "positive": 0.1271186440677966,
    "post": 0.1271186440677966,
    "professional": 0.1271186440677966,
    "children care": 0.1271186440677966,
    "please telephone": 0.1271186440677966,
    "telephone email": 0.1271186440677966,
    "email enquiries": 0.1271186440677966,
    "regulates inspects": 0.1271186440677966,
    "commissioned": 0.1228813559322034,
    "working": 0.1228813559322034,
    "will": 0.1228813559322034,
    "system": 0.1228813559322034,
    "practitioner": 0.1228813559322034,
    "uk ofsted": 0.1228813559322034,
    "lack": 0.11864406779661017,
    "supervision": 0.11864406779661017,
    "oversight": 0.11864406779661017,
    "approach": 0.11864406779661017,
    "LSCB chair": 0.11864406779661017,
    "case": 0.11440677966101695,
    "resulted": 0.11440677966101695,
    "attendance": 0.11440677966101695,
    "framework": 0.11440677966101695,
    "link": 0.11440677966101695,
    "view": 0.11440677966101695,
    "effective services": 0.11440677966101695,
    "led": 0.11016949152542373,
    "ensuring": 0.11016949152542373,
    "operational": 0.11016949152542373,
    "CSE": 0.11016949152542373,
    "authority leads": 0.11016949152542373,
    "protection care": 0.11016949152542373,
    "looked care": 0.11016949152542373,
    "widespread serious": 0.11016949152542373,
    "serious failures": 0.11016949152542373,
    "failures create": 0.11016949152542373,
    "create leave": 0.11016949152542373,
    "leave children": 0.11016949152542373,
    "children harmed": 0.11016949152542373,
    "harmed risk": 0.11016949152542373,
    "risk harm": 0.11016949152542373,
    "national": 0.1059322033898305,
    "effective": 0.1059322033898305,
    "risk": 0.1059322033898305,
    "scrutiny": 0.1059322033898305,
    "one": 0.1059322033898305,
    "placement": 0.1059322033898305,
    "relation": 0.1059322033898305,
    "inspector": 0.1059322033898305,
    "front line": 0.1059322033898305,
    "quality assurance": 0.1059322033898305,
    "leavers welfare": 0.1059322033898305,
    "welfare safeguarded": 0.1059322033898305,
    "people families": 0.1059322033898305,
    "agency training": 0.1059322033898305,
    "independent": 0.1016949152542373,
    "take": 0.1016949152542373,
    "engagement": 0.1016949152542373,
    "activity": 0.1016949152542373,
    "response": 0.1016949152542373,
    "arrangements place": 0.1016949152542373,
    "quality service": 0.1016949152542373,
    "high": 0.09745762711864407
}