{
    "young people": 1.0,
    "local authority": 0.864158829676071,
    "children": 0.8140020898641588,
    "service": 0.6102403343782654,
    "care leaver": 0.5506792058516197,
    "children young": 0.5120167189132706,
    "need": 0.4942528735632184,
    "ensure": 0.42946708463949845,
    "work": 0.41379310344827586,
    "adoption": 0.38140020898641586,
    "support": 0.367816091954023,
    "adopter": 0.35841170323928945,
    "plan": 0.3490073145245559,
    "Board": 0.34691745036572624,
    "However": 0.3437826541274817,
    "social worker": 0.33124346917450365,
    "looked children": 0.3019853709508882,
    "child": 0.29258098223615464,
    "well": 0.27481713688610243,
    "including": 0.2664576802507837,
    "placement": 0.2560083594566353,
    "provide": 0.2413793103448276,
    "example": 0.23719958202716823,
    "review": 0.22884012539184953,
    "good": 0.22361546499477533,
    "assessment": 0.2225705329153605,
    "information": 0.21212121212121213,
    "appropriate": 0.20376175548589343,
    "clear": 0.2027168234064786,
    "also": 0.2027168234064786,
    "performance": 0.20167189132706373,
    "within": 0.2006269592476489,
    "staff": 0.19853709508881923,
    "practice": 0.19540229885057472,
    "LSCB": 0.19540229885057472,
    "multi agency": 0.19540229885057472,
    "report": 0.19122257053291536,
    "although": 0.1891327063740857,
    "include": 0.18808777429467086,
    "effective": 0.18599791013584116,
    "challenge": 0.18599791013584116,
    "currently": 0.18181818181818182,
    "case": 0.17972831765935215,
    "area": 0.17659352142110762,
    "arrangement": 0.1724137931034483,
    "group": 0.16823406478578892,
    "panel": 0.16823406478578892,
    "range": 0.1671891327063741,
    "effectively": 0.1671891327063741,
    "team": 0.16614420062695925,
    "meeting": 0.16509926854754442,
    "issue": 0.16405433646812956,
    "identified": 0.1588296760710554,
    "access": 0.15673981191222572,
    "audit": 0.15569487983281086,
    "training": 0.15151515151515152,
    "development": 0.15047021943573669,
    "foster carer": 0.15047021943573669,
    "now": 0.148380355276907,
    "manager": 0.148380355276907,
    "school": 0.14420062695924765,
    "level": 0.14211076280041798,
    "carer": 0.14211076280041798,
    "agencies": 0.14211076280041798,
    "adoption support": 0.13688610240334378,
    "one": 0.12852664576802508,
    "recent": 0.12852664576802508,
    "progress": 0.12643678160919541,
    "time": 0.12643678160919541,
    "new": 0.12330198537095088,
    "supported": 0.12330198537095088,
    "children looked": 0.12121212121212122,
    "number": 0.12016718913270637,
    "children care": 0.12016718913270637,
    "early help": 0.12016718913270637,
    "worker": 0.11912225705329153,
    "two": 0.11912225705329153,
    "social care": 0.11912225705329153,
    "year": 0.1180773249738767,
    "change": 0.1180773249738767,
    "requires improvement": 0.1180773249738767,
    "appropriately": 0.11703239289446186,
    "result": 0.11703239289446186,
    "yet": 0.11703239289446186,
    "use": 0.11703239289446186,
    "impact": 0.11598746081504702,
    "child protection": 0.11598746081504702,
    "data": 0.11389759665621735,
    "provided": 0.11389759665621735,
    "delay": 0.11389759665621735,
    "gov uk": 0.11285266457680251,
    "prospective adopter": 0.11076280041797283,
    "ofsted gov": 0.10867293625914315,
    "will": 0.10762800417972831,
    "partnership": 0.10762800417972831,
    "chair": 0.10658307210031348,
    "meet": 0.10553814002089865,
    "quality": 0.10553814002089865,
    "focus": 0.10553814002089865,
    "recently": 0.1044932079414838,
    "families": 0.10344827586206896,
    "live": 0.10344827586206896,
    "current": 0.10344827586206896,
    "always": 0.1013584117032393,
    "timely": 0.10031347962382445,
    "action": 0.10031347962382445,
    "social work": 0.10031347962382445,
    "childrens service": 0.10031347962382445,
    "remain": 0.09822361546499478,
    "across": 0.09822361546499478,
    "process": 0.09717868338557993,
    "positive": 0.09717868338557993,
    "sexual exploitation": 0.09717868338557993,
    "make": 0.0961337513061651,
    "risk": 0.09508881922675026,
    "individual": 0.09508881922675026,
    "system": 0.09508881922675026,
    "Safeguarding Children": 0.09508881922675026,
    "developed": 0.09404388714733543,
    "provision": 0.09404388714733543,
    "learning": 0.09404388714733543,
    "matching": 0.09404388714733543,
    "partner agencies": 0.09404388714733543,
    "available": 0.09299895506792058,
    "used": 0.09195402298850575,
    "member": 0.09195402298850575,
    "care children": 0.09195402298850575,
    "case review": 0.09195402298850575,
    "role": 0.09090909090909091,
    "robust": 0.09090909090909091,
    "children placed": 0.09090909090909091,
    "day": 0.08986415882967608,
    "working": 0.08881922675026123,
    "significant": 0.08881922675026123,
    "strong": 0.08881922675026123,
    "led": 0.08881922675026123,
    "sufficiently": 0.0877742946708464,
    "able": 0.0877742946708464,
    "take": 0.0877742946708464,
    "view": 0.0877742946708464,
    "recommendation": 0.08672936259143156,
    "enable": 0.08672936259143156,
    "key": 0.08463949843260188,
    "understanding": 0.08463949843260188,
    "family finding": 0.08463949843260188,
    "senior manager": 0.08463949843260188,
    "considered": 0.08359456635318704,
    "completed": 0.08359456635318704,
    "programme": 0.08359456635318704,
    "benefit": 0.08359456635318704,
    "adoption panel": 0.08359456635318704,
    "place": 0.08254963427377221,
    "evidence": 0.08254963427377221,
    "life story": 0.08254963427377221,
    "regular": 0.08150470219435736,
    "improvement": 0.08150470219435736,
    "lack": 0.08150470219435736,
    "mean": 0.08150470219435736,
    "consider": 0.08150470219435736,
    "outcomes children": 0.08150470219435736,
    "serious case": 0.08150470219435736,
    "resulted": 0.0794148380355277,
    "undertaken": 0.0794148380355277,
    "three": 0.0794148380355277,
    "adoptive families": 0.0794148380355277,
    "reflect": 0.07836990595611286,
    "given": 0.07836990595611286,
    "comprehensive": 0.07836990595611286,
    "priorities": 0.07836990595611286,
    "planning": 0.07732497387669801,
    "analysis": 0.07732497387669801,
    "identify": 0.07732497387669801,
    "Children Board": 0.07732497387669801,
    "timescale": 0.07628004179728318,
    "future": 0.07628004179728318,
    "corporate parenting": 0.07628004179728318,
    "ensuring": 0.07523510971786834,
    "response": 0.07523510971786834,
    "attendance": 0.0741901776384535,
    "offer": 0.0741901776384535,
    "parent": 0.0741901776384535,
    "quality assurance": 0.0741901776384535,
    "home": 0.07314524555903866,
    "receive": 0.07314524555903866,
    "contact": 0.07314524555903866,
    "sufficient": 0.07314524555903866,
    "child sexual": 0.07314524555903866,
    "made": 0.07210031347962383,
    "strategy": 0.07210031347962383,
    "routinely": 0.07210031347962383,
    "post": 0.07210031347962383,
    "oversight": 0.07210031347962383,
    "approach": 0.07210031347962383,
    "sub group": 0.07210031347962383,
    "family": 0.07105538140020899,
    "received": 0.07105538140020899,
    "increased": 0.07105538140020899,
    "link": 0.07105538140020899,
    "record": 0.07105538140020899,
    "number children": 0.07105538140020899
}