{
    "care leaver": 1.0,
    "young people": 0.8382978723404255,
    "children": 0.5404255319148936,
    "local authority": 0.3923404255319149,
    "service": 0.3880851063829787,
    "support": 0.32085106382978723,
    "need": 0.30127659574468085,
    "plan": 0.23659574468085107,
    "work": 0.2153191489361702,
    "good": 0.2093617021276596,
    "social worker": 0.19319148936170213,
    "well": 0.1829787234042553,
    "However": 0.17361702127659576,
    "ensure": 0.1702127659574468,
    "children young": 0.16595744680851063,
    "adoption": 0.1651063829787234,
    "provide": 0.16,
    "looked children": 0.15319148936170213,
    "placement": 0.15063829787234043,
    "effective": 0.14468085106382977,
    "review": 0.14127659574468085,
    "team": 0.13957446808510637,
    "help": 0.13617021276595745,
    "including": 0.12936170212765957,
    "information": 0.12851063829787235,
    "child": 0.12680851063829787,
    "access": 0.12595744680851065,
    "case": 0.12595744680851065,
    "foster carer": 0.12425531914893617,
    "currently": 0.12170212765957447,
    "assessment": 0.11914893617021277,
    "personal adviser": 0.1174468085106383,
    "year": 0.11319148936170213,
    "adopter": 0.11063829787234042,
    "group": 0.10808510638297872,
    "also": 0.10638297872340426,
    "training": 0.1046808510638298,
    "appropriate": 0.1046808510638298,
    "accommodation": 0.1046808510638298,
    "example": 0.10297872340425532,
    "pathway plan": 0.10212765957446808,
    "area": 0.10127659574468086,
    "arrangement": 0.10127659574468086,
    "staff": 0.09957446808510638,
    "although": 0.09957446808510638,
    "school": 0.09702127659574468,
    "quality": 0.09617021276595744,
    "clear": 0.09276595744680852,
    "provided": 0.08936170212765958,
    "live": 0.08851063829787234,
    "report": 0.08851063829787234,
    "result": 0.0876595744680851,
    "supported": 0.0876595744680851,
    "one": 0.08680851063829788,
    "risk": 0.0851063829787234,
    "carer": 0.0851063829787234,
    "range": 0.08340425531914894,
    "planning": 0.08340425531914894,
    "now": 0.0825531914893617,
    "progress": 0.0825531914893617,
    "worker": 0.0825531914893617,
    "include": 0.08085106382978724,
    "always": 0.08,
    "make": 0.07914893617021276,
    "children looked": 0.07829787234042553,
    "panel": 0.0774468085106383,
    "meet": 0.07659574468085106,
    "contact": 0.07659574468085106,
    "improvement": 0.07659574468085106,
    "identified": 0.07574468085106383,
    "children care": 0.07574468085106383,
    "place": 0.0748936170212766,
    "level": 0.07404255319148936,
    "new": 0.07404255319148936,
    "performance": 0.07404255319148936,
    "time": 0.07404255319148936,
    "available": 0.07234042553191489,
    "families": 0.07148936170212766,
    "number": 0.07148936170212766,
    "home": 0.06893617021276596,
    "young person": 0.06893617021276596,
    "looked": 0.06808510638297872,
    "yet": 0.06723404255319149,
    "receive": 0.06638297872340425,
    "recent": 0.06553191489361702,
    "use": 0.06553191489361702,
    "within": 0.06382978723404255,
    "Recommendation": 0.06297872340425532,
    "issue": 0.06297872340425532,
    "positive": 0.062127659574468086,
    "local": 0.06127659574468085,
    "know": 0.06127659574468085,
    "will": 0.059574468085106386,
    "benefit": 0.059574468085106386,
    "manager": 0.059574468085106386,
    "education employment": 0.059574468085106386,
    "employment training": 0.059574468085106386,
    "challenge": 0.05872340425531915,
    "action": 0.05872340425531915,
    "provision": 0.05872340425531915,
    "two": 0.05872340425531915,
    "current": 0.05787234042553192,
    "parent": 0.05787234042553192,
    "programme": 0.05787234042553192,
    "board": 0.05702127659574468,
    "impact": 0.05702127659574468,
    "change": 0.05702127659574468,
    "move": 0.05617021276595745,
    "leaving care": 0.05617021276595745,
    "process": 0.05531914893617021,
    "practice": 0.05531914893617021,
    "meeting": 0.05446808510638298,
    "delay": 0.05446808510638298,
    "effectively": 0.05446808510638298,
    "lack": 0.05446808510638298,
    "mean": 0.05446808510638298,
    "LSCB": 0.05446808510638298,
    "many": 0.05361702127659575,
    "improve": 0.05361702127659575,
    "family": 0.05276595744680851,
    "robust": 0.05276595744680851,
    "take": 0.05276595744680851,
    "view": 0.05276595744680851,
    "considered": 0.05191489361702128,
    "record": 0.05191489361702128,
    "sufficiently": 0.05106382978723404,
    "individual": 0.05106382978723404,
    "used": 0.05106382978723404,
    "timely": 0.05021276595744681,
    "entitlement": 0.05021276595744681,
    "understand": 0.04936170212765958,
    "agencies": 0.04936170212765958,
    "day": 0.04936170212765958,
    "learning": 0.04936170212765958,
    "apprenticeship": 0.04765957446808511,
    "development": 0.04765957446808511,
    "target": 0.04765957446808511,
    "mental health": 0.04765957446808511,
    "improving": 0.04680851063829787,
    "skills": 0.04680851063829787,
    "working": 0.04595744680851064,
    "identify": 0.04595744680851064,
    "timescale": 0.0451063829787234,
    "sexual exploitation": 0.0451063829787234,
    "age": 0.04425531914893617,
    "offer": 0.04425531914893617,
    "four": 0.04425531914893617,
    "increased": 0.04425531914893617,
    "housing": 0.04425531914893617,
    "particularly": 0.04425531914893617,
    "still": 0.04340425531914894,
    "made": 0.04340425531914894,
    "high": 0.04340425531914894,
    "experience": 0.04340425531914894,
    "improved": 0.04340425531914894,
    "virtual school": 0.04340425531914894,
    "health needs": 0.0425531914893617,
    "children placed": 0.0425531914893617,
    "specific": 0.04170212765957447,
    "recently": 0.04170212765957447,
    "system": 0.04170212765957447,
    "regular": 0.04085106382978723,
    "enough": 0.04085106382978723,
    "low": 0.04085106382978723,
    "part": 0.04085106382978723,
    "support care": 0.04085106382978723,
    "suitable accommodation": 0.04085106382978723,
    "making": 0.04,
    "providing": 0.04,
    "education training": 0.04,
    "week": 0.03914893617021276,
    "opportunities": 0.03914893617021276,
    "enable": 0.03914893617021276,
    "council": 0.03914893617021276,
    "future": 0.03914893617021276,
    "relationship": 0.03914893617021276,
    "SSCB": 0.03914893617021276,
    "requires improvement": 0.03914893617021276,
    "safe": 0.03829787234042553,
    "strong": 0.03829787234042553,
    "received": 0.03829787234042553,
    "offered": 0.0374468085106383,
    "health": 0.0374468085106383,
    "provider": 0.0374468085106383,
    "audit": 0.0374468085106383,
    "well supported": 0.0374468085106383,
    "overall": 0.03659574468085106,
    "visit": 0.03659574468085106,
    "specialist": 0.03659574468085106,
    "show": 0.03659574468085106,
    "may": 0.03659574468085106,
    "event": 0.03659574468085106,
    "adoption support": 0.03659574468085106,
    "health service": 0.03659574468085106,
    "due": 0.03574468085106383,
    "remain": 0.03574468085106383,
    "average": 0.03574468085106383,
    "reported": 0.03489361702127659,
    "set": 0.03489361702127659,
    "IRO": 0.03489361702127659
}