{
    "young people": 1.0,
    "children young": 0.7941176470588235,
    "local authority": 0.7192513368983957,
    "service": 0.5053475935828877,
    "Board": 0.4358288770053476,
    "LSCB": 0.3716577540106952,
    "ensure": 0.2914438502673797,
    "practice": 0.2807486631016043,
    "Safeguarding Children": 0.26737967914438504,
    "However": 0.2647058823529412,
    "Children Board": 0.23796791443850268,
    "Local Safeguarding": 0.232620320855615,
    "multi agency": 0.232620320855615,
    "audit": 0.21657754010695188,
    "need": 0.21390374331550802,
    "issue": 0.21390374331550802,
    "people families": 0.21390374331550802,
    "challenge": 0.20320855614973263,
    "work": 0.20053475935828877,
    "plan": 0.18449197860962566,
    "development": 0.18181818181818182,
    "support": 0.17914438502673796,
    "inspection local": 0.17647058823529413,
    "carried section": 0.17647058823529413,
    "section Education": 0.17647058823529413,
    "Education Inspections": 0.17647058823529413,
    "Inspections Act": 0.17647058823529413,
    "review Local": 0.17647058823529413,
    "looked children": 0.17379679144385027,
    "partner": 0.1711229946524064,
    "effectively": 0.1657754010695187,
    "example": 0.16310160427807488,
    "early help": 0.16310160427807488,
    "clear": 0.15775401069518716,
    "agencies": 0.15508021390374332,
    "within": 0.1497326203208556,
    "child protection": 0.1497326203208556,
    "social worker": 0.1497326203208556,
    "ofsted gov": 0.14705882352941177,
    "gov uk": 0.14705882352941177,
    "identified": 0.14171122994652408,
    "level": 0.14171122994652408,
    "childrens service": 0.14171122994652408,
    "including": 0.13903743315508021,
    "group": 0.13903743315508021,
    "provide": 0.13636363636363635,
    "member": 0.13636363636363635,
    "chair": 0.13636363636363635,
    "partner agencies": 0.13368983957219252,
    "case review": 0.13368983957219252,
    "experiences children": 0.13368983957219252,
    "impact": 0.13101604278074866,
    "area": 0.13101604278074866,
    "help protection": 0.13101604278074866,
    "social care": 0.12566844919786097,
    "sub group": 0.12566844919786097,
    "range": 0.12299465240641712,
    "need help": 0.12299465240641712,
    "care children": 0.12299465240641712,
    "appropriately": 0.12032085561497326,
    "serious case": 0.12032085561497326,
    "strategic": 0.11764705882352941,
    "although": 0.11764705882352941,
    "help protect": 0.11764705882352941,
    "learning": 0.11497326203208556,
    "people looked": 0.11497326203208556,
    "help care": 0.11497326203208556,
    "across": 0.10962566844919786,
    "recently": 0.10962566844919786,
    "training": 0.10962566844919786,
    "assessment": 0.10962566844919786,
    "key": 0.10962566844919786,
    "requires improvement": 0.10962566844919786,
    "performance": 0.10695187165775401,
    "change": 0.10695187165775401,
    "action": 0.10427807486631016,
    "significant": 0.10427807486631016,
    "sufficiently": 0.10427807486631016,
    "role": 0.10427807486631016,
    "meeting": 0.10427807486631016,
    "Children Act": 0.10160427807486631,
    "case file": 0.10160427807486631,
    "health": 0.09893048128342247,
    "priorities": 0.09893048128342247,
    "partnership": 0.09893048128342247,
    "quality work": 0.09893048128342247,
    "strategy": 0.0962566844919786,
    "care leavers": 0.0962566844919786,
    "leaving care": 0.0962566844919786,
    "individual": 0.09358288770053476,
    "focus": 0.09358288770053476,
    "recent": 0.09358288770053476,
    "manager": 0.09358288770053476,
    "sexual exploitation": 0.09358288770053476,
    "Inspectors looked": 0.09358288770053476,
    "number": 0.09090909090909091,
    "programme": 0.09090909090909091,
    "NSCB": 0.09090909090909091,
    "developed": 0.09090909090909091,
    "understand local": 0.09090909090909091,
    "looked closely": 0.09090909090909091,
    "still need": 0.09090909090909091,
    "young adults": 0.09090909090909091,
    "lives children": 0.09090909090909091,
    "addition inspectors": 0.09090909090909091,
    "inspectors tried": 0.09090909090909091,
    "tried understand": 0.09090909090909091,
    "authority knows": 0.09090909090909091,
    "knows well": 0.09090909090909091,
    "well performing": 0.09090909090909091,
    "difference making": 0.09090909090909091,
    "staff": 0.08823529411764706,
    "team": 0.08823529411764706,
    "improve": 0.08823529411764706,
    "enquiries ofsted": 0.08823529411764706,
    "closely experiences": 0.08823529411764706,
    "people needed": 0.08823529411764706,
    "needed still": 0.08823529411764706,
    "includes children": 0.08823529411764706,
    "looked young": 0.08823529411764706,
    "people leaving": 0.08823529411764706,
    "care starting": 0.08823529411764706,
    "starting lives": 0.08823529411764706,
    "lives young": 0.08823529411764706,
    "adults Inspectors": 0.08823529411764706,
    "Inspectors considered": 0.08823529411764706,
    "considered quality": 0.08823529411764706,
    "work difference": 0.08823529411764706,
    "adults make": 0.08823529411764706,
    "make lives": 0.08823529411764706,
    "families read": 0.08823529411764706,
    "read case": 0.08823529411764706,
    "files watched": 0.08823529411764706,
    "watched professional": 0.08823529411764706,
    "professional staff": 0.08823529411764706,
    "families discussed": 0.08823529411764706,
    "discussed effectiveness": 0.08823529411764706,
    "effectiveness help": 0.08823529411764706,
    "care given": 0.08823529411764706,
    "given children": 0.08823529411764706,
    "people Wherever": 0.08823529411764706,
    "Wherever possible": 0.08823529411764706,
    "possible talked": 0.08823529411764706,
    "talked children": 0.08823529411764706,
    "families addition": 0.08823529411764706,
    "performing well": 0.08823529411764706,
    "well difference": 0.08823529411764706,
    "making people": 0.08823529411764706,
    "people trying": 0.08823529411764706,
    "trying help": 0.08823529411764706,
    "protect look": 0.08823529411764706,
    "look inspection": 0.08823529411764706,
    "authority carried": 0.08823529411764706,
    "Board carried": 0.08823529411764706,
    "section 15A": 0.08823529411764706,
    "15A Children": 0.08823529411764706,
    "Act Ofsted": 0.08823529411764706,
    "Ofsted produces": 0.08823529411764706,
    "produces report": 0.08823529411764706,
    "report inspection": 0.08823529411764706,
    "authority functions": 0.08823529411764706,
    "functions review": 0.08823529411764706,
    "board power": 0.08823529411764706,
    "power combine": 0.08823529411764706,
    "combine reports": 0.08823529411764706,
    "reports accordance": 0.08823529411764706,
    "accordance section": 0.08823529411764706,
    "protection also": 0.08823529411764706,
    "workforce": 0.0855614973262032,
    "difference adults": 0.0855614973262032,
    "staff work": 0.0855614973262032,
    "work families": 0.0855614973262032,
    "Act review": 0.0855614973262032,
    "also includes": 0.0855614973262032,
    "capacity": 0.08288770053475936,
    "data": 0.08288770053475936,
    "BSCB": 0.08288770053475936,
    "NCSCB": 0.08288770053475936,
    "effectiveness local": 0.08288770053475936,
    "performance management": 0.08288770053475936,
    "provided": 0.08021390374331551,
    "social work": 0.08021390374331551,
    "safeguarded promoted": 0.08021390374331551,
    "annual report": 0.08021390374331551,
    "information": 0.07754010695187166,
    "appropriate": 0.07754010695187166,
    "outcomes children": 0.07754010695187166,
    "action plan": 0.07754010695187166,
    "children families": 0.07754010695187166,
    "good": 0.0748663101604278,
    "understanding": 0.0748663101604278,
    "monitoring": 0.0748663101604278,
    "attendance": 0.0748663101604278,
    "undertaken": 0.0748663101604278,
    "current": 0.0748663101604278,
    "priority": 0.07219251336898395,
    "meet": 0.07219251336898395,
    "scrutiny": 0.07219251336898395,