{
    "Board": 1.0,
    "young people": 0.9223744292237442,
    "local authority": 0.769406392694064,
    "children young": 0.7146118721461188,
    "work": 0.5342465753424658,
    "ensure": 0.5045662100456622,
    "service": 0.4589041095890411,
    "multi agency": 0.4337899543378995,
    "LSCB": 0.4063926940639269,
    "need": 0.3538812785388128,
    "practice": 0.3447488584474886,
    "However": 0.3401826484018265,
    "audit": 0.3036529680365297,
    "gov uk": 0.2990867579908676,
    "challenge": 0.2876712328767123,
    "development": 0.2853881278538813,
    "plan": 0.2831050228310502,
    "agencies": 0.2762557077625571,
    "example": 0.2762557077625571,
    "ofsted gov": 0.2762557077625571,
    "issue": 0.2671232876712329,
    "early help": 0.2534246575342466,
    "Safeguarding Children": 0.2374429223744292,
    "including": 0.23515981735159816,
    "within": 0.2328767123287671,
    "chair": 0.2328767123287671,
    "support": 0.23059360730593606,
    "looked children": 0.23059360730593606,
    "child protection": 0.2237442922374429,
    "effectively": 0.22146118721461186,
    "sexual exploitation": 0.21689497716894976,
    "clear": 0.21232876712328766,
    "social care": 0.21232876712328766,
    "staff": 0.2100456621004566,
    "Children Board": 0.2054794520547945,
    "provide": 0.20319634703196346,
    "area": 0.2009132420091324,
    "care children": 0.2009132420091324,
    "Local Safeguarding": 0.1963470319634703,
    "group": 0.19406392694063926,
    "partner": 0.1917808219178082,
    "impact": 0.1917808219178082,
    "case review": 0.18949771689497716,
    "identified": 0.1872146118721461,
    "requires improvement": 0.1872146118721461,
    "partner agencies": 0.18493150684931506,
    "social worker": 0.18493150684931506,
    "review": 0.1780821917808219,
    "include": 0.1735159817351598,
    "manager": 0.1735159817351598,
    "serious case": 0.1735159817351598,
    "childrens service": 0.1735159817351598,
    "level": 0.17123287671232876,
    "child sexual": 0.17123287671232876,
    "enquiries ofsted": 0.17123287671232876,
    "sufficiently": 0.1689497716894977,
    "action": 0.16666666666666666,
    "partnership": 0.16666666666666666,
    "appropriately": 0.1643835616438356,
    "priorities": 0.16210045662100456,
    "key": 0.1598173515981735,
    "member": 0.15753424657534246,
    "training": 0.15753424657534246,
    "safeguarding": 0.1552511415525114,
    "also": 0.1552511415525114,
    "data": 0.1552511415525114,
    "significant": 0.1552511415525114,
    "Although": 0.1552511415525114,
    "meeting": 0.1552511415525114,
    "sub group": 0.1552511415525114,
    "across": 0.15296803652968036,
    "range": 0.15296803652968036,
    "well": 0.15296803652968036,
    "yet": 0.15296803652968036,
    "care leavers": 0.15296803652968036,
    "strategy": 0.14840182648401826,
    "number": 0.1461187214611872,
    "recently": 0.13926940639269406,
    "focus": 0.13926940639269406,
    "change": 0.136986301369863,
    "role": 0.13470319634703196,
    "health": 0.1324200913242009,
    "appropriate": 0.1324200913242009,
    "developed": 0.1324200913242009,
    "CSE": 0.1324200913242009,
    "strategic": 0.13013698630136986,
    "recent": 0.13013698630136986,
    "safeguarded promoted": 0.13013698630136986,
    "people families": 0.13013698630136986,
    "effective": 0.12557077625570776,
    "now": 0.12557077625570776,
    "annual report": 0.12557077625570776,
    "learning": 0.1232876712328767,
    "performance": 0.12100456621004566,
    "social work": 0.1187214611872146,
    "outcomes children": 0.1141552511415525,
    "please telephone": 0.1141552511415525,
    "telephone email": 0.1141552511415525,
    "email enquiries": 0.1141552511415525,
    "regulates inspects": 0.1141552511415525,
    "meet": 0.11187214611872145,
    "SSCB": 0.11187214611872145,
    "agency training": 0.11187214611872145,
    "child death": 0.11187214611872145,
    "response": 0.1095890410958904,
    "areas improvement": 0.1095890410958904,
    "uk ofsted": 0.1095890410958904,
    "led": 0.10730593607305935,
    "scrutiny": 0.10730593607305935,
    "children looked": 0.10730593607305935,
    "action plan": 0.10730593607305935,
    "childrens social": 0.10730593607305935,
    "workforce": 0.1050228310502283,
    "programme": 0.1050228310502283,
    "commissioned": 0.1050228310502283,
    "assessment": 0.1050228310502283,
    "attendance": 0.1050228310502283,
    "progress": 0.10273972602739725,
    "oversight": 0.10273972602739725,
    "arrangement": 0.10273972602739725,
    "threshold": 0.10273972602739725,
    "use": 0.10273972602739725,
    "practitioner": 0.10273972602739725,
    "arrangements place": 0.10273972602739725,
    "performance management": 0.10273972602739725,
    "police": 0.1004566210045662,
    "report": 0.1004566210045662,
    "place": 0.1004566210045662,
    "currently": 0.1004566210045662,
    "evidence": 0.1004566210045662,
    "year": 0.1004566210045662,
    "process": 0.1004566210045662,
    "one": 0.1004566210045662,
    "fully": 0.09817351598173515,
    "understanding": 0.09817351598173515,
    "established": 0.09817351598173515,
    "inform": 0.09817351598173515,
    "school": 0.09817351598173515,
    "will": 0.09817351598173515,
    "help protection": 0.09817351598173515,
    "children families": 0.09817351598173515,
    "take": 0.0958904109589041,
    "strong": 0.0958904109589041,
    "looked care": 0.0958904109589041,
    "link": 0.09360730593607305,
    "Chief Executive": 0.09360730593607305,
    "protection care": 0.09360730593607305,
    "effectiveness local": 0.09360730593607305,
    "capacity": 0.091324200913242,
    "current": 0.091324200913242,
    "quality assurance": 0.091324200913242,
    "experiences children": 0.091324200913242,
    "engagement": 0.08904109589041095,
    "undertaken": 0.08904109589041095,
    "working": 0.08904109589041095,
    "referral": 0.08904109589041095,
    "effective services": 0.08904109589041095,
    "need help": 0.08904109589041095,
    "risk harm": 0.08904109589041095,
    "analysis": 0.0867579908675799,
    "used": 0.0867579908675799,
    "activity": 0.0867579908675799,
    "framework": 0.0867579908675799,
    "system": 0.0867579908675799,
    "authority leads": 0.0867579908675799,
    "widespread serious": 0.0867579908675799,
    "serious failures": 0.0867579908675799,
    "failures create": 0.0867579908675799,
    "create leave": 0.0867579908675799,
    "leave children": 0.0867579908675799,
    "children harmed": 0.0867579908675799,
    "harmed risk": 0.0867579908675799,
    "robust": 0.08447488584474885,
    "corporate parenting": 0.08447488584474885,
    "leavers welfare": 0.08447488584474885,
    "welfare safeguarded": 0.08447488584474885,
    "across partnership": 0.08447488584474885,
    "agency audit": 0.08447488584474885,
    "information": 0.0821917808219178,
    "individual": 0.0821917808219178,
    "team": 0.0821917808219178,
    "supervision": 0.0821917808219178,
    "provision": 0.0821917808219178,
    "able": 0.0821917808219178,
    "SCR": 0.0821917808219178,
    "around": 0.0821917808219178,
    "lack": 0.07990867579908675,
    "completed": 0.07990867579908675,
    "strengthen": 0.07990867579908675,
    "new": 0.07990867579908675,
    "provided": 0.07990867579908675,
    "LSCB requires": 0.07990867579908675,
    "business plan": 0.07990867579908675,
    "domestic abuse": 0.07990867579908675,
    "planning": 0.0776255707762557,
    "national": 0.0776255707762557,
    "resulted": 0.0776255707762557,
    "ensuring": 0.0776255707762557,
    "NSCB": 0.0776255707762557,
    "view": 0.0776255707762557
}