{
    "young people": 1.0,
    "children young": 0.7125456760048721,
    "local authority": 0.6869671132764921,
    "service": 0.49695493300852617,
    "ensure": 0.43239951278928135,
    "need": 0.4238733252131547,
    "plan": 0.36662606577344703,
    "children": 0.32521315468940315,
    "care leaver": 0.31790499390986604,
    "social worker": 0.2911084043848965,
    "support": 0.2582216808769793,
    "good": 0.21802679658952498,
    "effective": 0.21559074299634592,
    "well": 0.2095006090133983,
    "work": 0.20341047503045068,
    "looked children": 0.19488428745432398,
    "assessment": 0.18026796589524968,
    "child protection": 0.1705237515225335,
    "including": 0.14494518879415347,
    "information": 0.13885505481120586,
    "risk": 0.13398294762484775,
    "clear": 0.1278928136419001,
    "progress": 0.12545676004872108,
    "provide": 0.12058465286236297,
    "improvement": 0.11814859926918392,
    "improve": 0.11693057247259439,
    "arrangement": 0.11693057247259439,
    "early help": 0.11571254567600488,
    "within": 0.11449451887941535,
    "social care": 0.11449451887941535,
    "children families": 0.1120584652862363,
    "social work": 0.10962241169305725,
    "case": 0.1071863580998782,
    "practice": 0.1071863580998782,
    "child": 0.10596833130328867,
    "always": 0.10596833130328867,
    "adoption": 0.10596833130328867,
    "Safeguarding Children": 0.10475030450669914,
    "childrens service": 0.10353227771010962,
    "include": 0.1023142509135201,
    "manager": 0.10109622411693057,
    "staff": 0.09866017052375152,
    "team": 0.09866017052375152,
    "school": 0.09866017052375152,
    "multi agency": 0.09622411693057248,
    "childrens social": 0.09622411693057248,
    "live": 0.09378806333739342,
    "identified": 0.0925700365408039,
    "review": 0.09135200974421437,
    "planning": 0.09135200974421437,
    "placement": 0.09135200974421437,
    "many": 0.09013398294762484,
    "children looked": 0.09013398294762484,
    "Local Safeguarding": 0.08891595615103533,
    "Children Board": 0.0876979293544458,
    "performance": 0.08526187576126674,
    "people looked": 0.08526187576126674,
    "people families": 0.08526187576126674,
    "number": 0.0828258221680877,
    "impact": 0.0828258221680877,
    "time": 0.08160779537149818,
    "training": 0.08160779537149818,
    "challenge": 0.08160779537149818,
    "place": 0.08160779537149818,
    "parent": 0.08160779537149818,
    "Board": 0.08038976857490865,
    "better": 0.08038976857490865,
    "action": 0.08038976857490865,
    "appropriate": 0.08038976857490865,
    "However": 0.08038976857490865,
    "adopter": 0.08038976857490865,
    "now": 0.07917174177831912,
    "sexual exploitation": 0.07917174177831912,
    "made": 0.0779537149817296,
    "receive": 0.0779537149817296,
    "supported": 0.0779537149817296,
    "young person": 0.0779537149817296,
    "care": 0.07673568818514007,
    "use": 0.07673568818514007,
    "year": 0.07551766138855055,
    "partner": 0.07551766138855055,
    "children care": 0.07551766138855055,
    "example": 0.07429963459196103,
    "meeting": 0.07429963459196103,
    "families": 0.0730816077953715,
    "provided": 0.0730816077953715,
    "need improve": 0.0730816077953715,
    "agencies": 0.07186358099878197,
    "robust": 0.07186358099878197,
    "Inspection judgement": 0.07186358099878197,
    "area": 0.07064555420219244,
    "result": 0.07064555420219244,
    "post since": 0.07064555420219244,
    "make": 0.06942752740560293,
    "access": 0.06942752740560293,
    "timely": 0.06942752740560293,
    "Although": 0.06942752740560293,
    "Calderdale": 0.06942752740560293,
    "fully": 0.0682095006090134,
    "intervention": 0.0682095006090134,
    "enough": 0.06577344701583435,
    "working": 0.06577344701583435,
    "family": 0.06577344701583435,
    "record": 0.06333739342265529,
    "referral": 0.06333739342265529,
    "will": 0.06211936662606577,
    "quality": 0.06211936662606577,
    "improving": 0.06211936662606577,
    "one": 0.06211936662606577,
    "foster carer": 0.06211936662606577,
    "improved": 0.06090133982947625,
    "need help": 0.06090133982947625,
    "make sure": 0.06090133982947625,
    "across": 0.05968331303288672,
    "effectively": 0.05968331303288672,
    "Recommendation": 0.05968331303288672,
    "police": 0.058465286236297195,
    "currently": 0.058465286236297195,
    "supervision": 0.057247259439707675,
    "Ensure children": 0.057247259439707675,
    "take": 0.05602923264311815,
    "response": 0.05602923264311815,
    "authority need": 0.05602923264311815,
    "child sexual": 0.05602923264311815,
    "outcomes children": 0.05602923264311815,
    "contact": 0.05481120584652863,
    "view": 0.05481120584652863,
    "support children": 0.05481120584652863,
    "senior manager": 0.05481120584652863,
    "comprehensive": 0.0535931790499391,
    "system": 0.0535931790499391,
    "range": 0.05237515225334957,
    "understand": 0.05237515225334957,
    "development": 0.05237515225334957,
    "concern": 0.05237515225334957,
    "health": 0.05115712545676005,
    "date": 0.05115712545676005,
    "develop": 0.05115712545676005,
    "sufficiently": 0.05115712545676005,
    "analysis": 0.05115712545676005,
    "audit": 0.05115712545676005,
    "change": 0.05115712545676005,
    "safe": 0.05115712545676005,
    "issue": 0.05115712545676005,
    "authority Summary": 0.05115712545676005,
    "meet": 0.049939098660170524,
    "regularly": 0.049939098660170524,
    "level": 0.049939098660170524,
    "remain": 0.049939098660170524,
    "focus": 0.049939098660170524,
    "used": 0.049939098660170524,
    "Information local": 0.049939098660170524,
    "Improve quality": 0.049939098660170524,
    "management oversight": 0.049939098660170524,
    "domestic abuse": 0.049939098660170524,
    "protection plan": 0.049939098660170524,
    "learning": 0.048721071863580996,
    "help protection": 0.048721071863580996,
    "inspection local": 0.048721071863580996,
    "yet": 0.047503045066991476,
    "available": 0.047503045066991476,
    "know": 0.047503045066991476,
    "individual": 0.047503045066991476,
    "child young": 0.047503045066991476,
    "help": 0.04628501827040195,
    "understanding": 0.04628501827040195,
    "decision": 0.04628501827040195,
    "enable": 0.04628501827040195,
    "strategic": 0.04628501827040195,
    "threshold": 0.04628501827040195,
    "data": 0.04628501827040195,
    "together": 0.04506699147381242,
    "met": 0.04506699147381242,
    "strong": 0.04506699147381242,
    "recorded": 0.04506699147381242,
    "ensuring": 0.04506699147381242,
    "new": 0.04506699147381242,
    "last inspection": 0.04506699147381242,
    "partner agencies": 0.04506699147381242,
    "delay": 0.0438489646772229,
    "consider": 0.0438489646772229,
    "CSE": 0.0438489646772229,
    "good quality": 0.0438489646772229,
    "seen": 0.04263093788063337,
    "process": 0.04263093788063337,
    "council": 0.04263093788063337,
    "relevant": 0.04263093788063337,
    "developed": 0.04263093788063337,
    "programme": 0.04263093788063337,
    "timescale": 0.04263093788063337,
    "Summary findings": 0.04263093788063337,
    "performance management": 0.04263093788063337,
    "report": 0.04141291108404385,
    "providing": 0.04141291108404385,
    "current": 0.04141291108404385,
    "provision": 0.04141291108404385,
    "panel": 0.04141291108404385,
    "authority area": 0.04141291108404385,
    "role": 0.040194884287454324,
    "strategy": 0.040194884287454324
}