{
    "young people": 1.0,
    "children young": 0.9710144927536232,
    "schools national": 0.8695652173913043,
    "national average": 0.8599033816425121,
    "minority ethnic": 0.46859903381642515,
    "ethnic group": 0.463768115942029,
    "secondary schools": 0.4444444444444444,
    "proportion children": 0.43478260869565216,
    "primary schools": 0.43478260869565216,
    "local authority": 0.42028985507246375,
    "average secondary": 0.4106280193236715,
    "children living": 0.4057971014492754,
    "free school": 0.2222222222222222,
    "Approximately children": 0.21739130434782608,
    "total population": 0.21739130434782608,
    "population area": 0.21739130434782608,
    "people minority": 0.21739130434782608,
    "living area": 0.21739130434782608,
    "largest minority": 0.21739130434782608,
    "English additional": 0.21739130434782608,
    "school meal": 0.21739130434782608,
    "people age": 0.21256038647342995,
    "authoritys children": 0.21256038647342995,
    "groups account": 0.21256038647342995,
    "additional language": 0.21256038647342995,
    "entitled free": 0.20772946859903382,
    "account children": 0.20772946859903382,
    "area compared": 0.20772946859903382,
    "compared country": 0.20772946859903382,
    "people area": 0.20772946859903382,
    "children entitled": 0.2028985507246377,
    "country whole": 0.2028985507246377,
    "language primary": 0.2028985507246377,
    "area Approximately": 0.19806763285024154,
    "Approximately local": 0.19806763285024154,
    "meals primary": 0.19806763285024154,
    "average Children": 0.19806763285024154,
    "age years": 0.1932367149758454,
    "years live": 0.1932367149758454,
    "living poverty": 0.1932367149758454,
    "whole largest": 0.1932367149758454,
    "groups children": 0.1932367149758454,
    "service": 0.17391304347826086,
    "poverty proportion": 0.1642512077294686,
    "people English": 0.15942028985507245,
    "need": 0.14009661835748793,
    "Asian Asian": 0.13526570048309178,
    "Asian British": 0.13043478260869565,
    "plan": 0.11594202898550725,
    "White": 0.10628019323671498,
    "authority given": 0.10628019323671498,
    "given opportunity": 0.10628019323671498,
    "opportunity review": 0.10628019323671498,
    "review section": 0.10628019323671498,
    "section report": 0.10628019323671498,
    "report updated": 0.10628019323671498,
    "data available": 0.10628019323671498,
    "updated local": 0.10144927536231885,
    "local unvalidated": 0.10144927536231885,
    "unvalidated data": 0.10144927536231885,
    "area Asian": 0.09178743961352658,
    "many": 0.08695652173913043,
    "Ensure": 0.08695652173913043,
    "Census": 0.0821256038647343,
    "good": 0.07729468599033816,
    "average Approximately": 0.07729468599033816,
    "help": 0.07246376811594203,
    "risk": 0.06763285024154589,
    "live": 0.06280193236714976,
    "inspection": 0.06280193236714976,
    "improvement": 0.06280193236714976,
    "effective": 0.06280193236714976,
    "assessment": 0.06280193236714976,
    "families": 0.057971014492753624,
    "borough": 0.057971014492753624,
    "speak English": 0.057971014492753624,
    "British proportion": 0.057971014492753624,
    "Child": 0.05314009661835749,
    "Calderdale": 0.05314009661835749,
    "people speak": 0.05314009661835749,
    "England": 0.04830917874396135,
    "looked": 0.04830917874396135,
    "improve": 0.04830917874396135,
    "mean": 0.04830917874396135,
    "including": 0.04830917874396135,
    "well": 0.04830917874396135,
    "Black British": 0.04830917874396135,
    "information": 0.043478260869565216,
    "progress": 0.043478260869565216,
    "clear": 0.043478260869565216,
    "timely": 0.043478260869565216,
    "area mixed": 0.043478260869565216,
    "Black Black": 0.043478260869565216,
    "increase": 0.03864734299516908,
    "last": 0.03864734299516908,
    "deprived": 0.03864734299516908,
    "will": 0.03864734299516908,
    "practice": 0.03864734299516908,
    "robust": 0.03864734299516908,
    "planning": 0.03864734299516908,
    "work": 0.03864734299516908,
    "support": 0.03864734299516908,
    "social workers": 0.03864734299516908,
    "one": 0.033816425120772944,
    "Safeguarding": 0.033816425120772944,
    "identified": 0.033816425120772944,
    "early": 0.033816425120772944,
    "LSCB": 0.033816425120772944,
    "CSE": 0.033816425120772944,
    "use": 0.033816425120772944,
    "decision": 0.033816425120772944,
    "care": 0.033816425120772944,
    "outcome": 0.033816425120772944,
    "significant": 0.033816425120772944,
    "case": 0.033816425120772944,
    "Black Caribbean": 0.033816425120772944,
    "Mixed proportion": 0.033816425120772944,
    "management oversight": 0.033816425120772944,
    "high": 0.028985507246376812,
    "number": 0.028985507246376812,
    "household": 0.028985507246376812,
    "pupil": 0.028985507246376812,
    "ONS": 0.028985507246376812,
    "estimate": 0.028985507246376812,
    "access": 0.028985507246376812,
    "clearly": 0.028985507246376812,
    "know": 0.028985507246376812,
    "working": 0.028985507246376812,
    "team": 0.028985507246376812,
    "across": 0.028985507246376812,
    "level": 0.028985507246376812,
    "ward": 0.028985507246376812,
    "children aged": 0.028985507246376812,
    "living low": 0.028985507246376812,
    "low income": 0.028985507246376812,
    "income families": 0.028985507246376812,
    "British Mixed": 0.028985507246376812,
    "make sure": 0.028985507246376812,
    "authorities": 0.024154589371980676,
    "Luton": 0.024154589371980676,
    "first": 0.024154589371980676,
    "January": 0.024154589371980676,
    "Pakistani": 0.024154589371980676,
    "mid": 0.024154589371980676,
    "now": 0.024154589371980676,
    "making": 0.024154589371980676,
    "timescales": 0.024154589371980676,
    "challenge": 0.024154589371980676,
    "management": 0.024154589371980676,
    "action": 0.024154589371980676,
    "record": 0.024154589371980676,
    "example": 0.024154589371980676,
    "intervention": 0.024154589371980676,
    "together": 0.024154589371980676,
    "recording": 0.024154589371980676,
    "audit": 0.024154589371980676,
    "African": 0.024154589371980676,
    "Statistics": 0.024154589371980676,
    "Caribbean proportion": 0.024154589371980676,
    "national figure": 0.024154589371980676,
    "plans always": 0.024154589371980676,
    "care leavers": 0.024154589371980676,
    "performance management": 0.024154589371980676,
    "Indian": 0.01932367149758454,
    "county": 0.01932367149758454,
    "growing": 0.01932367149758454,
    "four": 0.01932367149758454,
    "judged": 0.01932367149758454,
    "Ofsted": 0.01932367149758454,
    "City": 0.01932367149758454,
    "rate": 0.01932367149758454,
    "Rochdale": 0.01932367149758454,
    "provide": 0.01932367149758454,
    "Blackpool": 0.01932367149758454,
    "hard": 0.01932367149758454,
    "made": 0.01932367149758454,
    "strength": 0.01932367149758454,
    "consistently": 0.01932367149758454,
    "wait": 0.01932367149758454,
    "long": 0.01932367149758454,
    "adopted": 0.01932367149758454,
    "recruitment": 0.01932367149758454,
    "seen": 0.01932367149758454,
    "inform": 0.01932367149758454,
    "permanency": 0.01932367149758454,
    "meetings": 0.01932367149758454,
    "enough": 0.01932367149758454,
    "delay": 0.01932367149758454,
    "protection": 0.01932367149758454,
    "understand": 0.01932367149758454,
    "focus": 0.01932367149758454,
    "adopter": 0.01932367149758454,
    "time": 0.01932367149758454,
    "chronologies": 0.01932367149758454,
    "place": 0.01932367149758454,
    "meet": 0.01932367149758454,
    "improved": 0.01932367149758454,
    "Office": 0.01932367149758454,
    "resident": 0.01932367149758454,
    "levels deprivation": 0.01932367149758454
}