{
    "young people": 1.0,
    "local authority": 0.8115482233502538,
    "children young": 0.5126903553299492,
    "service": 0.5,
    "care leaver": 0.42956852791878175,
    "support": 0.39720812182741116,
    "need": 0.3876903553299492,
    "social worker": 0.3756345177664975,
    "plan": 0.35850253807106597,
    "work": 0.3470812182741117,
    "However": 0.342005076142132,
    "ensure": 0.3413705583756345,
    "looked children": 0.31852791878172587,
    "children": 0.30647208121827413,
    "child protection": 0.2569796954314721,
    "Board": 0.24428934010152284,
    "multi agency": 0.22779187817258884,
    "well": 0.217005076142132,
    "assessment": 0.2131979695431472,
    "review": 0.21192893401015228,
    "placement": 0.20748730964467005,
    "example": 0.19606598984771573,
    "including": 0.19543147208121828,
    "case": 0.1947969543147208,
    "effective": 0.19289340101522842,
    "provide": 0.19035532994923857,
    "within": 0.18972081218274112,
    "early help": 0.1814720812182741,
    "also": 0.1802030456852792,
    "social care": 0.17956852791878172,
    "although": 0.1751269035532995,
    "good": 0.17449238578680204,
    "staff": 0.17258883248730963,
    "school": 0.1713197969543147,
    "arrangement": 0.16370558375634517,
    "information": 0.16307106598984772,
    "team": 0.16116751269035534,
    "appropriate": 0.1598984771573604,
    "child": 0.15926395939086294,
    "clear": 0.15736040609137056,
    "children looked": 0.1567258883248731,
    "currently": 0.15355329949238578,
    "report": 0.15291878172588833,
    "adoption": 0.15038071065989847,
    "include": 0.14911167512690354,
    "effectively": 0.14911167512690354,
    "meeting": 0.14784263959390864,
    "authority area": 0.1351522842639594,
    "foster carer": 0.13451776649746192,
    "identified": 0.1319796954314721,
    "training": 0.1319796954314721,
    "adopter": 0.12944162436548223,
    "practice": 0.12753807106598986,
    "manager": 0.12690355329949238,
    "challenge": 0.12626903553299493,
    "social work": 0.12626903553299493,
    "agencies": 0.12563451776649745,
    "performance": 0.12436548223350254,
    "one": 0.12246192893401016,
    "development": 0.12246192893401016,
    "group": 0.1218274111675127,
    "issue": 0.12055837563451777,
    "yet": 0.11802030456852793,
    "childrens social": 0.11802030456852793,
    "access": 0.11611675126903553,
    "level": 0.11548223350253807,
    "result": 0.1148477157360406,
    "use": 0.11421319796954314,
    "children care": 0.11421319796954314,
    "carer": 0.11040609137055837,
    "quality": 0.10913705583756345,
    "new": 0.10786802030456853,
    "action": 0.1065989847715736,
    "parent": 0.1065989847715736,
    "children families": 0.10596446700507614,
    "always": 0.10532994923857868,
    "audit": 0.10469543147208121,
    "impact": 0.10406091370558376,
    "range": 0.10215736040609137,
    "sexual exploitation": 0.10152284263959391,
    "LSCB": 0.10088832487309644,
    "appropriately": 0.10088832487309644,
    "families": 0.09898477157360407,
    "progress": 0.09898477157360407,
    "recent": 0.09771573604060914,
    "time": 0.09581218274111675,
    "year": 0.09581218274111675,
    "police": 0.09517766497461928,
    "now": 0.09517766497461928,
    "change": 0.09517766497461928,
    "timely": 0.09390862944162437,
    "supported": 0.09390862944162437,
    "protection plan": 0.0932741116751269,
    "partner agencies": 0.09263959390862944,
    "childrens service": 0.09263959390862944,
    "provision": 0.09200507614213198,
    "two": 0.09137055837563451,
    "referral": 0.09137055837563451,
    "domestic abuse": 0.09137055837563451,
    "used": 0.0901015228426396,
    "panel": 0.08946700507614214,
    "focus": 0.08883248730964467,
    "delay": 0.08883248730964467,
    "requires improvement": 0.08883248730964467,
    "process": 0.08819796954314721,
    "provided": 0.08819796954314721,
    "considered": 0.08819796954314721,
    "remain": 0.08819796954314721,
    "evidence": 0.08629441624365482,
    "developed": 0.08375634517766498,
    "ceased looked": 0.08375634517766498,
    "professional": 0.08248730964467005,
    "take": 0.08248730964467005,
    "partner": 0.08185279187817258,
    "contact": 0.08121827411167512,
    "attendance": 0.08121827411167512,
    "current": 0.08058375634517767,
    "system": 0.08058375634517767,
    "improvement": 0.0799492385786802,
    "planning": 0.0799492385786802,
    "mean": 0.0799492385786802,
    "role": 0.07804568527918782,
    "make": 0.07741116751269035,
    "routinely": 0.07741116751269035,
    "sufficiently": 0.07741116751269035,
    "will": 0.07741116751269035,
    "concern": 0.07677664974619289,
    "learning": 0.07677664974619289,
    "partnership": 0.07677664974619289,
    "data": 0.07614213197969544,
    "view": 0.07614213197969544,
    "robust": 0.07550761421319797,
    "positive": 0.07550761421319797,
    "senior manager": 0.07550761421319797,
    "worker": 0.07487309644670051,
    "number children": 0.07423857868020305,
    "receive": 0.07360406091370558,
    "record": 0.07296954314720812,
    "CSE": 0.07296954314720812,
    "recently": 0.07233502538071065,
    "programme": 0.07233502538071065,
    "led": 0.07233502538071065,
    "available": 0.0717005076142132,
    "undertaken": 0.0717005076142132,
    "children need": 0.0717005076142132,
    "three": 0.07106598984771574,
    "outcomes children": 0.07106598984771574,
    "place": 0.07043147208121828,
    "risk": 0.06979695431472081,
    "family": 0.06979695431472081,
    "working": 0.06979695431472081,
    "Safeguarding Children": 0.06916243654822335,
    "able": 0.06852791878172589,
    "completed": 0.06852791878172589,
    "develop": 0.06789340101522842,
    "child sexual": 0.06789340101522842,
    "enable": 0.06725888324873096,
    "threshold": 0.06725888324873096,
    "area live": 0.06662436548223351,
    "timescale": 0.06598984771573604,
    "IRO": 0.06598984771573604,
    "children missing": 0.06598984771573604,
    "response": 0.06535532994923858,
    "comprehensive": 0.06535532994923858,
    "lack": 0.06472081218274112,
    "improve": 0.06472081218274112,
    "identify": 0.06472081218274112,
    "made": 0.06408629441624365,
    "individual": 0.06408629441624365,
    "children placed": 0.06408629441624365,
    "live authority": 0.06408629441624365,
    "significant": 0.06345177664974619,
    "targeted": 0.06281725888324872,
    "area": 0.06218274111675127,
    "intervention": 0.061548223350253804,
    "better": 0.061548223350253804,
    "consistently": 0.061548223350253804,
    "meet": 0.061548223350253804,
    "improving": 0.061548223350253804,
    "particularly": 0.061548223350253804,
    "chair": 0.06091370558375635,
    "across": 0.06091370558375635,
    "key": 0.06091370558375635,
    "ensuring": 0.06091370558375635,
    "benefit": 0.06091370558375635,
    "show": 0.06091370558375635,
    "offer": 0.06091370558375635,
    "reflect": 0.06091370558375635,
    "case review": 0.060279187817258884,
    "arrangements place": 0.060279187817258884,
    "quality assurance": 0.060279187817258884,
    "ofsted gov": 0.060279187817258884,
    "gov uk": 0.060279187817258884,
    "increased": 0.05964467005076142,
    "cases seen": 0.05964467005076142,
    "resulted": 0.05901015228426396,
    "strong": 0.05901015228426396,
    "young person": 0.05901015228426396,
    "childrens home": 0.05901015228426396,
    "regular": 0.0583756345177665
}