{
    "young people": 1.0,
    "local authority": 0.891970802919708,
    "children young": 0.5761557177615572,
    "service": 0.4170316301703163,
    "care leaver": 0.4155717761557178,
    "ensure": 0.39610705596107054,
    "social worker": 0.3708029197080292,
    "need": 0.34793187347931875,
    "plan": 0.3192214111922141,
    "looked children": 0.3158150851581509,
    "support": 0.2997566909975669,
    "However": 0.28175182481751826,
    "child protection": 0.26666666666666666,
    "work": 0.2632603406326034,
    "multi agency": 0.19075425790754258,
    "assessment": 0.18929440389294405,
    "including": 0.1878345498783455,
    "Board": 0.17858880778588807,
    "early help": 0.17323600973236009,
    "social care": 0.17226277372262774,
    "provide": 0.16982968369829685,
    "well": 0.16934306569343066,
    "effective": 0.1678832116788321,
    "review": 0.16204379562043797,
    "example": 0.16058394160583941,
    "within": 0.15669099756690996,
    "information": 0.15571776155717762,
    "Although": 0.15231143552311435,
    "placement": 0.15182481751824817,
    "children looked": 0.14987834549878346,
    "case": 0.14452554744525548,
    "good": 0.14257907542579076,
    "clear": 0.14257907542579076,
    "also": 0.1416058394160584,
    "staff": 0.14063260340632602,
    "arrangement": 0.1347931873479319,
    "appropriate": 0.13284671532846715,
    "include": 0.1318734793187348,
    "effectively": 0.12992700729927006,
    "adoption": 0.12700729927007298,
    "children families": 0.12506082725060827,
    "child": 0.1245742092457421,
    "social work": 0.1245742092457421,
    "currently": 0.12408759124087591,
    "foster carer": 0.12068126520681265,
    "team": 0.1192214111922141,
    "meeting": 0.1192214111922141,
    "childrens social": 0.11727493917274939,
    "agencies": 0.11532846715328467,
    "children care": 0.11289537712895377,
    "parent": 0.10997566909975669,
    "practice": 0.10900243309002433,
    "report": 0.1070559610705596,
    "manager": 0.10656934306569343,
    "adopter": 0.10559610705596106,
    "performance": 0.10316301703163017,
    "childrens service": 0.10316301703163017,
    "one": 0.10218978102189781,
    "challenge": 0.10170316301703163,
    "always": 0.10072992700729927,
    "issue": 0.10072992700729927,
    "sexual exploitation": 0.09829683698296837,
    "school": 0.09683698296836983,
    "now": 0.09537712895377129,
    "identified": 0.09440389294403893,
    "audit": 0.09440389294403893,
    "result": 0.09391727493917275,
    "training": 0.09294403892944039,
    "protection plan": 0.09245742092457421,
    "access": 0.09148418491484185,
    "group": 0.09002433090024331,
    "carer": 0.08905109489051095,
    "supported": 0.08856447688564477,
    "development": 0.08807785888077858,
    "use": 0.08759124087591241,
    "new": 0.08759124087591241,
    "time": 0.08613138686131387,
    "national average": 0.08564476885644769,
    "Safeguarding Children": 0.0851581508515815,
    "partner agencies": 0.08418491484184915,
    "level": 0.08369829683698297,
    "appropriately": 0.08321167883211679,
    "focus": 0.08126520681265206,
    "timely": 0.08077858880778589,
    "provision": 0.08029197080291971,
    "LSCB": 0.07980535279805352,
    "police": 0.07931873479318735,
    "provided": 0.07931873479318735,
    "referral": 0.07931873479318735,
    "children need": 0.07883211678832117,
    "used": 0.07834549878345498,
    "range": 0.07737226277372262,
    "recent": 0.07737226277372262,
    "requires improvement": 0.07688564476885645,
    "domestic abuse": 0.07688564476885645,
    "improve": 0.07639902676399027,
    "contact": 0.07639902676399027,
    "take": 0.07639902676399027,
    "action": 0.07493917274939173,
    "change": 0.07493917274939173,
    "remain": 0.07250608272506083,
    "improvement": 0.07201946472019465,
    "will": 0.07201946472019465,
    "view": 0.07153284671532846,
    "delay": 0.07153284671532846,
    "impact": 0.07104622871046229,
    "process": 0.0705596107055961,
    "robust": 0.0705596107055961,
    "professional": 0.07007299270072993,
    "panel": 0.07007299270072993,
    "developed": 0.07007299270072993,
    "Children Board": 0.06958637469586375,
    "senior manager": 0.06958637469586375,
    "two": 0.06909975669099756,
    "record": 0.06909975669099756,
    "current": 0.06909975669099756,
    "many": 0.0681265206812652,
    "progress": 0.06763990267639902,
    "outcomes children": 0.06715328467153285,
    "receive": 0.06618004866180048,
    "system": 0.06618004866180048,
    "Local Safeguarding": 0.06618004866180048,
    "yet": 0.06569343065693431,
    "attendance": 0.06569343065693431,
    "partner": 0.06520681265206812,
    "year": 0.06520681265206812,
    "better": 0.06472019464720194,
    "develop": 0.06472019464720194,
    "enable": 0.06472019464720194,
    "authority area": 0.06472019464720194,
    "make": 0.06423357664233577,
    "working": 0.06423357664233577,
    "child sexual": 0.06423357664233577,
    "sufficiently": 0.06374695863746958,
    "concern": 0.06374695863746958,
    "number children": 0.06326034063260341,
    "family": 0.06277372262773723,
    "lack": 0.06277372262773723,
    "routinely": 0.06228710462287105,
    "evidence": 0.06228710462287105,
    "made": 0.061800486618004864,
    "threshold": 0.061800486618004864,
    "CSE": 0.06082725060827251,
    "mean": 0.06034063260340632,
    "data": 0.06034063260340632,
    "learning": 0.06034063260340632,
    "role": 0.059854014598540145,
    "enough": 0.059854014598540145,
    "able": 0.059854014598540145,
    "children missing": 0.059854014598540145,
    "available": 0.05936739659367397,
    "people families": 0.05936739659367397,
    "consistently": 0.058394160583941604,
    "partnership": 0.057907542579075426,
    "particularly": 0.057907542579075426,
    "recently": 0.057907542579075426,
    "undertaken": 0.057907542579075426,
    "quality assurance": 0.057907542579075426,
    "Inspection judgement": 0.057907542579075426,
    "ensuring": 0.05693430656934306,
    "response": 0.05693430656934306,
    "quality": 0.056447688564476885,
    "comprehensive": 0.05596107055961071,
    "improving": 0.05596107055961071,
    "programme": 0.05596107055961071,
    "need help": 0.05596107055961071,
    "good quality": 0.05596107055961071,
    "positive": 0.05547445255474453,
    "led": 0.05547445255474453,
    "considered": 0.054987834549878344,
    "offer": 0.054501216545012166,
    "intervention": 0.05401459854014599,
    "identify": 0.05401459854014599,
    "reflect": 0.05401459854014599,
    "corporate parenting": 0.05401459854014599,
    "risk": 0.0535279805352798,
    "individual": 0.0535279805352798,
    "consider": 0.0535279805352798,
    "help protection": 0.0535279805352798,
    "case review": 0.0535279805352798,
    "ofsted gov": 0.0535279805352798,
    "gov uk": 0.0535279805352798,
    "place": 0.053041362530413624,
    "children placed": 0.053041362530413624,
    "improved": 0.052554744525547446,
    "completed": 0.052554744525547446,
    "increased": 0.052554744525547446,
    "inspection local": 0.052554744525547446,
    "timescale": 0.05206812652068127,
    "show": 0.05206812652068127,
    "safe": 0.05158150851581508,
    "approach": 0.05158150851581508,
    "planning": 0.051094890510948905,
    "fully": 0.051094890510948905,
    "three": 0.051094890510948905,
    "small number": 0.051094890510948905,
    "young person": 0.051094890510948905,
    "worker": 0.05060827250608273,
    "monitoring": 0.05012165450121654,
    "cases seen": 0.05012165450121654
}