{
    "young people": 1.0,
    "children young": 0.7859154929577464,
    "board": 0.24225352112676057,
    "good": 0.21971830985915494,
    "child protection": 0.2028169014084507,
    "service": 0.17746478873239438,
    "support": 0.17464788732394365,
    "protection plan": 0.15774647887323945,
    "childrens service": 0.15492957746478872,
    "local authority": 0.15211267605633802,
    "care leavers": 0.15211267605633802,
    "people subject": 0.1323943661971831,
    "subject child": 0.1323943661971831,
    "people looked": 0.1323943661971831,
    "reduction March": 0.1295774647887324,
    "effective": 0.1267605633802817,
    "need specialist": 0.1267605633802817,
    "specialist childrens": 0.1267605633802817,
    "work": 0.12394366197183099,
    "March children": 0.12394366197183099,
    "formally need": 0.12394366197183099,
    "identified assessment": 0.12112676056338029,
    "assessment formally": 0.12112676056338029,
    "privately arranged": 0.12112676056338029,
    "social worker": 0.12112676056338029,
    "children identified": 0.11830985915492957,
    "lived privately": 0.11830985915492957,
    "arranged fostering": 0.11830985915492957,
    "fostering placement": 0.11830985915492957,
    "well": 0.11549295774647887,
    "young person": 0.11549295774647887,
    "increase March": 0.11267605633802817,
    "children lived": 0.10985915492957747,
    "ensure": 0.10704225352112676,
    "case review": 0.10422535211267606,
    "progress": 0.10140845070422536,
    "year": 0.09859154929577464,
    "risk": 0.09859154929577464,
    "March March": 0.09859154929577464,
    "help": 0.09577464788732394,
    "team": 0.09577464788732394,
    "serious case": 0.09295774647887324,
    "place": 0.09014084507042254,
    "time inspection": 0.08732394366197183,
    "care": 0.08450704225352113,
    "practice": 0.08450704225352113,
    "health": 0.08450704225352113,
    "Recommendation": 0.08169014084507042,
    "serious incident": 0.08169014084507042,
    "child young": 0.08169014084507042,
    "plan": 0.07887323943661972,
    "incident notification": 0.07887323943661972,
    "inspection": 0.07605633802816901,
    "information": 0.07605633802816901,
    "submitted Ofsted": 0.07605633802816901,
    "including": 0.07323943661971831,
    "outcome": 0.07323943661971831,
    "sexual exploitation": 0.07042253521126761,
    "include": 0.0676056338028169,
    "training": 0.0676056338028169,
    "clear": 0.0676056338028169,
    "staff": 0.0676056338028169,
    "appropriate": 0.0676056338028169,
    "many": 0.0676056338028169,
    "service reduction": 0.0676056338028169,
    "notifications submitted": 0.0676056338028169,
    "number": 0.0647887323943662,
    "families": 0.0647887323943662,
    "parents": 0.0647887323943662,
    "quality": 0.0647887323943662,
    "example": 0.0647887323943662,
    "improve": 0.061971830985915494,
    "performance": 0.061971830985915494,
    "family": 0.061971830985915494,
    "home": 0.061971830985915494,
    "high": 0.061971830985915494,
    "two": 0.059154929577464786,
    "learning": 0.059154929577464786,
    "meeting": 0.059154929577464786,
    "Since last": 0.059154929577464786,
    "last inspection": 0.059154929577464786,
    "supported": 0.056338028169014086,
    "adopters": 0.056338028169014086,
    "audit": 0.056338028169014086,
    "inspector": 0.056338028169014086,
    "child sexual": 0.056338028169014086,
    "challenge": 0.05352112676056338,
    "education": 0.05352112676056338,
    "receive": 0.05352112676056338,
    "Bury": 0.05352112676056338,
    "seen": 0.05352112676056338,
    "SCR": 0.05352112676056338,
    "ongoing time": 0.05352112676056338,
    "plan increase": 0.05352112676056338,
    "people families": 0.05352112676056338,
    "However": 0.05070422535211268,
    "arrangement": 0.05070422535211268,
    "school": 0.05070422535211268,
    "partner": 0.05070422535211268,
    "adoption": 0.05070422535211268,
    "reviews completed": 0.05070422535211268,
    "social care": 0.05070422535211268,
    "need": 0.04788732394366197,
    "four": 0.04788732394366197,
    "improvement": 0.04788732394366197,
    "impact": 0.04788732394366197,
    "provided": 0.04788732394366197,
    "change": 0.04788732394366197,
    "group": 0.04788732394366197,
    "March Since": 0.04788732394366197,
    "early help": 0.04788732394366197,
    "multi agency": 0.04788732394366197,
    "report": 0.04507042253521127,
    "providing": 0.04507042253521127,
    "manager": 0.04507042253521127,
    "plan reduction": 0.04507042253521127,
    "service increase": 0.04507042253521127,
    "social work": 0.04507042253521127,
    "live": 0.04225352112676056,
    "made": 0.04225352112676056,
    "make": 0.04225352112676056,
    "police": 0.04225352112676056,
    "result": 0.04225352112676056,
    "detailed": 0.04225352112676056,
    "professional": 0.04225352112676056,
    "regularly": 0.04225352112676056,
    "national": 0.04225352112676056,
    "understanding": 0.04225352112676056,
    "currently": 0.04225352112676056,
    "placement increase": 0.04225352112676056,
    "senior manager": 0.04225352112676056,
    "one": 0.03943661971830986,
    "local": 0.03943661971830986,
    "also": 0.03943661971830986,
    "age": 0.03943661971830986,
    "area": 0.03943661971830986,
    "date": 0.03943661971830986,
    "scrutiny": 0.03943661971830986,
    "recorded": 0.03943661971830986,
    "across": 0.03943661971830986,
    "benefit": 0.03943661971830986,
    "improved": 0.03943661971830986,
    "IRO": 0.03943661971830986,
    "per children": 0.03943661971830986,
    "partner agencies": 0.03943661971830986,
    "seven": 0.036619718309859155,
    "days": 0.036619718309859155,
    "use": 0.036619718309859155,
    "meet": 0.036619718309859155,
    "action": 0.036619718309859155,
    "MASH": 0.036619718309859155,
    "within": 0.036619718309859155,
    "Although": 0.036619718309859155,
    "regular": 0.036619718309859155,
    "positive": 0.036619718309859155,
    "experience": 0.036619718309859155,
    "domestic abuse": 0.036619718309859155,
    "five": 0.03380281690140845,
    "accommodation": 0.03380281690140845,
    "enough": 0.03380281690140845,
    "improving": 0.03380281690140845,
    "intervention": 0.03380281690140845,
    "always": 0.03380281690140845,
    "supervision": 0.03380281690140845,
    "findings": 0.03380281690140845,
    "guidance": 0.03380281690140845,
    "record": 0.03380281690140845,
    "referral": 0.03380281690140845,
    "decision": 0.03380281690140845,
    "provide": 0.03380281690140845,
    "response": 0.03380281690140845,
    "BSCB": 0.03380281690140845,
    "placement reduction": 0.03380281690140845,
    "completed ongoing": 0.03380281690140845,
    "may": 0.030985915492957747,
    "independent": 0.030985915492957747,
    "timely": 0.030985915492957747,
    "working": 0.030985915492957747,
    "take": 0.030985915492957747,
    "council": 0.030985915492957747,
    "access": 0.030985915492957747,
    "range": 0.030985915492957747,
    "majority": 0.030985915492957747,
    "agencies": 0.030985915492957747,
    "robust": 0.030985915492957747,
    "contact": 0.030985915492957747,
    "used": 0.030985915492957747,
    "inform": 0.030985915492957747,
    "development": 0.030985915492957747,
    "delay": 0.030985915492957747,
    "sufficiently": 0.030985915492957747,
    "process": 0.030985915492957747,
    "PAs": 0.030985915492957747,
    "member": 0.030985915492957747,
    "issue": 0.030985915492957747,
    "June": 0.028169014084507043,
    "management": 0.028169014084507043,
    "carers": 0.028169014084507043,
    "order": 0.028169014084507043,
    "set": 0.028169014084507043
}