{
    "young people": 1.0,
    "local authority": 0.7674267100977199,
    "service": 0.5368078175895765,
    "children young": 0.5322475570032573,
    "care leaver": 0.45667752442996745,
    "ensure": 0.44299674267100975,
    "need": 0.41172638436482084,
    "plan": 0.38827361563517915,
    "children": 0.38436482084690554,
    "social worker": 0.3752442996742671,
    "support": 0.3745928338762215,
    "work": 0.34136807817589576,
    "However": 0.3231270358306189,
    "looked children": 0.29250814332247554,
    "child protection": 0.25928338762214986,
    "Board": 0.254071661237785,
    "assessment": 0.24364820846905538,
    "well": 0.23192182410423454,
    "multi agency": 0.2254071661237785,
    "review": 0.2247557003257329,
    "case": 0.22280130293159608,
    "effective": 0.20912052117263843,
    "including": 0.20781758957654722,
    "example": 0.1973941368078176,
    "within": 0.19413680781758957,
    "placement": 0.19413680781758957,
    "provide": 0.18827361563517916,
    "early help": 0.18827361563517916,
    "social care": 0.18306188925081432,
    "staff": 0.17980456026058633,
    "children looked": 0.1778501628664495,
    "appropriate": 0.1752442996742671,
    "information": 0.1745928338762215,
    "although": 0.17263843648208468,
    "effectively": 0.17068403908794788,
    "also": 0.1700325732899023,
    "school": 0.1700325732899023,
    "arrangement": 0.1700325732899023,
    "clear": 0.16416938110749185,
    "child": 0.16286644951140064,
    "team": 0.16221498371335505,
    "meeting": 0.15830618892508144,
    "adoption": 0.15570032573289902,
    "report": 0.152442996742671,
    "currently": 0.1517915309446254,
    "identified": 0.1511400651465798,
    "practice": 0.149185667752443,
    "include": 0.1465798045602606,
    "good": 0.13811074918566776,
    "manager": 0.13615635179153093,
    "challenge": 0.13289902280130292,
    "foster carer": 0.13224755700325733,
    "agencies": 0.13029315960912052,
    "group": 0.1276872964169381,
    "issue": 0.1270358306188925,
    "access": 0.1244299674267101,
    "social work": 0.1244299674267101,
    "parent": 0.12312703583061889,
    "use": 0.12117263843648209,
    "result": 0.11921824104234528,
    "level": 0.11921824104234528,
    "adopter": 0.11856677524429968,
    "audit": 0.11791530944625407,
    "sexual exploitation": 0.11791530944625407,
    "timely": 0.11596091205211727,
    "childrens social": 0.11596091205211727,
    "progress": 0.11465798045602606,
    "supported": 0.11465798045602606,
    "training": 0.11335504885993486,
    "carer": 0.11074918566775244,
    "one": 0.11009771986970684,
    "impact": 0.11009771986970684,
    "development": 0.11009771986970684,
    "new": 0.10944625407166124,
    "now": 0.10879478827361563,
    "children care": 0.10814332247557003,
    "always": 0.10749185667752444,
    "performance": 0.10749185667752444,
    "children families": 0.10684039087947883,
    "yet": 0.10618892508143322,
    "change": 0.10618892508143322,
    "appropriately": 0.10488599348534201,
    "LSCB": 0.1022801302931596,
    "area": 0.10162866449511401,
    "partner agencies": 0.10097719869706841,
    "recent": 0.1003257328990228,
    "range": 0.1003257328990228,
    "focus": 0.0996742671009772,
    "year": 0.0996742671009772,
    "provided": 0.098371335504886,
    "referral": 0.09641693811074918,
    "improve": 0.09381107491856677,
    "action": 0.09315960912052117,
    "panel": 0.09250814332247558,
    "childrens service": 0.09250814332247558,
    "quality": 0.09185667752442997,
    "protection plan": 0.09185667752442997,
    "current": 0.09120521172638436,
    "provision": 0.09055374592833876,
    "domestic abuse": 0.09055374592833876,
    "risk": 0.08990228013029317,
    "used": 0.08990228013029317,
    "requires improvement": 0.08859934853420195,
    "two": 0.08794788273615635,
    "police": 0.08794788273615635,
    "process": 0.08794788273615635,
    "developed": 0.08664495114006515,
    "take": 0.08599348534201955,
    "senior manager": 0.08599348534201955,
    "view": 0.08534201954397394,
    "recently": 0.08403908794788274,
    "remain": 0.08403908794788274,
    "contact": 0.08338762214983714,
    "robust": 0.08338762214983714,
    "evidence": 0.08338762214983714,
    "considered": 0.08338762214983714,
    "delay": 0.08338762214983714,
    "family": 0.08273615635179153,
    "professional": 0.08208469055374593,
    "attendance": 0.08078175895765473,
    "will": 0.08078175895765473,
    "time": 0.07947882736156352,
    "routinely": 0.07752442996742671,
    "sufficiently": 0.07752442996742671,
    "intervention": 0.07687296416938111,
    "working": 0.07687296416938111,
    "concern": 0.07687296416938111,
    "system": 0.07687296416938111,
    "gov uk": 0.07687296416938111,
    "significant": 0.0762214983713355,
    "planning": 0.0762214983713355,
    "record": 0.0762214983713355,
    "outcomes children": 0.0762214983713355,
    "response": 0.0755700325732899,
    "make": 0.0755700325732899,
    "learning": 0.0749185667752443,
    "enable": 0.0742671009771987,
    "mean": 0.0742671009771987,
    "child sexual": 0.0742671009771987,
    "ofsted gov": 0.0742671009771987,
    "positive": 0.0736156351791531,
    "worker": 0.0736156351791531,
    "able": 0.0736156351791531,
    "data": 0.07296416938110749,
    "ensuring": 0.07296416938110749,
    "IRO": 0.07296416938110749,
    "improvement": 0.07231270358306188,
    "undertaken": 0.07231270358306188,
    "key": 0.07231270358306188,
    "Safeguarding Children": 0.07231270358306188,
    "receive": 0.07166123778501629,
    "completed": 0.07166123778501629,
    "number children": 0.07166123778501629,
    "chair": 0.07100977198697069,
    "role": 0.07100977198697069,
    "lack": 0.07035830618892508,
    "families": 0.06970684039087947,
    "programme": 0.06970684039087947,
    "led": 0.06970684039087947,
    "consistently": 0.06905537459283388,
    "partnership": 0.06905537459283388,
    "threshold": 0.06905537459283388,
    "particularly": 0.06905537459283388,
    "children need": 0.06905537459283388,
    "made": 0.06840390879478828,
    "improving": 0.06840390879478828,
    "develop": 0.06840390879478828,
    "increase": 0.06775244299674267,
    "better": 0.06775244299674267,
    "inform": 0.06775244299674267,
    "identify": 0.06775244299674267,
    "available": 0.06710097719869706,
    "individual": 0.06710097719869706,
    "offer": 0.06710097719869706,
    "partner": 0.06644951140065146,
    "benefit": 0.06644951140065146,
    "timescale": 0.06644951140065146,
    "comprehensive": 0.06579804560260587,
    "mental health": 0.06514657980456026,
    "children placed": 0.06514657980456026,
    "CSE": 0.06449511400651466,
    "resulted": 0.06384364820846905,
    "quality assurance": 0.06384364820846905,
    "three": 0.06319218241042346,
    "place": 0.06319218241042346,
    "case review": 0.06319218241042346,
    "meet": 0.06254071661237785,
    "targeted": 0.06188925081433225,
    "strong": 0.06188925081433225,
    "children missing": 0.06188925081433225,
    "good quality": 0.06188925081433225,
    "fully": 0.06123778501628664,
    "specific": 0.06123778501628664,
    "approach": 0.06123778501628664,
    "consider": 0.06123778501628664,
    "reflect": 0.06058631921824104,
    "authority area": 0.06058631921824104,
    "ensure children": 0.06058631921824104,
    "day": 0.05993485342019544,
    "continue": 0.05993485342019544
}