{
    "Board": 1.0,
    "young people": 0.6974789915966386,
    "children young": 0.49789915966386555,
    "local authority": 0.44432773109243695,
    "ensure": 0.3739495798319328,
    "multi agency": 0.32983193277310924,
    "LSCB": 0.3277310924369748,
    "work": 0.3172268907563025,
    "gov uk": 0.27941176470588236,
    "sexual exploitation": 0.25210084033613445,
    "audit": 0.24054621848739496,
    "practice": 0.23634453781512604,
    "example": 0.23634453781512604,
    "However": 0.21533613445378152,
    "child sexual": 0.21008403361344538,
    "ofsted gov": 0.21008403361344538,
    "service": 0.20588235294117646,
    "challenge": 0.20588235294117646,
    "early help": 0.18907563025210083,
    "development": 0.18487394957983194,
    "plan": 0.18172268907563024,
    "agencies": 0.1796218487394958,
    "issue": 0.16911764705882354,
    "Safeguarding Children": 0.16701680672268907,
    "partner": 0.1638655462184874,
    "child protection": 0.1638655462184874,
    "need": 0.16176470588235295,
    "chair": 0.15966386554621848,
    "sub group": 0.15861344537815125,
    "area": 0.1565126050420168,
    "effectively": 0.15546218487394958,
    "clear": 0.15336134453781514,
    "including": 0.15231092436974789,
    "social care": 0.15021008403361344,
    "support": 0.14600840336134455,
    "group": 0.14495798319327732,
    "priorities": 0.14390756302521007,
    "enquiries ofsted": 0.14180672268907563,
    "Children Board": 0.1407563025210084,
    "case review": 0.13865546218487396,
    "identified": 0.13550420168067226,
    "Local Safeguarding": 0.1334033613445378,
    "impact": 0.1323529411764706,
    "safeguarding": 0.12920168067226892,
    "partner agencies": 0.12815126050420167,
    "serious case": 0.12394957983193278,
    "within": 0.12289915966386554,
    "learning": 0.12289915966386554,
    "provide": 0.1207983193277311,
    "appropriately": 0.11764705882352941,
    "annual report": 0.11764705882352941,
    "review": 0.11659663865546219,
    "care children": 0.11554621848739496,
    "childrens service": 0.11449579831932773,
    "SCR": 0.11239495798319328,
    "looked children": 0.11239495798319328,
    "action": 0.11134453781512606,
    "appropriate": 0.11134453781512606,
    "Although": 0.11029411764705882,
    "include": 0.1092436974789916,
    "people families": 0.10714285714285714,
    "response": 0.10609243697478991,
    "arrangement": 0.10504201680672269,
    "partnership": 0.10399159663865547,
    "Recommendation": 0.10399159663865547,
    "developed": 0.10294117647058823,
    "effective": 0.10084033613445378,
    "meeting": 0.09978991596638656,
    "level": 0.09873949579831932,
    "member": 0.0976890756302521,
    "training": 0.0976890756302521,
    "recent": 0.0976890756302521,
    "action plan": 0.0976890756302521,
    "well": 0.09663865546218488,
    "yet": 0.09663865546218488,
    "data": 0.09453781512605042,
    "progress": 0.09453781512605042,
    "child death": 0.09453781512605042,
    "please telephone": 0.09453781512605042,
    "telephone email": 0.09453781512605042,
    "email enquiries": 0.09453781512605042,
    "regulates inspects": 0.09453781512605042,
    "social worker": 0.09453781512605042,
    "staff": 0.0934873949579832,
    "range": 0.0934873949579832,
    "understanding": 0.0934873949579832,
    "number": 0.0934873949579832,
    "focus": 0.0934873949579832,
    "also": 0.09243697478991597,
    "sufficiently": 0.09243697478991597,
    "performance": 0.09138655462184873,
    "change": 0.09138655462184873,
    "health": 0.09033613445378151,
    "recently": 0.09033613445378151,
    "strategic": 0.09033613445378151,
    "agency audit": 0.09033613445378151,
    "one": 0.08928571428571429,
    "now": 0.08718487394957983,
    "key": 0.0861344537815126,
    "strategy": 0.08508403361344538,
    "attendance": 0.08508403361344538,
    "activity": 0.08403361344537816,
    "quality assurance": 0.08298319327731092,
    "childrens social": 0.08298319327731092,
    "police": 0.08088235294117647,
    "significant": 0.07983193277310924,
    "scrutiny": 0.07983193277310924,
    "threshold": 0.07878151260504201,
    "programme": 0.07773109243697479,
    "use": 0.07773109243697479,
    "role": 0.07668067226890757,
    "requires improvement": 0.07668067226890757,
    "across": 0.07563025210084033,
    "led": 0.07563025210084033,
    "oversight": 0.07563025210084033,
    "school": 0.07563025210084033,
    "place": 0.07457983193277311,
    "analysis": 0.07457983193277311,
    "uk ofsted": 0.07457983193277311,
    "completed": 0.07352941176470588,
    "strong": 0.07352941176470588,
    "link": 0.07352941176470588,
    "across partnership": 0.07352941176470588,
    "assessment": 0.07247899159663866,
    "care leavers": 0.07247899159663866,
    "agency training": 0.07247899159663866,
    "currently": 0.07142857142857142,
    "current": 0.07142857142857142,
    "ensuring": 0.07142857142857142,
    "comprehensive": 0.07142857142857142,
    "inspection team": 0.07142857142857142,
    "Lead inspector": 0.07142857142857142,
    "process": 0.0703781512605042,
    "business plan": 0.0703781512605042,
    "inspection local": 0.0703781512605042,
    "section Education": 0.0703781512605042,
    "review Local": 0.0703781512605042,
    "help protection": 0.06932773109243698,
    "carried section": 0.06932773109243698,
    "Education Inspections": 0.06932773109243698,
    "Inspections Act": 0.06932773109243698,
    "year": 0.06827731092436974,
    "fully": 0.06722689075630252,
    "used": 0.06722689075630252,
    "undertaken": 0.06722689075630252,
    "practitioner": 0.06722689075630252,
    "lack": 0.0661764705882353,
    "engagement": 0.0661764705882353,
    "inform": 0.0661764705882353,
    "manager": 0.0661764705882353,
    "experiences children": 0.0661764705882353,
    "established": 0.06512605042016807,
    "relation": 0.06512605042016807,
    "will": 0.06512605042016807,
    "education skills": 0.06512605042016807,
    "children looked": 0.06407563025210083,
    "areas improvement": 0.06407563025210083,
    "monitoring": 0.06302521008403361,
    "evidence": 0.06302521008403361,
    "working": 0.06302521008403361,
    "subgroup": 0.06302521008403361,
    "provided": 0.06197478991596639,
    "need help": 0.06197478991596639,
    "neglect": 0.06092436974789916,
    "result": 0.059873949579831935,
    "referral": 0.059873949579831935,
    "services children": 0.059873949579831935,
    "safeguarded promoted": 0.059873949579831935,
    "private fostering": 0.059873949579831935,
    "independent chair": 0.059873949579831935,
    "CSE": 0.058823529411764705,
    "outcomes children": 0.058823529411764705,
    "robust": 0.05777310924369748,
    "work Board": 0.05777310924369748,
    "performance management": 0.05777310924369748,
    "two": 0.05672268907563025,
    "commissioned": 0.05672268907563025,
    "detailed": 0.05672268907563025,
    "help protect": 0.05672268907563025,
    "people looked": 0.05672268907563025,
    "take": 0.05567226890756303,
    "limited": 0.05567226890756303,
    "domestic abuse": 0.05567226890756303,
    "approach": 0.0546218487394958,
    "help care": 0.0546218487394958,
    "section audit": 0.0546218487394958,
    "individual": 0.05357142857142857,
    "resulted": 0.05357142857142857,
    "system": 0.05357142857142857,
    "improve": 0.052521008403361345,
    "increase": 0.052521008403361345,
    "supported": 0.052521008403361345,
    "agreed": 0.052521008403361345,
    "social work": 0.052521008403361345,
    "Chief Executive": 0.052521008403361345,
    "positive": 0.051470588235294115,
    "processes": 0.051470588235294115,
    "SSCB": 0.051470588235294115,
    "inspection report": 0.051470588235294115,
    "children families": 0.051470588235294115
}