{
    "young people": 1.0,
    "local authority": 0.7403047091412742,
    "children": 0.6274238227146814,
    "service": 0.5560941828254847,
    "children young": 0.518005540166205,
    "need": 0.44321329639889195,
    "care leaver": 0.4328254847645429,
    "support": 0.40789473684210525,
    "social worker": 0.38850415512465375,
    "plan": 0.3767313019390582,
    "work": 0.3621883656509695,
    "ensure": 0.3559556786703601,
    "However": 0.34556786703601106,
    "looked children": 0.28601108033240996,
    "child protection": 0.2790858725761773,
    "assessment": 0.24653739612188366,
    "Board": 0.2409972299168975,
    "case": 0.23684210526315788,
    "multi agency": 0.23614958448753462,
    "well": 0.2299168975069252,
    "effective": 0.21745152354570638,
    "early help": 0.21537396121883656,
    "including": 0.20221606648199447,
    "placement": 0.20221606648199447,
    "review": 0.20013850415512466,
    "example": 0.1994459833795014,
    "provide": 0.19113573407202217,
    "within": 0.1904432132963989,
    "although": 0.18975069252077562,
    "social care": 0.18767313019390583,
    "information": 0.18421052631578946,
    "staff": 0.18282548476454294,
    "school": 0.18213296398891968,
    "good": 0.1772853185595568,
    "team": 0.1772853185595568,
    "arrangement": 0.17659279778393353,
    "appropriate": 0.16620498614958448,
    "identified": 0.16551246537396122,
    "also": 0.16412742382271467,
    "clear": 0.16274238227146814,
    "effectively": 0.15997229916897507,
    "currently": 0.15858725761772854,
    "child": 0.15789473684210525,
    "report": 0.15789473684210525,
    "meeting": 0.15443213296398892,
    "practice": 0.14889196675900276,
    "include": 0.14889196675900276,
    "adoption": 0.14681440443213298,
    "area": 0.1440443213296399,
    "progress": 0.1371191135734072,
    "manager": 0.13642659279778394,
    "children looked": 0.13642659279778394,
    "issue": 0.13573407202216067,
    "foster carer": 0.12950138504155126,
    "always": 0.1281163434903047,
    "impact": 0.12742382271468145,
    "parent": 0.12673130193905818,
    "challenge": 0.12534626038781163,
    "group": 0.12534626038781163,
    "agencies": 0.12465373961218837,
    "now": 0.12326869806094183,
    "adopter": 0.12326869806094183,
    "result": 0.12257617728531855,
    "level": 0.12257617728531855,
    "childrens social": 0.12119113573407202,
    "development": 0.12049861495844875,
    "social work": 0.11911357340720222,
    "sexual exploitation": 0.11842105263157894,
    "use": 0.11703601108033242,
    "one": 0.11634349030470914,
    "access": 0.11634349030470914,
    "range": 0.1149584487534626,
    "training": 0.1149584487534626,
    "children families": 0.1149584487534626,
    "yet": 0.1128808864265928,
    "carer": 0.1128808864265928,
    "audit": 0.11149584487534626,
    "change": 0.11149584487534626,
    "children care": 0.11149584487534626,
    "new": 0.11080332409972299,
    "recent": 0.11080332409972299,
    "appropriately": 0.11011080332409973,
    "referral": 0.10872576177285319,
    "supported": 0.10872576177285319,
    "timely": 0.10803324099722991,
    "partner agencies": 0.10664819944598337,
    "performance": 0.10595567867036011,
    "quality": 0.1018005540166205,
    "year": 0.1018005540166205,
    "provision": 0.10110803324099724,
    "families": 0.10041551246537396,
    "action": 0.0997229916897507,
    "protection plan": 0.0997229916897507,
    "planning": 0.09903047091412742,
    "domestic abuse": 0.09903047091412742,
    "risk": 0.09833795013850416,
    "delay": 0.09626038781163435,
    "focus": 0.09556786703601108,
    "provided": 0.09556786703601108,
    "panel": 0.09418282548476455,
    "police": 0.09349030470914127,
    "two": 0.09210526315789473,
    "evidence": 0.09210526315789473,
    "remain": 0.0907202216066482,
    "requires improvement": 0.0907202216066482,
    "receive": 0.08933518005540166,
    "LSCB": 0.08933518005540166,
    "time": 0.0886426592797784,
    "take": 0.08795013850415513,
    "sufficiently": 0.08725761772853186,
    "process": 0.08725761772853186,
    "developed": 0.08725761772853186,
    "data": 0.08725761772853186,
    "response": 0.0865650969529086,
    "robust": 0.0865650969529086,
    "view": 0.08587257617728532,
    "contact": 0.08518005540166206,
    "used": 0.08518005540166206,
    "current": 0.08518005540166206,
    "mean": 0.08518005540166206,
    "concern": 0.08448753462603878,
    "child sexual": 0.08240997229916898,
    "childrens service": 0.08240997229916898,
    "significant": 0.0817174515235457,
    "professional": 0.0817174515235457,
    "attendance": 0.0817174515235457,
    "will": 0.0817174515235457,
    "considered": 0.08102493074792244,
    "record": 0.07894736842105263,
    "senior manager": 0.07894736842105263,
    "family": 0.07825484764542937,
    "recently": 0.07756232686980609,
    "routinely": 0.07756232686980609,
    "partnership": 0.07756232686980609,
    "system": 0.07756232686980609,
    "outcomes children": 0.07756232686980609,
    "make": 0.07686980609418283,
    "meet": 0.07617728531855955,
    "worker": 0.07479224376731301,
    "working": 0.07409972299168975,
    "improvement": 0.07340720221606649,
    "partner": 0.07271468144044321,
    "available": 0.07271468144044321,
    "undertaken": 0.07271468144044321,
    "completed": 0.07271468144044321,
    "learning": 0.07271468144044321,
    "ofsted gov": 0.07271468144044321,
    "gov uk": 0.07271468144044321,
    "consistently": 0.07202216066481995,
    "positive": 0.07202216066481995,
    "threshold": 0.07202216066481995,
    "number children": 0.07202216066481995,
    "across": 0.07132963988919667,
    "programme": 0.07132963988919667,
    "enable": 0.07132963988919667,
    "identify": 0.07132963988919667,
    "improve": 0.07063711911357341,
    "led": 0.07063711911357341,
    "role": 0.07063711911357341,
    "Safeguarding Children": 0.07063711911357341,
    "intervention": 0.06994459833795014,
    "chair": 0.06994459833795014,
    "able": 0.06994459833795014,
    "improving": 0.06994459833795014,
    "lack": 0.06925207756232687,
    "better": 0.06925207756232687,
    "individual": 0.06925207756232687,
    "timescale": 0.06925207756232687,
    "key": 0.0685595567867036,
    "comprehensive": 0.0685595567867036,
    "CSE": 0.0685595567867036,
    "number": 0.06786703601108034,
    "live": 0.06786703601108034,
    "made": 0.06717451523545706,
    "IRO": 0.0664819944598338,
    "develop": 0.06578947368421052,
    "arrangements place": 0.06578947368421052,
    "increase": 0.06509695290858726,
    "ensuring": 0.06509695290858726,
    "benefit": 0.06509695290858726,
    "particularly": 0.06509695290858726,
    "resulted": 0.06440443213296398,
    "show": 0.06440443213296398,
    "reflect": 0.06440443213296398,
    "children missing": 0.06440443213296398,
    "offer": 0.06371191135734072,
    "cases seen": 0.06371191135734072,
    "children need": 0.06371191135734072,
    "analysis": 0.06301939058171745,
    "strong": 0.062326869806094184,
    "approach": 0.061634349030470915,
    "children placed": 0.061634349030470915,
    "specific": 0.060941828254847646,
    "consider": 0.060941828254847646,
    "quality assurance": 0.060941828254847646,
    "enough": 0.06024930747922438,
    "increased": 0.06024930747922438,
    "monitoring": 0.05955678670360111,
    "small number": 0.05955678670360111,
    "young person": 0.05955678670360111
}