{
    "young people": 1.0,
    "children": 0.9891891891891892,
    "local authority": 0.7891891891891892,
    "children young": 0.7783783783783784,
    "need": 0.745945945945946,
    "social worker": 0.7135135135135136,
    "service": 0.6378378378378379,
    "help": 0.5891891891891892,
    "authority area": 0.42702702702702705,
    "make sure": 0.3945945945945946,
    "good": 0.3567567567567568,
    "care": 0.3567567567567568,
    "ceased looked": 0.2972972972972973,
    "plan": 0.2864864864864865,
    "Manager": 0.2810810810810811,
    "make": 0.2756756756756757,
    "live authority": 0.2648648648648649,
    "work": 0.2594594594594595,
    "LSCB": 0.24864864864864866,
    "well": 0.24324324324324326,
    "children looked": 0.23783783783783785,
    "area live": 0.23783783783783785,
    "always": 0.22162162162162163,
    "support": 0.22162162162162163,
    "enough": 0.22162162162162163,
    "understand": 0.21621621621621623,
    "board": 0.21621621621621623,
    "children families": 0.21621621621621623,
    "childrens home": 0.21621621621621623,
    "council": 0.20540540540540542,
    "per children": 0.20540540540540542,
    "post since": 0.20540540540540542,
    "looked children": 0.2,
    "know": 0.1945945945945946,
    "care leaver": 0.1945945945945946,
    "families": 0.1891891891891892,
    "safe": 0.1891891891891892,
    "Ofsted inspection": 0.1891891891891892,
    "judged good": 0.1837837837837838,
    "sure children": 0.1837837837837838,
    "receive": 0.1783783783783784,
    "training": 0.1783783783783784,
    "people ceased": 0.1783783783783784,
    "better": 0.16756756756756758,
    "live residential": 0.16756756756756758,
    "residential special": 0.15135135135135136,
    "previous inspection": 0.15135135135135136,
    "find": 0.14594594594594595,
    "quality": 0.14594594594594595,
    "quickly": 0.14054054054054055,
    "authority judged": 0.14054054054054055,
    "keep": 0.13513513513513514,
    "place": 0.13513513513513514,
    "need help": 0.13513513513513514,
    "home": 0.12972972972972974,
    "child": 0.12972972972972974,
    "audit": 0.12972972972972974,
    "education": 0.12432432432432433,
    "right": 0.11891891891891893,
    "ensure": 0.11891891891891893,
    "sexual exploitation": 0.11891891891891893,
    "change": 0.11351351351351352,
    "new": 0.11351351351351352,
    "learning": 0.11351351351351352,
    "improvement": 0.11351351351351352,
    "However": 0.11351351351351352,
    "staff": 0.11351351351351352,
    "children March": 0.11351351351351352,
    "foster families": 0.11351351351351352,
    "independent living": 0.11351351351351352,
    "Inspection judgements": 0.11351351351351352,
    "family": 0.10810810810810811,
    "effective": 0.10810810810810811,
    "children ceased": 0.10810810810810811,
    "children became": 0.10810810810810811,
    "became subject": 0.10810810810810811,
    "orders children": 0.10810810810810811,
    "Director Children": 0.10810810810810811,
    "adult": 0.10270270270270271,
    "happen": 0.10270270270270271,
    "mean": 0.10270270270270271,
    "Inspector": 0.10270270270270271,
    "rate per": 0.10270270270270271,
    "residential childrens": 0.10270270270270271,
    "special guardianship": 0.10270270270270271,
    "guardianship orders": 0.10270270270270271,
    "looked moved": 0.10270270270270271,
    "moved independent": 0.10270270270270271,
    "information area": 0.10270270270270271,
    "Services post": 0.10270270270270271,
    "judgements local": 0.10270270270270271,
    "last months": 0.10270270270270271,
    "will": 0.0972972972972973,
    "Sometimes": 0.0972972972972973,
    "may": 0.0972972972972973,
    "outside local": 0.0972972972972973,
    "live foster": 0.0972972972972973,
    "live parents": 0.0972972972972973,
    "unaccompanied asylum": 0.0972972972972973,
    "inspections local": 0.0972972972972973,
    "chair LSCB": 0.0972972972972973,
    "special schools": 0.0972972972972973,
    "looked subsequently": 0.0972972972972973,
    "subsequently returned": 0.0972972972972973,
    "returned looked": 0.0972972972972973,
    "authority operate": 0.0972972972972973,
    "information": 0.0918918918918919,
    "things": 0.0918918918918919,
    "making": 0.0918918918918919,
    "take": 0.0918918918918919,
    "many": 0.0918918918918919,
    "best": 0.0918918918918919,
    "one": 0.0918918918918919,
    "assessment": 0.0918918918918919,
    "effectiveness": 0.0918918918918919,
    "live outside": 0.0918918918918919,
    "families live": 0.0918918918918919,
    "asylum seeking": 0.0918918918918919,
    "services looked": 0.0918918918918919,
    "area Director": 0.0918918918918919,
    "LSCB post": 0.0918918918918919,
    "March number": 0.0918918918918919,
    "multiple occupation": 0.0918918918918919,
    "living house": 0.0918918918918919,
    "placed": 0.08648648648648649,
    "time": 0.08648648648648649,
    "improve": 0.08648648648648649,
    "problem": 0.08648648648648649,
    "protection": 0.08648648648648649,
    "professional": 0.08648648648648649,
    "way": 0.08648648648648649,
    "provide": 0.08648648648648649,
    "agencies": 0.08648648648648649,
    "view": 0.08648648648648649,
    "number live": 0.08648648648648649,
    "adoptions children": 0.08648648648648649,
    "looked now": 0.08648648648648649,
    "now living": 0.08648648648648649,
    "parents": 0.08108108108108109,
    "clear": 0.08108108108108109,
    "risk": 0.08108108108108109,
    "together": 0.08108108108108109,
    "looked local": 0.08108108108108109,
    "support need": 0.08108108108108109,
    "go missing": 0.08108108108108109,
    "homes live": 0.08108108108108109,
    "months adoptions": 0.08108108108108109,
    "ofsted gov": 0.08108108108108109,
    "gov uk": 0.08108108108108109,
    "improve service": 0.08108108108108109,
    "safeguarding": 0.07567567567567568,
    "arrangements": 0.07567567567567568,
    "working": 0.07567567567567568,
    "made": 0.07567567567567568,
    "health": 0.07567567567567568,
    "yet": 0.07567567567567568,
    "example": 0.07567567567567568,
    "group": 0.07567567567567568,
    "seeking children": 0.07567567567567568,
    "recent Ofsted": 0.07567567567567568,
    "foster carers": 0.07567567567567568,
    "houses multiple": 0.07567567567567568,
    "social": 0.07027027027027027,
    "important": 0.07027027027027027,
    "possible": 0.07027027027027027,
    "long": 0.07027027027027027,
    "within": 0.07027027027027027,
    "lived": 0.07027027027027027,
    "practice": 0.07027027027027027,
    "lot": 0.07027027027027027,
    "authority rate": 0.07027027027027027,
    "outstanding recent": 0.07027027027027027,
    "occupation Ofsted": 0.07027027027027027,
    "multi agency": 0.07027027027027027,
    "finding": 0.06486486486486487,
    "including": 0.06486486486486487,
    "school": 0.06486486486486487,
    "two": 0.06486486486486487,
    "performance": 0.06486486486486487,
    "difference": 0.06486486486486487,
    "impact": 0.06486486486486487,
    "experience": 0.06486486486486487,
    "decision": 0.06486486486486487,
    "look children": 0.06486486486486487,
    "subjects special": 0.06486486486486487,
    "child protection": 0.06486486486486487,
    "also": 0.05945945945945946,
    "police": 0.05945945945945946,
    "stay": 0.05945945945945946,
    "go": 0.05945945945945946,
    "life": 0.05945945945945946,
    "going": 0.05945945945945946,
    "difficult": 0.05945945945945946,
    "progress": 0.05945945945945946,
    "still": 0.05945945945945946,
    "children increase": 0.05945945945945946,
    "increase per": 0.05945945945945946,
    "good outstanding": 0.05945945945945946,
    "schools look": 0.05945945945945946,
    "early help": 0.05945945945945946
}