{
    "young people": 1.0,
    "local authority": 0.994140625,
    "Board": 0.814453125,
    "service": 0.794921875,
    "children young": 0.748046875,
    "ensure": 0.609375,
    "work": 0.5,
    "need": 0.462890625,
    "multi agency": 0.41015625,
    "However": 0.392578125,
    "practice": 0.37890625,
    "plan": 0.36328125,
    "LSCB": 0.353515625,
    "example": 0.341796875,
    "staff": 0.33984375,
    "support": 0.33984375,
    "audit": 0.3203125,
    "challenge": 0.306640625,
    "well": 0.3046875,
    "social worker": 0.3046875,
    "early help": 0.29296875,
    "development": 0.2890625,
    "within": 0.279296875,
    "area": 0.275390625,
    "effectively": 0.26953125,
    "including": 0.267578125,
    "provide": 0.265625,
    "effective": 0.265625,
    "manager": 0.259765625,
    "looked children": 0.25,
    "issue": 0.248046875,
    "partner": 0.2421875,
    "clear": 0.2421875,
    "across": 0.23828125,
    "social care": 0.23828125,
    "child protection": 0.236328125,
    "social work": 0.2265625,
    "sexual exploitation": 0.224609375,
    "childrens service": 0.21875,
    "agencies": 0.216796875,
    "level": 0.216796875,
    "range": 0.21484375,
    "ofsted gov": 0.21484375,
    "gov uk": 0.21484375,
    "care leaver": 0.21484375,
    "chair": 0.212890625,
    "impact": 0.212890625,
    "Although": 0.208984375,
    "identified": 0.205078125,
    "review": 0.201171875,
    "data": 0.197265625,
    "Safeguarding Children": 0.197265625,
    "change": 0.189453125,
    "case review": 0.189453125,
    "care children": 0.181640625,
    "action": 0.1796875,
    "yet": 0.1796875,
    "arrangement": 0.1796875,
    "senior manager": 0.1796875,
    "number": 0.17578125,
    "training": 0.17578125,
    "partner agencies": 0.17578125,
    "significant": 0.171875,
    "role": 0.171875,
    "partnership": 0.171875,
    "include": 0.171875,
    "child sexual": 0.169921875,
    "performance": 0.16796875,
    "Children Board": 0.16796875,
    "serious case": 0.166015625,
    "sufficiently": 0.1640625,
    "appropriate": 0.1640625,
    "meeting": 0.1640625,
    "also": 0.162109375,
    "developed": 0.16015625,
    "outcomes children": 0.16015625,
    "priorities": 0.158203125,
    "focus": 0.158203125,
    "key": 0.15625,
    "now": 0.15625,
    "recent": 0.15625,
    "recently": 0.154296875,
    "learning": 0.154296875,
    "safeguarding": 0.15234375,
    "group": 0.15234375,
    "requires improvement": 0.15234375,
    "Local Safeguarding": 0.15234375,
    "report": 0.1484375,
    "progress": 0.1484375,
    "appropriately": 0.146484375,
    "quality assurance": 0.146484375,
    "children looked": 0.146484375,
    "team": 0.14453125,
    "response": 0.14453125,
    "improvement": 0.142578125,
    "CSE": 0.142578125,
    "services children": 0.142578125,
    "children families": 0.142578125,
    "strategy": 0.140625,
    "new": 0.140625,
    "health": 0.138671875,
    "supervision": 0.13671875,
    "member": 0.134765625,
    "robust": 0.1328125,
    "Chief Executive": 0.1328125,
    "sub group": 0.1328125,
    "led": 0.130859375,
    "programme": 0.130859375,
    "currently": 0.130859375,
    "working": 0.130859375,
    "use": 0.130859375,
    "oversight": 0.12890625,
    "enquiries ofsted": 0.12890625,
    "childrens social": 0.12890625,
    "workforce": 0.126953125,
    "corporate parenting": 0.126953125,
    "performance management": 0.126953125,
    "strategic": 0.125,
    "established": 0.125,
    "safeguarded promoted": 0.123046875,
    "planning": 0.12109375,
    "take": 0.12109375,
    "understanding": 0.12109375,
    "scrutiny": 0.12109375,
    "areas improvement": 0.12109375,
    "elected member": 0.12109375,
    "remain": 0.119140625,
    "children care": 0.119140625,
    "information": 0.1171875,
    "strong": 0.115234375,
    "people families": 0.115234375,
    "undertaken": 0.11328125,
    "develop": 0.11328125,
    "annual report": 0.11328125,
    "action plan": 0.11328125,
    "capacity": 0.111328125,
    "inform": 0.111328125,
    "good": 0.109375,
    "analysis": 0.109375,
    "system": 0.109375,
    "current": 0.107421875,
    "lack": 0.10546875,
    "evidence": 0.10546875,
    "approach": 0.10546875,
    "ensuring": 0.10546875,
    "practitioner": 0.10546875,
    "result": 0.103515625,
    "assessment": 0.103515625,
    "threshold": 0.103515625,
    "fully": 0.1015625,
    "framework": 0.1015625,
    "arrangements place": 0.1015625,
    "resulted": 0.099609375,
    "positive": 0.099609375,
    "used": 0.099609375,
    "looked care": 0.099609375,
    "police": 0.09765625,
    "effectiveness": 0.09765625,
    "one": 0.09765625,
    "placement": 0.09765625,
    "agency training": 0.09765625,
    "provision": 0.095703125,
    "post": 0.095703125,
    "time": 0.09375,
    "able": 0.09375,
    "will": 0.09375,
    "help protection": 0.09375,
    "individual": 0.091796875,
    "many": 0.091796875,
    "improving": 0.091796875,
    "two": 0.091796875,
    "feedback": 0.091796875,
    "attendance": 0.091796875,
    "engagement": 0.08984375,
    "process": 0.08984375,
    "child death": 0.08984375,
    "activity": 0.087890625,
    "comprehensive": 0.087890625,
    "risk harm": 0.087890625,
    "effectiveness local": 0.087890625,
    "management oversight": 0.087890625,
    "quality service": 0.087890625,
    "enable": 0.0859375,
    "provided": 0.0859375,
    "protection care": 0.0859375,
    "uk Ofsted": 0.0859375,
    "please telephone": 0.0859375,
    "telephone email": 0.0859375,
    "email enquiries": 0.0859375,
    "regulates inspects": 0.0859375,
    "domestic abuse": 0.0859375,
    "strengthen": 0.083984375,
    "DCS": 0.083984375,
    "relation": 0.083984375,
    "referral": 0.083984375,
    "effective services": 0.083984375,
    "need help": 0.083984375,
    "authority lead": 0.083984375,
    "place": 0.08203125,
    "specific": 0.08203125
}