{
    "Board": 1.0,
    "young people": 0.67430441898527,
    "local authority": 0.5319148936170213,
    "children young": 0.5220949263502455,
    "work": 0.4353518821603928,
    "ensure": 0.3780687397708674,
    "multi agency": 0.36824877250409166,
    "service": 0.33060556464811786,
    "LSCB": 0.32242225859247137,
    "However": 0.27168576104746317,
    "need": 0.2602291325695581,
    "practice": 0.25040916530278234,
    "challenge": 0.23240589198036007,
    "audit": 0.22422258592471359,
    "development": 0.22422258592471359,
    "early help": 0.2160392798690671,
    "gov uk": 0.2144026186579378,
    "agencies": 0.21112929623567922,
    "plan": 0.20458265139116202,
    "example": 0.19803600654664485,
    "ofsted gov": 0.19803600654664485,
    "issue": 0.19476268412438624,
    "chair": 0.19312602291325695,
    "sexual exploitation": 0.19312602291325695,
    "support": 0.19148936170212766,
    "effectively": 0.18821603927986907,
    "partner": 0.18003273322422259,
    "including": 0.18003273322422259,
    "child protection": 0.16693944353518822,
    "clear": 0.16202945990180032,
    "area": 0.16202945990180032,
    "case review": 0.16202945990180032,
    "safeguarding": 0.16039279869067102,
    "within": 0.16039279869067102,
    "Safeguarding Children": 0.16039279869067102,
    "looked children": 0.16039279869067102,
    "priorities": 0.15711947626841244,
    "social care": 0.15384615384615385,
    "identified": 0.14893617021276595,
    "group": 0.14893617021276595,
    "partner agencies": 0.14893617021276595,
    "impact": 0.14729950900163666,
    "child sexual": 0.14729950900163666,
    "staff": 0.14402618657937807,
    "care children": 0.14402618657937807,
    "serious case": 0.14402618657937807,
    "well": 0.14238952536824878,
    "Children Board": 0.13747954173486088,
    "review": 0.13584288052373159,
    "include": 0.132569558101473,
    "level": 0.1276595744680851,
    "requires improvement": 0.1260229132569558,
    "provide": 0.12438625204582651,
    "Although": 0.12438625204582651,
    "appropriately": 0.12274959083469722,
    "action": 0.12274959083469722,
    "partnership": 0.12274959083469722,
    "enquiries ofsted": 0.12274959083469722,
    "childrens service": 0.12274959083469722,
    "yet": 0.12111292962356793,
    "sub group": 0.12111292962356793,
    "key": 0.11783960720130933,
    "social worker": 0.11783960720130933,
    "sufficiently": 0.11620294599018004,
    "Local Safeguarding": 0.11456628477905073,
    "also": 0.11292962356792144,
    "meeting": 0.11292962356792144,
    "data": 0.11129296235679215,
    "member": 0.11129296235679215,
    "role": 0.11129296235679215,
    "range": 0.10801963993453355,
    "recently": 0.10638297872340426,
    "significant": 0.10474631751227496,
    "appropriate": 0.10474631751227496,
    "manager": 0.10474631751227496,
    "developed": 0.10474631751227496,
    "care leavers": 0.10474631751227496,
    "strategy": 0.10310965630114566,
    "strategic": 0.10310965630114566,
    "learning": 0.10310965630114566,
    "change": 0.10310965630114566,
    "annual report": 0.10310965630114566,
    "health": 0.09983633387888707,
    "training": 0.09983633387888707,
    "recent": 0.09983633387888707,
    "across": 0.09819967266775777,
    "performance": 0.09819967266775777,
    "now": 0.09819967266775777,
    "focus": 0.09819967266775777,
    "people families": 0.09819967266775777,
    "number": 0.09656301145662848,
    "response": 0.09656301145662848,
    "oversight": 0.09328968903436989,
    "safeguarded promoted": 0.09328968903436989,
    "effective": 0.09165302782324058,
    "arrangement": 0.09165302782324058,
    "CSE": 0.09165302782324058,
    "child death": 0.09165302782324058,
    "scrutiny": 0.09001636661211129,
    "agency training": 0.09001636661211129,
    "programme": 0.0867430441898527,
    "activity": 0.0867430441898527,
    "threshold": 0.0867430441898527,
    "action plan": 0.0867430441898527,
    "use": 0.0851063829787234,
    "outcomes children": 0.0851063829787234,
    "progress": 0.08346972176759411,
    "areas improvement": 0.08346972176759411,
    "year": 0.08183306055646482,
    "inform": 0.08183306055646482,
    "please telephone": 0.08183306055646482,
    "telephone email": 0.08183306055646482,
    "email enquiries": 0.08183306055646482,
    "regulates inspects": 0.08183306055646482,
    "currently": 0.08019639934533551,
    "attendance": 0.08019639934533551,
    "practitioner": 0.08019639934533551,
    "SSCB": 0.08019639934533551,
    "social work": 0.07855973813420622,
    "children looked": 0.07855973813420622,
    "uk ofsted": 0.07855973813420622,
    "childrens social": 0.07855973813420622,
    "understanding": 0.07692307692307693,
    "place": 0.07692307692307693,
    "led": 0.07692307692307693,
    "established": 0.07692307692307693,
    "children families": 0.07692307692307693,
    "across partnership": 0.07692307692307693,
    "agency audit": 0.07692307692307693,
    "commissioned": 0.07528641571194762,
    "school": 0.07528641571194762,
    "business plan": 0.07528641571194762,
    "performance management": 0.07528641571194762,
    "lack": 0.07364975450081833,
    "police": 0.07364975450081833,
    "fully": 0.07364975450081833,
    "evidence": 0.07364975450081833,
    "working": 0.07364975450081833,
    "link": 0.07364975450081833,
    "will": 0.07364975450081833,
    "meet": 0.07364975450081833,
    "report": 0.07201309328968904,
    "engagement": 0.07201309328968904,
    "process": 0.07201309328968904,
    "arrangements place": 0.07201309328968904,
    "workforce": 0.07037643207855974,
    "ensuring": 0.07037643207855974,
    "one": 0.07037643207855974,
    "quality assurance": 0.07037643207855974,
    "help protection": 0.07037643207855974,
    "effectiveness local": 0.07037643207855974,
    "take": 0.06873977086743044,
    "undertaken": 0.06873977086743044,
    "current": 0.06873977086743044,
    "Chief Executive": 0.06873977086743044,
    "experiences children": 0.06873977086743044,
    "monitoring": 0.06710310965630115,
    "analysis": 0.06710310965630115,
    "assessment": 0.06710310965630115,
    "protection care": 0.06710310965630115,
    "looked care": 0.06710310965630115,
    "framework": 0.06546644844517185,
    "neglect": 0.06546644844517185,
    "SCR": 0.06546644844517185,
    "referral": 0.06546644844517185,
    "domestic abuse": 0.06546644844517185,
    "used": 0.06382978723404255,
    "strengthen": 0.06382978723404255,
    "provided": 0.06382978723404255,
    "effective services": 0.06382978723404255,
    "need help": 0.06382978723404255,
    "risk harm": 0.06382978723404255,
    "work Board": 0.06382978723404255,
    "individual": 0.062193126022913256,
    "strong": 0.062193126022913256,
    "authority leads": 0.062193126022913256,
    "widespread serious": 0.062193126022913256,
    "serious failures": 0.062193126022913256,
    "failures create": 0.062193126022913256,
    "create leave": 0.062193126022913256,
    "leave children": 0.062193126022913256,
    "children harmed": 0.062193126022913256,
    "harmed risk": 0.062193126022913256,
    "capacity": 0.060556464811783964,
    "improve": 0.060556464811783964,
    "comprehensive": 0.060556464811783964,
    "around": 0.060556464811783964,
    "leavers welfare": 0.060556464811783964,
    "welfare safeguarded": 0.060556464811783964,
    "private fostering": 0.060556464811783964,
    "effectiveness": 0.058919803600654665,
    "resulted": 0.058919803600654665,
    "robust": 0.058919803600654665,
    "provision": 0.058919803600654665,
    "completed": 0.058919803600654665,
    "professional": 0.058919803600654665,
    "system": 0.058919803600654665,
    "NSCB": 0.058919803600654665,
    "section audit": 0.058919803600654665,
    "supervision": 0.057283142389525366
}