{
    "young people": 1.0,
    "local authority": 0.8195488721804511,
    "service": 0.7368421052631579,
    "children young": 0.6804511278195489,
    "children": 0.6616541353383458,
    "plan": 0.5714285714285714,
    "care leaver": 0.5451127819548872,
    "effective": 0.5075187969924813,
    "well": 0.5075187969924813,
    "children looked": 0.5,
    "Requires improvement": 0.44360902255639095,
    "support": 0.4398496240601504,
    "However": 0.40225563909774437,
    "need": 0.38721804511278196,
    "practice": 0.38721804511278196,
    "social worker": 0.38721804511278196,
    "ensure": 0.3684210526315789,
    "arrangement": 0.3609022556390977,
    "Safeguarding Children": 0.34962406015037595,
    "good": 0.34210526315789475,
    "children care": 0.34210526315789475,
    "Local Safeguarding": 0.33458646616541354,
    "services children": 0.3082706766917293,
    "assessment": 0.30451127819548873,
    "quality": 0.3007518796992481,
    "sexual exploitation": 0.29699248120300753,
    "work": 0.2857142857142857,
    "children need": 0.2819548872180451,
    "information": 0.2744360902255639,
    "Children Board": 0.2706766917293233,
    "early help": 0.2669172932330827,
    "Wiltshire": 0.24436090225563908,
    "always": 0.24060150375939848,
    "area": 0.24060150375939848,
    "identified": 0.23684210526315788,
    "team": 0.23308270676691728,
    "effectively": 0.22932330827067668,
    "manager": 0.22932330827067668,
    "staff": 0.22556390977443608,
    "need help": 0.22556390977443608,
    "help protection": 0.22556390977443608,
    "child protection": 0.22556390977443608,
    "response": 0.22180451127819548,
    "partner": 0.22180451127819548,
    "provide": 0.21052631578947367,
    "clear": 0.20676691729323307,
    "placement": 0.20676691729323307,
    "training": 0.20676691729323307,
    "challenge": 0.20676691729323307,
    "example": 0.20676691729323307,
    "child sexual": 0.20676691729323307,
    "social work": 0.20300751879699247,
    "risk": 0.19924812030075187,
    "appropriate": 0.19924812030075187,
    "lack": 0.19924812030075187,
    "number": 0.19924812030075187,
    "impact": 0.19548872180451127,
    "change": 0.19172932330827067,
    "childrens service": 0.19172932330827067,
    "LSCB": 0.18796992481203006,
    "result": 0.18796992481203006,
    "now": 0.18796992481203006,
    "although": 0.18796992481203006,
    "case": 0.18796992481203006,
    "multi agency": 0.18796992481203006,
    "level": 0.18421052631578946,
    "audit": 0.18421052631578946,
    "performance": 0.18045112781954886,
    "improve": 0.18045112781954886,
    "improving": 0.17669172932330826,
    "place": 0.17293233082706766,
    "learning": 0.17293233082706766,
    "section Education": 0.17293233082706766,
    "Education Inspection": 0.17293233082706766,
    "families": 0.16917293233082706,
    "progress": 0.16917293233082706,
    "timely": 0.16917293233082706,
    "social care": 0.16917293233082706,
    "Act report": 0.16541353383458646,
    "improved": 0.16165413533834586,
    "sufficiently": 0.15789473684210525,
    "strong": 0.15789473684210525,
    "within": 0.15413533834586465,
    "enough": 0.15413533834586465,
    "robust": 0.15037593984962405,
    "many": 0.15037593984962405,
    "development": 0.15037593984962405,
    "improvement": 0.14661654135338345,
    "use": 0.14661654135338345,
    "made": 0.14285714285714285,
    "make": 0.14285714285714285,
    "understand": 0.13909774436090225,
    "range": 0.13909774436090225,
    "effectiveness local": 0.13909774436090225,
    "planning": 0.13533834586466165,
    "protection children": 0.13533834586466165,
    "looked care": 0.13533834586466165,
    "children families": 0.13533834586466165,
    "childrens social": 0.13533834586466165,
    "outcomes children": 0.13533834586466165,
    "new": 0.13157894736842105,
    "key": 0.13157894736842105,
    "agencies": 0.13157894736842105,
    "recently": 0.13157894736842105,
    "focus": 0.13157894736842105,
    "help care": 0.13157894736842105,
    "adoption": 0.12781954887218044,
    "consistently": 0.12781954887218044,
    "including": 0.12781954887218044,
    "inspector": 0.12781954887218044,
    "require improvement": 0.12781954887218044,
    "live": 0.12406015037593984,
    "management oversight": 0.12406015037593984,
    "time": 0.12030075187969924,
    "remain": 0.12030075187969924,
    "child": 0.12030075187969924,
    "action": 0.12030075187969924,
    "working": 0.12030075187969924,
    "provided": 0.12030075187969924,
    "referral": 0.12030075187969924,
    "Inspections Act": 0.12030075187969924,
    "foster carer": 0.12030075187969924,
    "high": 0.11654135338345864,
    "considered": 0.11654135338345864,
    "used": 0.11654135338345864,
    "decision": 0.11654135338345864,
    "professional": 0.11654135338345864,
    "senior managers": 0.11654135338345864,
    "health": 0.11278195488721804,
    "data": 0.11278195488721804,
    "mean": 0.11278195488721804,
    "analysis": 0.11278195488721804,
    "people families": 0.11278195488721804,
    "receive": 0.10902255639097744,
    "appropriately": 0.10902255639097744,
    "recent": 0.10902255639097744,
    "across": 0.10526315789473684,
    "focused": 0.10526315789473684,
    "group": 0.10526315789473684,
    "Adoption performance": 0.10526315789473684,
    "inspection local": 0.10526315789473684,
    "delay": 0.10150375939849623,
    "led": 0.10150375939849623,
    "placed": 0.10150375939849623,
    "benefit": 0.10150375939849623,
    "scrutiny": 0.10150375939849623,
    "issue": 0.10150375939849623,
    "caseload": 0.10150375939849623,
    "authority yet": 0.10150375939849623,
    "receive good": 0.10150375939849623,
    "early": 0.09774436090225563,
    "strategic": 0.09774436090225563,
    "limited": 0.09774436090225563,
    "identify": 0.09774436090225563,
    "achieving permanence": 0.09774436090225563,
    "better": 0.09398496240601503,
    "strengthened": 0.09398496240601503,
    "intervention": 0.09398496240601503,
    "fully": 0.09398496240601503,
    "March": 0.09398496240601503,
    "developed": 0.09398496240601503,
    "Experiences progress": 0.09398496240601503,
    "carried section": 0.09398496240601503,
    "review Local": 0.09398496240601503,
    "sufficient": 0.09022556390977443,
    "increased": 0.09022556390977443,
    "activity": 0.09022556390977443,
    "timeliness": 0.09022556390977443,
    "meeting": 0.09022556390977443,
    "Board carried": 0.09022556390977443,
    "return home": 0.09022556390977443,
    "quality assurance": 0.09022556390977443,
    "access": 0.08646616541353383,
    "understanding": 0.08646616541353383,
    "current": 0.08646616541353383,
    "variable": 0.08646616541353383,
    "workforce": 0.08646616541353383,
    "supervision": 0.08646616541353383,
    "regular": 0.08646616541353383,
    "looked achieving": 0.08646616541353383,
    "progress care": 0.08646616541353383,
    "Leadership management": 0.08646616541353383,
    "management governance": 0.08646616541353383,
    "Ofsted produces": 0.08646616541353383,
    "produces report": 0.08646616541353383,
    "power combine": 0.08646616541353383,
    "combine reports": 0.08646616541353383,
    "reports accordance": 0.08646616541353383,
    "accordance section": 0.08646616541353383,
    "report inspection": 0.08646616541353383,
    "authority functions": 0.08646616541353383,
    "go missing": 0.08646616541353383,
    "yet": 0.08270676691729323,
    "ensuring": 0.08270676691729323,
    "inform": 0.08270676691729323,
    "completed": 0.08270676691729323,
    "take": 0.08270676691729323,
    "WSCB": 0.08270676691729323,
    "Inspection services": 0.08270676691729323,
    "protection Requires": 0.08270676691729323
}