{
    "Board": 1.0,
    "service": 0.9893048128342246,
    "local authority": 0.8288770053475936,
    "young people": 0.8074866310160428,
    "LSCB": 0.6631016042780749,
    "work": 0.6577540106951871,
    "children young": 0.5828877005347594,
    "need": 0.49732620320855614,
    "However": 0.4919786096256685,
    "practice": 0.44919786096256686,
    "ensure": 0.43315508021390375,
    "multi agency": 0.4117647058823529,
    "issue": 0.40106951871657753,
    "support": 0.39572192513368987,
    "Lead inspector": 0.36363636363636365,
    "plan": 0.33689839572192515,
    "development": 0.33689839572192515,
    "staff": 0.3315508021390374,
    "well": 0.3315508021390374,
    "challenge": 0.32085561497326204,
    "audit": 0.2994652406417112,
    "partner": 0.29411764705882354,
    "safeguarding": 0.29411764705882354,
    "social worker": 0.29411764705882354,
    "training": 0.2887700534759358,
    "looked children": 0.2887700534759358,
    "effectively": 0.28342245989304815,
    "also": 0.27807486631016043,
    "example": 0.27807486631016043,
    "including": 0.2727272727272727,
    "good": 0.26737967914438504,
    "early help": 0.26737967914438504,
    "childrens service": 0.26737967914438504,
    "within": 0.2620320855614973,
    "clear": 0.2620320855614973,
    "area": 0.25668449197860965,
    "Quality assurance": 0.25668449197860965,
    "level": 0.24598930481283424,
    "identified": 0.24064171122994651,
    "report": 0.24064171122994651,
    "provide": 0.24064171122994651,
    "range": 0.23529411764705882,
    "key": 0.23529411764705882,
    "children": 0.22994652406417113,
    "agencies": 0.22994652406417113,
    "learning": 0.22994652406417113,
    "partner agencies": 0.22994652406417113,
    "impact": 0.22459893048128343,
    "review": 0.2192513368983957,
    "chair": 0.2192513368983957,
    "appropriately": 0.21390374331550802,
    "member": 0.21390374331550802,
    "strategic": 0.21390374331550802,
    "group": 0.21390374331550802,
    "role": 0.21390374331550802,
    "recently": 0.20855614973262032,
    "although": 0.20855614973262032,
    "across": 0.20320855614973263,
    "child protection": 0.20320855614973263,
    "sufficiently": 0.19786096256684493,
    "change": 0.19786096256684493,
    "requires improvement": 0.19786096256684493,
    "sub group": 0.19786096256684493,
    "information": 0.1925133689839572,
    "strategy": 0.1925133689839572,
    "significant": 0.1925133689839572,
    "meeting": 0.18716577540106952,
    "Deputy lead": 0.18716577540106952,
    "case review": 0.18716577540106952,
    "Inspectors HMI": 0.18716577540106952,
    "Majestys Inspector": 0.18716577540106952,
    "programme": 0.18181818181818182,
    "assessment": 0.18181818181818182,
    "NSCB": 0.18181818181818182,
    "inspection team": 0.18181818181818182,
    "team Lead": 0.18181818181818182,
    "individual": 0.17647058823529413,
    "action": 0.17647058823529413,
    "priorities": 0.17647058823529413,
    "social care": 0.17647058823529413,
    "care leavers": 0.17647058823529413,
    "Team inspectors": 0.17647058823529413,
    "health": 0.1711229946524064,
    "number": 0.1711229946524064,
    "workforce": 0.1711229946524064,
    "recent": 0.1711229946524064,
    "assurance manager": 0.1711229946524064,
    "performance": 0.1657754010695187,
    "improve": 0.1657754010695187,
    "partnership": 0.1657754010695187,
    "NCSCB": 0.1657754010695187,
    "safeguarding children": 0.1657754010695187,
    "Ofsted inspection": 0.1657754010695187,
    "care children": 0.1657754010695187,
    "serious case": 0.1657754010695187,
    "capacity": 0.16042780748663102,
    "performance management": 0.16042780748663102,
    "manager": 0.15508021390374332,
    "developed": 0.15508021390374332,
    "social work": 0.15508021390374332,
    "effectiveness local": 0.15508021390374332,
    "focus": 0.1497326203208556,
    "outcomes children": 0.1497326203208556,
    "safeguarded promoted": 0.1443850267379679,
    "quality": 0.13903743315508021,
    "understanding": 0.13903743315508021,
    "year": 0.13903743315508021,
    "undertaken": 0.13903743315508021,
    "DCS": 0.13903743315508021,
    "CSE": 0.13903743315508021,
    "HMI Ofsted": 0.13903743315508021,
    "priority": 0.13368983957219252,
    "established": 0.13368983957219252,
    "monitoring": 0.13368983957219252,
    "Corporate Parenting": 0.13368983957219252,
    "areas improvement": 0.13368983957219252,
    "children families": 0.13368983957219252,
    "LSCB chair": 0.13368983957219252,
    "senior manager": 0.13368983957219252,
    "appropriate": 0.12834224598930483,
    "will": 0.12834224598930483,
    "include": 0.12834224598930483,
    "annual report": 0.12834224598930483,
    "effectiveness": 0.12299465240641712,
    "time": 0.12299465240641712,
    "commissioned": 0.12299465240641712,
    "activity": 0.12299465240641712,
    "attendance": 0.12299465240641712,
    "commitment": 0.12299465240641712,
    "remain": 0.12299465240641712,
    "children care": 0.12299465240641712,
    "considered": 0.11764705882352941,
    "part": 0.11764705882352941,
    "case": 0.11764705882352941,
    "currently": 0.11764705882352941,
    "result": 0.11764705882352941,
    "current": 0.11764705882352941,
    "use": 0.11764705882352941,
    "sexual exploitation": 0.11764705882352941,
    "action plan": 0.11764705882352941,
    "Senior data": 0.11764705882352941,
    "data analyst": 0.11764705882352941,
    "childrens social": 0.11764705882352941,
    "high": 0.11229946524064172,
    "resulted": 0.11229946524064172,
    "supervision": 0.11229946524064172,
    "two": 0.11229946524064172,
    "working": 0.11229946524064172,
    "meet": 0.11229946524064172,
    "ensuring": 0.11229946524064172,
    "practitioners": 0.11229946524064172,
    "view": 0.11229946524064172,
    "front line": 0.11229946524064172,
    "Chief Executive": 0.11229946524064172,
    "arrangements place": 0.11229946524064172,
    "borough": 0.10695187165775401,
    "led": 0.10695187165775401,
    "caseloads": 0.10695187165775401,
    "positive": 0.10695187165775401,
    "used": 0.10695187165775401,
    "risk": 0.10695187165775401,
    "one": 0.10695187165775401,
    "approach": 0.10695187165775401,
    "professional": 0.10695187165775401,
    "system": 0.10695187165775401,
    "link": 0.10695187165775401,
    "protection care": 0.10695187165775401,
    "agency training": 0.10695187165775401,
    "receive": 0.10160427807486631,
    "now": 0.10160427807486631,
    "framework": 0.10160427807486631,
    "new": 0.10160427807486631,
    "scrutiny": 0.10160427807486631,
    "targeted": 0.10160427807486631,
    "response": 0.10160427807486631,
    "adult": 0.10160427807486631,
    "SSCB": 0.10160427807486631,
    "finding": 0.10160427807486631,
    "children looked": 0.10160427807486631,
    "effective services": 0.10160427807486631,
    "local safeguarding": 0.10160427807486631,
    "lack": 0.0962566844919786,
    "fully": 0.0962566844919786,
    "robust": 0.0962566844919786,
    "engagement": 0.0962566844919786,
    "regular": 0.0962566844919786,
    "yet": 0.0962566844919786,
    "progress": 0.0962566844919786,
    "oversight": 0.0962566844919786,
    "missing": 0.0962566844919786,
    "based": 0.0962566844919786,
    "referral": 0.0962566844919786,
    "Childrens Trust": 0.0962566844919786,
    "authority leads": 0.0962566844919786,
    "widespread serious": 0.0962566844919786,
    "serious failures": 0.0962566844919786,
    "failures create": 0.0962566844919786,
    "create leave": 0.0962566844919786,
    "leave children": 0.0962566844919786,
    "children harmed": 0.0962566844919786
}