{
    "gov uk": 1.0,
    "children": 0.8571428571428571,
    "Service": 0.5714285714285714,
    "ofsted gov": 0.5238095238095238,
    "ofsted": 0.42857142857142855,
    "enquiries ofsted": 0.42857142857142855,
    "information": 0.38095238095238093,
    "copy": 0.3333333333333333,
    "guidance": 0.2857142857142857,
    "education": 0.2857142857142857,
    "inspects": 0.2857142857142857,
    "care": 0.2857142857142857,
    "training": 0.2857142857142857,
    "licence": 0.2857142857142857,
    "please telephone": 0.2857142857142857,
    "telephone email": 0.2857142857142857,
    "email enquiries": 0.2857142857142857,
    "regulates inspects": 0.2857142857142857,
    "education skills": 0.2857142857142857,
    "complaints": 0.23809523809523808,
    "available": 0.23809523809523808,
    "format": 0.23809523809523808,
    "publication": 0.23809523809523808,
    "government": 0.19047619047619047,
    "nationalarchives": 0.19047619047619047,
    "Open Government": 0.19047619047619047,
    "website": 0.14285714285714285,
    "send": 0.14285714285714285,
    "skills": 0.14285714285714285,
    "childcare": 0.14285714285714285,
    "social": 0.14285714285714285,
    "looked": 0.14285714285714285,
    "may": 0.14285714285714285,
    "inspection report": 0.14285714285714285,
    "report made": 0.14285714285714285,
    "made following": 0.14285714285714285,
    "following procedures": 0.14285714285714285,
    "procedures set": 0.14285714285714285,
    "Raising concerns": 0.14285714285714285,
    "concerns making": 0.14285714285714285,
    "Office Standards": 0.14285714285714285,
    "achieve excellence": 0.14285714285714285,
    "young people": 0.14285714285714285,
    "learners ages": 0.14285714285714285,
    "Family Court": 0.14285714285714285,
    "Court Advisory": 0.14285714285714285,
    "Advisory Support": 0.14285714285714285,
    "Cafcass schools": 0.14285714285714285,
    "schools colleges": 0.14285714285714285,
    "colleges initial": 0.14285714285714285,
    "initial teacher": 0.14285714285714285,
    "adult community": 0.14285714285714285,
    "community learning": 0.14285714285714285,
    "prisons secure": 0.14285714285714285,
    "secure establishments": 0.14285714285714285,
    "establishments assesses": 0.14285714285714285,
    "assesses council": 0.14285714285714285,
    "safeguarding child": 0.14285714285714285,
    "child protection": 0.14285714285714285,
    "document different": 0.14285714285714285,
    "large print": 0.14285714285714285,
    "print Braille": 0.14285714285714285,
    "Interested work": 0.14285714285714285,
    "work subscribe": 0.14285714285714285,
    "subscribe monthly": 0.14285714285714285,
    "monthly newsletter": 0.14285714285714285,
    "updates eepurl": 0.14285714285714285,
    "eepurl iTrDn": 0.14285714285714285,
    "iTrDn Piccadilly": 0.14285714285714285,
    "Piccadilly Gate": 0.14285714285714285,
    "Gate Store": 0.14285714285714285,
    "Manchester M1": 0.14285714285714285,
    "M1 2WD": 0.14285714285714285,
    "2WD Textphone": 0.14285714285714285,
    "Crown copyright": 0.14285714285714285,
    "reuse": 0.09523809523809523,
    "including": 0.09523809523809523,
    "logos": 0.09523809523809523,
    "free": 0.09523809523809523,
    "charge": 0.09523809523809523,
    "medium": 0.09523809523809523,
    "terms": 0.09523809523809523,
    "view": 0.09523809523809523,
    "visit": 0.09523809523809523,
    "doc": 0.09523809523809523,
    "write": 0.09523809523809523,
    "Policy": 0.09523809523809523,
    "Team": 0.09523809523809523,
    "National": 0.09523809523809523,
    "Archives": 0.09523809523809523,
    "Kew": 0.09523809523809523,
    "London": 0.09523809523809523,
    "TW9": 0.09523809523809523,
    "4DU": 0.09523809523809523,
    "psi": 0.09523809523809523,
    "gsi": 0.09523809523809523,
    "organisations": 0.09523809523809523,
    "St": 0.09523809523809523,
    "document": 0.047619047619047616,
    "parts": 0.047619047619047616,
    "non": 0.047619047619047616,
    "commercial": 0.047619047619047616,
    "educational": 0.047619047619047616,
    "purposes": 0.047619047619047616,
    "long": 0.047619047619047616,
    "give": 0.047619047619047616,
    "details": 0.047619047619047616,
    "source": 0.047619047619047616,
    "date": 0.047619047619047616,
    "alter": 0.047619047619047616,
    "way": 0.047619047619047616,
    "Street": 0.047619047619047616
}