{
    "children": 1.0,
    "work": 0.7209302325581395,
    "LSCB": 0.6976744186046512,
    "service": 0.627906976744186,
    "board": 0.627906976744186,
    "safeguarding": 0.5116279069767442,
    "training": 0.5116279069767442,
    "well": 0.4883720930232558,
    "issue": 0.46511627906976744,
    "young people": 0.46511627906976744,
    "ensure": 0.4418604651162791,
    "group": 0.4186046511627907,
    "tri borough": 0.3953488372093023,
    "partner": 0.37209302325581395,
    "provide": 0.37209302325581395,
    "borough partnership": 0.37209302325581395,
    "care": 0.3488372093023256,
    "support": 0.3488372093023256,
    "report": 0.3488372093023256,
    "sub group": 0.3488372093023256,
    "undertaken": 0.32558139534883723,
    "across tri": 0.3023255813953488,
    "practice": 0.27906976744186046,
    "data": 0.27906976744186046,
    "information": 0.27906976744186046,
    "families": 0.2558139534883721,
    "school": 0.2558139534883721,
    "review": 0.2558139534883721,
    "children looked": 0.2558139534883721,
    "appropriately": 0.23255813953488372,
    "identified": 0.23255813953488372,
    "inspector": 0.23255813953488372,
    "local": 0.20930232558139536,
    "effective": 0.20930232558139536,
    "partnership": 0.20930232558139536,
    "impact": 0.20930232558139536,
    "team": 0.20930232558139536,
    "across": 0.20930232558139536,
    "key": 0.20930232558139536,
    "learning": 0.20930232558139536,
    "need": 0.20930232558139536,
    "high": 0.18604651162790697,
    "supported": 0.18604651162790697,
    "number": 0.18604651162790697,
    "family": 0.18604651162790697,
    "within": 0.18604651162790697,
    "child": 0.18604651162790697,
    "plan": 0.18604651162790697,
    "example": 0.18604651162790697,
    "missing": 0.18604651162790697,
    "inspection": 0.18604651162790697,
    "Ofsted": 0.18604651162790697,
    "children young": 0.18604651162790697,
    "working": 0.16279069767441862,
    "good": 0.16279069767441862,
    "live": 0.16279069767441862,
    "individual": 0.16279069767441862,
    "early": 0.16279069767441862,
    "effectively": 0.16279069767441862,
    "education": 0.16279069767441862,
    "health": 0.16279069767441862,
    "help": 0.16279069767441862,
    "challenge": 0.16279069767441862,
    "place": 0.16279069767441862,
    "analysis": 0.16279069767441862,
    "awareness": 0.16279069767441862,
    "SCR": 0.16279069767441862,
    "neglect": 0.16279069767441862,
    "action": 0.16279069767441862,
    "death": 0.16279069767441862,
    "outcome": 0.16279069767441862,
    "multi agency": 0.16279069767441862,
    "looked": 0.13953488372093023,
    "quality": 0.13953488372093023,
    "case": 0.13953488372093023,
    "extensive": 0.13953488372093023,
    "enable": 0.13953488372093023,
    "provided": 0.13953488372093023,
    "although": 0.13953488372093023,
    "considered": 0.13953488372093023,
    "developed": 0.13953488372093023,
    "result": 0.13953488372093023,
    "business": 0.13953488372093023,
    "year": 0.13953488372093023,
    "section": 0.13953488372093023,
    "priorities": 0.13953488372093023,
    "Recommendation": 0.13953488372093023,
    "audit": 0.13953488372093023,
    "development": 0.13953488372093023,
    "difference": 0.13953488372093023,
    "local authority": 0.13953488372093023,
    "highly effective": 0.13953488372093023,
    "sexual exploitation": 0.13953488372093023,
    "case review": 0.13953488372093023,
    "sub committee": 0.13953488372093023,
    "receive": 0.11627906976744186,
    "timely": 0.11627906976744186,
    "develop": 0.11627906976744186,
    "risk": 0.11627906976744186,
    "statutory": 0.11627906976744186,
    "reported": 0.11627906976744186,
    "detailed": 0.11627906976744186,
    "actively": 0.11627906976744186,
    "community": 0.11627906976744186,
    "Act": 0.11627906976744186,
    "currently": 0.11627906976744186,
    "voluntary": 0.11627906976744186,
    "lessons": 0.11627906976744186,
    "made": 0.11627906976744186,
    "lead": 0.11627906976744186,
    "violence": 0.11627906976744186,
    "theme": 0.11627906976744186,
    "member": 0.11627906976744186,
    "care leavers": 0.11627906976744186,
    "child sexual": 0.11627906976744186,
    "child protection": 0.11627906976744186,
    "gov uk": 0.11627906976744186,
    "Outstanding": 0.09302325581395349,
    "positive": 0.09302325581395349,
    "strategic": 0.09302325581395349,
    "social": 0.09302325581395349,
    "regular": 0.09302325581395349,
    "planning": 0.09302325581395349,
    "monitoring": 0.09302325581395349,
    "improvement": 0.09302325581395349,
    "clear": 0.09302325581395349,
    "relationships": 0.09302325581395349,
    "based": 0.09302325581395349,
    "area": 0.09302325581395349,
    "suitably": 0.09302325581395349,
    "However": 0.09302325581395349,
    "involvement": 0.09302325581395349,
    "established": 0.09302325581395349,
    "developing": 0.09302325581395349,
    "manager": 0.09302325581395349,
    "assessment": 0.09302325581395349,
    "systematically": 0.09302325581395349,
    "representative": 0.09302325581395349,
    "performance": 0.09302325581395349,
    "reviewed": 0.09302325581395349,
    "carried": 0.09302325581395349,
    "life": 0.09302325581395349,
    "effectiveness": 0.09302325581395349,
    "including": 0.09302325581395349,
    "serious": 0.09302325581395349,
    "will": 0.09302325581395349,
    "around": 0.09302325581395349,
    "website": 0.09302325581395349,
    "understand": 0.09302325581395349,
    "undertake": 0.09302325581395349,
    "conference": 0.09302325581395349,
    "tackle": 0.09302325581395349,
    "organisation": 0.09302325581395349,
    "Westminster": 0.09302325581395349,
    "inspects": 0.09302325581395349,
    "adult": 0.09302325581395349,
    "partner agencies": 0.09302325581395349,
    "Social workers": 0.09302325581395349,
    "independent chair": 0.09302325581395349,
    "case file": 0.09302325581395349,
    "protection plan": 0.09302325581395349,
    "Summary": 0.06976744186046512,
    "parent": 0.06976744186046512,
    "agencies": 0.06976744186046512,
    "North": 0.06976744186046512,
    "provision": 0.06976744186046512,
    "views": 0.06976744186046512,
    "aware": 0.06976744186046512,
    "link": 0.06976744186046512,
    "placed": 0.06976744186046512,
    "permanence": 0.06976744186046512,
    "oversight": 0.06976744186046512,
    "making": 0.06976744186046512,
    "adoption": 0.06976744186046512,
    "range": 0.06976744186046512,
    "small": 0.06976744186046512,
    "completion": 0.06976744186046512,
    "RBKC": 0.06976744186046512,
    "know": 0.06976744186046512,
    "close": 0.06976744186046512,
    "make": 0.06976744186046512,
    "significant": 0.06976744186046512,
    "identify": 0.06976744186046512,
    "ensured": 0.06976744186046512,
    "benefit": 0.06976744186046512,
    "access": 0.06976744186046512,
    "appropriate": 0.06976744186046512,
    "time": 0.06976744186046512,
    "shared": 0.06976744186046512,
    "functions": 0.06976744186046512,
    "able": 0.06976744186046512,
    "engaged": 0.06976744186046512,
    "raise": 0.06976744186046512,
    "involved": 0.06976744186046512,
    "demonstrate": 0.06976744186046512,
    "new": 0.06976744186046512,
    "arising": 0.06976744186046512,
    "priority": 0.06976744186046512,
    "annual": 0.06976744186046512,
    "tool": 0.06976744186046512
}