{
    "children": 1.0,
    "service": 0.6372549019607843,
    "risk": 0.5490196078431373,
    "families": 0.47058823529411764,
    "well": 0.43137254901960786,
    "young people": 0.43137254901960786,
    "need": 0.38235294117647056,
    "social worker": 0.3627450980392157,
    "work": 0.35294117647058826,
    "ensure": 0.3431372549019608,
    "assessment": 0.3137254901960784,
    "LSCB": 0.30392156862745096,
    "effective": 0.28431372549019607,
    "case": 0.28431372549019607,
    "practice": 0.27450980392156865,
    "tri borough": 0.27450980392156865,
    "information": 0.2647058823529412,
    "provide": 0.2647058823529412,
    "support": 0.2647058823529412,
    "board": 0.2647058823529412,
    "partner": 0.23529411764705882,
    "issue": 0.23529411764705882,
    "child": 0.22549019607843138,
    "identified": 0.22549019607843138,
    "children young": 0.22549019607843138,
    "child protection": 0.22549019607843138,
    "team": 0.21568627450980393,
    "plan": 0.20588235294117646,
    "multi agency": 0.20588235294117646,
    "appropriately": 0.19607843137254902,
    "within": 0.19607843137254902,
    "effectively": 0.18627450980392157,
    "inspector": 0.18627450980392157,
    "report": 0.17647058823529413,
    "safeguarding": 0.17647058823529413,
    "meeting": 0.17647058823529413,
    "clear": 0.16666666666666666,
    "appropriate": 0.16666666666666666,
    "intervention": 0.16666666666666666,
    "good": 0.16666666666666666,
    "group": 0.16666666666666666,
    "school": 0.16666666666666666,
    "training": 0.16666666666666666,
    "Recommendation": 0.1568627450980392,
    "education": 0.1568627450980392,
    "working": 0.1568627450980392,
    "use": 0.1568627450980392,
    "RBKC": 0.1568627450980392,
    "example": 0.1568627450980392,
    "action": 0.1568627450980392,
    "borough partnership": 0.1568627450980392,
    "help": 0.14705882352941177,
    "conference": 0.14705882352941177,
    "data": 0.14705882352941177,
    "early help": 0.14705882352941177,
    "across tri": 0.14705882352941177,
    "sub group": 0.14705882352941177,
    "identify": 0.13725490196078433,
    "review": 0.13725490196078433,
    "missing": 0.13725490196078433,
    "response": 0.13725490196078433,
    "social work": 0.13725490196078433,
    "local": 0.12745098039215685,
    "made": 0.12745098039215685,
    "local authority": 0.12745098039215685,
    "sexual exploitation": 0.12745098039215685,
    "referral": 0.11764705882352941,
    "year": 0.11764705882352941,
    "analysis": 0.11764705882352941,
    "arrangement": 0.11764705882352941,
    "impact": 0.11764705882352941,
    "timely": 0.10784313725490197,
    "number": 0.10784313725490197,
    "level": 0.10784313725490197,
    "additional": 0.10784313725490197,
    "undertaken": 0.10784313725490197,
    "supported": 0.10784313725490197,
    "place": 0.10784313725490197,
    "focus": 0.10784313725490197,
    "family": 0.10784313725490197,
    "considered": 0.10784313725490197,
    "across": 0.10784313725490197,
    "MASH": 0.10784313725490197,
    "However": 0.10784313725490197,
    "care": 0.09803921568627451,
    "enquiries": 0.09803921568627451,
    "receive": 0.09803921568627451,
    "provided": 0.09803921568627451,
    "parents": 0.09803921568627451,
    "change": 0.09803921568627451,
    "including": 0.09803921568627451,
    "understand": 0.09803921568627451,
    "adult": 0.09803921568627451,
    "learning": 0.09803921568627451,
    "concern": 0.09803921568627451,
    "enable": 0.09803921568627451,
    "manager": 0.09803921568627451,
    "key": 0.09803921568627451,
    "significant": 0.08823529411764706,
    "police": 0.08823529411764706,
    "based": 0.08823529411764706,
    "know": 0.08823529411764706,
    "early": 0.08823529411764706,
    "range": 0.08823529411764706,
    "used": 0.08823529411764706,
    "seen": 0.08823529411764706,
    "vulnerable": 0.08823529411764706,
    "area": 0.08823529411764706,
    "inspection": 0.08823529411764706,
    "individual": 0.08823529411764706,
    "relationship": 0.08823529411764706,
    "decision making": 0.08823529411764706,
    "social care": 0.08823529411764706,
    "protection plan": 0.08823529411764706,
    "child sexual": 0.08823529411764706,
    "health": 0.0784313725490196,
    "section": 0.0784313725490196,
    "staff": 0.0784313725490196,
    "safe": 0.0784313725490196,
    "quality": 0.0784313725490196,
    "strength": 0.0784313725490196,
    "worker": 0.0784313725490196,
    "managed": 0.0784313725490196,
    "meet": 0.0784313725490196,
    "statutory": 0.0784313725490196,
    "challenge": 0.0784313725490196,
    "threshold": 0.0784313725490196,
    "duty": 0.0784313725490196,
    "difference": 0.0784313725490196,
    "shared": 0.0784313725490196,
    "member": 0.0784313725490196,
    "outcome": 0.0784313725490196,
    "neglect": 0.0784313725490196,
    "although": 0.0784313725490196,
    "violence": 0.0784313725490196,
    "Ofsted": 0.0784313725490196,
    "work undertaken": 0.0784313725490196,
    "right": 0.06862745098039216,
    "agencies": 0.06862745098039216,
    "clearly": 0.06862745098039216,
    "targeted": 0.06862745098039216,
    "detailed": 0.06862745098039216,
    "engagement": 0.06862745098039216,
    "currently": 0.06862745098039216,
    "developed": 0.06862745098039216,
    "established": 0.06862745098039216,
    "also": 0.06862745098039216,
    "improve": 0.06862745098039216,
    "specialist": 0.06862745098039216,
    "Prevent": 0.06862745098039216,
    "practitioners": 0.06862745098039216,
    "development": 0.06862745098039216,
    "programme": 0.06862745098039216,
    "therefore": 0.06862745098039216,
    "inform": 0.06862745098039216,
    "centre": 0.06862745098039216,
    "reviewed": 0.06862745098039216,
    "Act": 0.06862745098039216,
    "guidance": 0.06862745098039216,
    "make": 0.06862745098039216,
    "result": 0.06862745098039216,
    "live": 0.06862745098039216,
    "SCR": 0.06862745098039216,
    "death": 0.06862745098039216,
    "highly effective": 0.06862745098039216,
    "case file": 0.06862745098039216,
    "oversight": 0.058823529411764705,
    "sharing": 0.058823529411764705,
    "offer": 0.058823529411764705,
    "planning": 0.058823529411764705,
    "time": 0.058823529411764705,
    "regular": 0.058823529411764705,
    "necessary": 0.058823529411764705,
    "high": 0.058823529411764705,
    "formal": 0.058823529411764705,
    "demonstrate": 0.058823529411764705,
    "focused": 0.058823529411764705,
    "officer": 0.058823529411764705,
    "accommodation": 0.058823529411764705,
    "positive": 0.058823529411764705,
    "highly": 0.058823529411764705,
    "benefit": 0.058823529411764705,
    "low": 0.058823529411764705,
    "locality": 0.058823529411764705,
    "completed": 0.058823529411764705,
    "led": 0.058823529411764705,
    "undertake": 0.058823529411764705,
    "way": 0.058823529411764705,
    "suitably": 0.058823529411764705,
    "lead": 0.058823529411764705,
    "potential": 0.058823529411764705,
    "protect": 0.058823529411764705,
    "organisation": 0.058823529411764705,
    "developing": 0.058823529411764705,
    "business": 0.058823529411764705,
    "priorities": 0.058823529411764705,
    "audit": 0.058823529411764705,
    "management oversight": 0.058823529411764705,
    "Inspectors saw": 0.058823529411764705,
    "partner agencies": 0.058823529411764705
}