{
    "children": 1.0,
    "service": 0.6976744186046512,
    "children looked": 0.6627906976744186,
    "young people": 0.5232558139534884,
    "work": 0.47674418604651164,
    "support": 0.45348837209302323,
    "need": 0.43023255813953487,
    "ensure": 0.4186046511627907,
    "well": 0.3953488372093023,
    "tri borough": 0.37209302325581395,
    "care": 0.3488372093023256,
    "LSCB": 0.3488372093023256,
    "board": 0.3372093023255814,
    "training": 0.3372093023255814,
    "review": 0.313953488372093,
    "child": 0.29069767441860467,
    "assessment": 0.27906976744186046,
    "looked": 0.26744186046511625,
    "placement": 0.26744186046511625,
    "school": 0.26744186046511625,
    "group": 0.26744186046511625,
    "safeguarding": 0.26744186046511625,
    "issue": 0.2558139534883721,
    "health": 0.23255813953488372,
    "social worker": 0.23255813953488372,
    "plan": 0.22093023255813954,
    "family": 0.22093023255813954,
    "effective": 0.20930232558139536,
    "risk": 0.20930232558139536,
    "appropriately": 0.20930232558139536,
    "identified": 0.20930232558139536,
    "provide": 0.20930232558139536,
    "partner": 0.20930232558139536,
    "children young": 0.20930232558139536,
    "within": 0.19767441860465115,
    "case": 0.19767441860465115,
    "report": 0.19767441860465115,
    "team": 0.18604651162790697,
    "example": 0.18604651162790697,
    "good": 0.18604651162790697,
    "year": 0.18604651162790697,
    "borough partnership": 0.18604651162790697,
    "partnership": 0.1744186046511628,
    "education": 0.1744186046511628,
    "practice": 0.1744186046511628,
    "across tri": 0.1744186046511628,
    "sub group": 0.1744186046511628,
    "families": 0.16279069767441862,
    "permanence": 0.16279069767441862,
    "local": 0.16279069767441862,
    "data": 0.16279069767441862,
    "clear": 0.1511627906976744,
    "planning": 0.1511627906976744,
    "placed": 0.1511627906976744,
    "parent": 0.1511627906976744,
    "learning": 0.1511627906976744,
    "progress": 0.1511627906976744,
    "result": 0.1511627906976744,
    "RBKC": 0.1511627906976744,
    "action": 0.1511627906976744,
    "appropriate": 0.13953488372093023,
    "timely": 0.13953488372093023,
    "effectively": 0.13953488372093023,
    "across": 0.13953488372093023,
    "individual": 0.13953488372093023,
    "enable": 0.13953488372093023,
    "information": 0.13953488372093023,
    "virtual school": 0.13953488372093023,
    "undertaken": 0.12790697674418605,
    "arrangements": 0.12790697674418605,
    "quality": 0.12790697674418605,
    "working": 0.12790697674418605,
    "help": 0.12790697674418605,
    "made": 0.12790697674418605,
    "inspector": 0.12790697674418605,
    "sexual exploitation": 0.12790697674418605,
    "foster carer": 0.12790697674418605,
    "improvement": 0.11627906976744186,
    "early": 0.11627906976744186,
    "positive": 0.11627906976744186,
    "one": 0.11627906976744186,
    "receive": 0.11627906976744186,
    "independent": 0.11627906976744186,
    "almost": 0.11627906976744186,
    "Recommendation": 0.11627906976744186,
    "performance": 0.11627906976744186,
    "place": 0.11627906976744186,
    "lead": 0.11627906976744186,
    "carer": 0.11627906976744186,
    "inspection": 0.11627906976744186,
    "proceedings": 0.10465116279069768,
    "number": 0.10465116279069768,
    "decision": 0.10465116279069768,
    "means": 0.10465116279069768,
    "high": 0.10465116279069768,
    "meet": 0.10465116279069768,
    "impact": 0.10465116279069768,
    "relationship": 0.10465116279069768,
    "IRO": 0.10465116279069768,
    "analysis": 0.10465116279069768,
    "led": 0.10465116279069768,
    "educational": 0.10465116279069768,
    "key": 0.10465116279069768,
    "development": 0.10465116279069768,
    "life": 0.10465116279069768,
    "challenge": 0.10465116279069768,
    "meeting": 0.10465116279069768,
    "available": 0.09302325581395349,
    "robust": 0.09302325581395349,
    "know": 0.09302325581395349,
    "used": 0.09302325581395349,
    "missing": 0.09302325581395349,
    "monitoring": 0.09302325581395349,
    "area": 0.09302325581395349,
    "attendance": 0.09302325581395349,
    "staff": 0.09302325581395349,
    "significant": 0.09302325581395349,
    "way": 0.09302325581395349,
    "include": 0.09302325581395349,
    "manager": 0.09302325581395349,
    "considered": 0.09302325581395349,
    "pupil": 0.09302325581395349,
    "multi agency": 0.09302325581395349,
    "high quality": 0.09302325581395349,
    "local authority": 0.09302325581395349,
    "management": 0.08139534883720931,
    "dedicated": 0.08139534883720931,
    "also": 0.08139534883720931,
    "live": 0.08139534883720931,
    "including": 0.08139534883720931,
    "social": 0.08139534883720931,
    "identify": 0.08139534883720931,
    "maintain": 0.08139534883720931,
    "views": 0.08139534883720931,
    "provision": 0.08139534883720931,
    "member": 0.08139534883720931,
    "improved": 0.08139534883720931,
    "make": 0.08139534883720931,
    "focus": 0.08139534883720931,
    "supported": 0.08139534883720931,
    "extensive": 0.08139534883720931,
    "benefit": 0.08139534883720931,
    "provided": 0.08139534883720931,
    "agencies": 0.08139534883720931,
    "developed": 0.08139534883720931,
    "although": 0.08139534883720931,
    "concern": 0.08139534883720931,
    "awareness": 0.08139534883720931,
    "SCR": 0.08139534883720931,
    "neglect": 0.08139534883720931,
    "death": 0.08139534883720931,
    "outcome": 0.08139534883720931,
    "key stage": 0.08139534883720931,
    "child sexual": 0.08139534883720931,
    "change": 0.06976744186046512,
    "regular": 0.06976744186046512,
    "highly": 0.06976744186046512,
    "completed": 0.06976744186046512,
    "strong": 0.06976744186046512,
    "better": 0.06976744186046512,
    "will": 0.06976744186046512,
    "experience": 0.06976744186046512,
    "contact": 0.06976744186046512,
    "safe": 0.06976744186046512,
    "behaviour": 0.06976744186046512,
    "comprehensive": 0.06976744186046512,
    "range": 0.06976744186046512,
    "currently": 0.06976744186046512,
    "statutory": 0.06976744186046512,
    "use": 0.06976744186046512,
    "fostering": 0.06976744186046512,
    "reduction": 0.06976744186046512,
    "established": 0.06976744186046512,
    "detailed": 0.06976744186046512,
    "understanding": 0.06976744186046512,
    "undertake": 0.06976744186046512,
    "adult": 0.06976744186046512,
    "skills": 0.06976744186046512,
    "business": 0.06976744186046512,
    "section": 0.06976744186046512,
    "priorities": 0.06976744186046512,
    "audit": 0.06976744186046512,
    "difference": 0.06976744186046512,
    "work undertaken": 0.06976744186046512,
    "highly effective": 0.06976744186046512,
    "North Lincolnshire": 0.06976744186046512,
    "care plan": 0.06976744186046512,
    "case review": 0.06976744186046512,
    "sub committee": 0.06976744186046512,
    "process": 0.05813953488372093,
    "making": 0.05813953488372093,
    "planned": 0.05813953488372093,
    "move": 0.05813953488372093,
    "thorough": 0.05813953488372093,
    "focused": 0.05813953488372093,
    "time": 0.05813953488372093,
    "home": 0.05813953488372093,
    "inform": 0.05813953488372093,
    "offered": 0.05813953488372093,
    "close": 0.05813953488372093
}