{
    "board": 1.0,
    "LSCB": 0.7692307692307693,
    "children": 0.5054945054945055,
    "work": 0.4725274725274725,
    "training": 0.46153846153846156,
    "issue": 0.46153846153846156,
    "ensure": 0.45054945054945056,
    "partner": 0.45054945054945056,
    "safeguarding": 0.43956043956043955,
    "well": 0.38461538461538464,
    "practice": 0.38461538461538464,
    "service": 0.37362637362637363,
    "tri borough": 0.3626373626373626,
    "group": 0.3076923076923077,
    "information": 0.3076923076923077,
    "sub group": 0.3076923076923077,
    "data": 0.2967032967032967,
    "across tri": 0.27472527472527475,
    "report": 0.26373626373626374,
    "challenge": 0.25274725274725274,
    "provide": 0.25274725274725274,
    "SCR": 0.25274725274725274,
    "key": 0.23076923076923078,
    "across": 0.23076923076923078,
    "young people": 0.23076923076923078,
    "priorities": 0.21978021978021978,
    "appropriately": 0.21978021978021978,
    "local": 0.21978021978021978,
    "impact": 0.21978021978021978,
    "identified": 0.21978021978021978,
    "effectiveness": 0.2087912087912088,
    "multi agency": 0.2087912087912088,
    "neglect": 0.1978021978021978,
    "partnership": 0.1978021978021978,
    "need": 0.1978021978021978,
    "sexual exploitation": 0.1978021978021978,
    "example": 0.17582417582417584,
    "review": 0.17582417582417584,
    "child sexual": 0.17582417582417584,
    "borough partnership": 0.17582417582417584,
    "learning": 0.16483516483516483,
    "good": 0.16483516483516483,
    "within": 0.16483516483516483,
    "performance": 0.15384615384615385,
    "focus": 0.15384615384615385,
    "effectively": 0.15384615384615385,
    "place": 0.15384615384615385,
    "missing": 0.15384615384615385,
    "analysis": 0.15384615384615385,
    "working": 0.14285714285714285,
    "development": 0.14285714285714285,
    "audit": 0.14285714285714285,
    "case": 0.14285714285714285,
    "developed": 0.14285714285714285,
    "detailed": 0.14285714285714285,
    "Recommendation": 0.14285714285714285,
    "undertaken": 0.14285714285714285,
    "school": 0.14285714285714285,
    "auditing": 0.13186813186813187,
    "health": 0.13186813186813187,
    "enable": 0.13186813186813187,
    "sub committee": 0.13186813186813187,
    "improve": 0.12087912087912088,
    "child": 0.12087912087912088,
    "clear": 0.12087912087912088,
    "including": 0.12087912087912088,
    "provided": 0.12087912087912088,
    "individual": 0.12087912087912088,
    "borough": 0.12087912087912088,
    "result": 0.12087912087912088,
    "partnership group": 0.12087912087912088,
    "agencies": 0.10989010989010989,
    "strategic": 0.10989010989010989,
    "member": 0.10989010989010989,
    "effective": 0.10989010989010989,
    "awareness": 0.10989010989010989,
    "extensive": 0.10989010989010989,
    "reported": 0.10989010989010989,
    "currently": 0.10989010989010989,
    "although": 0.10989010989010989,
    "case review": 0.10989010989010989,
    "safeguarding training": 0.10989010989010989,
    "chair": 0.0989010989010989,
    "frontline": 0.0989010989010989,
    "supported": 0.0989010989010989,
    "plan": 0.0989010989010989,
    "difference": 0.0989010989010989,
    "area": 0.0989010989010989,
    "developing": 0.0989010989010989,
    "action": 0.0989010989010989,
    "change": 0.0989010989010989,
    "number": 0.0989010989010989,
    "theme": 0.0989010989010989,
    "clear understanding": 0.0989010989010989,
    "comprehensive": 0.08791208791208792,
    "improvement": 0.08791208791208792,
    "conference": 0.08791208791208792,
    "also": 0.08791208791208792,
    "year": 0.08791208791208792,
    "thresholds": 0.08791208791208792,
    "practitioners": 0.08791208791208792,
    "develop": 0.08791208791208792,
    "identify": 0.08791208791208792,
    "section": 0.08791208791208792,
    "established": 0.08791208791208792,
    "representative": 0.08791208791208792,
    "tool": 0.08791208791208792,
    "Prevent": 0.08791208791208792,
    "involvement": 0.08791208791208792,
    "However": 0.08791208791208792,
    "systematically": 0.08791208791208792,
    "reviewed": 0.08791208791208792,
    "meeting": 0.08791208791208792,
    "will": 0.08791208791208792,
    "early": 0.08791208791208792,
    "organisation": 0.08791208791208792,
    "children families": 0.08791208791208792,
    "learning development": 0.08791208791208792,
    "independent chair": 0.08791208791208792,
    "representation": 0.07692307692307693,
    "research": 0.07692307692307693,
    "officer": 0.07692307692307693,
    "robust": 0.07692307692307693,
    "link": 0.07692307692307693,
    "processes": 0.07692307692307693,
    "led": 0.07692307692307693,
    "promote": 0.07692307692307693,
    "arrangements": 0.07692307692307693,
    "sharing": 0.07692307692307693,
    "ensuring": 0.07692307692307693,
    "based": 0.07692307692307693,
    "professionals": 0.07692307692307693,
    "focused": 0.07692307692307693,
    "evaluation": 0.07692307692307693,
    "quality": 0.07692307692307693,
    "priority": 0.07692307692307693,
    "considered": 0.07692307692307693,
    "dataset": 0.07692307692307693,
    "community": 0.07692307692307693,
    "response": 0.07692307692307693,
    "workers": 0.07692307692307693,
    "around": 0.07692307692307693,
    "undertake": 0.07692307692307693,
    "child death": 0.07692307692307693,
    "partner agencies": 0.07692307692307693,
    "annual report": 0.07692307692307693,
    "lessons learnt": 0.07692307692307693,
    "child protection": 0.07692307692307693,
    "protection plan": 0.07692307692307693,
    "strong": 0.06593406593406594,
    "families": 0.06593406593406594,
    "aligned": 0.06593406593406594,
    "significant": 0.06593406593406594,
    "enhanced": 0.06593406593406594,
    "management": 0.06593406593406594,
    "lead": 0.06593406593406594,
    "role": 0.06593406593406594,
    "death": 0.06593406593406594,
    "clearly": 0.06593406593406594,
    "maintains": 0.06593406593406594,
    "business": 0.06593406593406594,
    "include": 0.06593406593406594,
    "positive": 0.06593406593406594,
    "violence": 0.06593406593406594,
    "time": 0.06593406593406594,
    "meet": 0.06593406593406594,
    "engagement": 0.06593406593406594,
    "able": 0.06593406593406594,
    "system": 0.06593406593406594,
    "carried": 0.06593406593406594,
    "attendance": 0.06593406593406594,
    "shared": 0.06593406593406594,
    "team": 0.06593406593406594,
    "demonstrate": 0.06593406593406594,
    "new": 0.06593406593406594,
    "police": 0.06593406593406594,
    "monitoring": 0.06593406593406594,
    "picture": 0.06593406593406594,
    "lessons": 0.06593406593406594,
    "made": 0.06593406593406594,
    "North Lincolnshire": 0.06593406593406594,
    "training programme": 0.06593406593406594,
    "raise awareness": 0.06593406593406594,
    "key areas": 0.06593406593406594,
    "action plan": 0.06593406593406594,
    "elected members": 0.06593406593406594,
    "work undertaken": 0.06593406593406594,
    "case file": 0.06593406593406594,
    "wide range": 0.06593406593406594,
    "informed": 0.054945054945054944,
    "operational": 0.054945054945054944,
    "SPLOG": 0.054945054945054944,
    "oversight": 0.054945054945054944,
    "agency": 0.054945054945054944,
    "outcome": 0.054945054945054944,
    "framework": 0.054945054945054944,
    "disseminated": 0.054945054945054944,
    "highlight": 0.054945054945054944,
    "recent": 0.054945054945054944,
    "regular": 0.054945054945054944
}