{
    "children": 1.0,
    "service": 0.8026315789473685,
    "work": 0.6842105263157895,
    "well": 0.6447368421052632,
    "board": 0.4868421052631579,
    "LSCB": 0.47368421052631576,
    "young people": 0.47368421052631576,
    "tri borough": 0.40789473684210525,
    "training": 0.39473684210526316,
    "practice": 0.35526315789473684,
    "report": 0.32894736842105265,
    "ensure": 0.3026315789473684,
    "safeguarding": 0.3026315789473684,
    "group": 0.2894736842105263,
    "support": 0.2894736842105263,
    "issue": 0.2894736842105263,
    "learning": 0.27631578947368424,
    "children young": 0.27631578947368424,
    "team": 0.2631578947368421,
    "social worker": 0.2631578947368421,
    "effective": 0.25,
    "provide": 0.25,
    "local authority": 0.25,
    "information": 0.23684210526315788,
    "performance": 0.23684210526315788,
    "highly": 0.2236842105263158,
    "need": 0.2236842105263158,
    "key": 0.2236842105263158,
    "quality": 0.21052631578947367,
    "partner": 0.21052631578947367,
    "clear": 0.21052631578947367,
    "across tri": 0.21052631578947367,
    "borough partnership": 0.21052631578947367,
    "sub group": 0.21052631578947367,
    "including": 0.19736842105263158,
    "identified": 0.19736842105263158,
    "inspector": 0.19736842105263158,
    "child": 0.18421052631578946,
    "appropriately": 0.18421052631578946,
    "example": 0.18421052631578946,
    "mean": 0.18421052631578946,
    "care": 0.18421052631578946,
    "social": 0.18421052631578946,
    "manager": 0.18421052631578946,
    "school": 0.18421052631578946,
    "local": 0.17105263157894737,
    "good": 0.17105263157894737,
    "health": 0.17105263157894737,
    "management": 0.17105263157894737,
    "risk": 0.17105263157894737,
    "impact": 0.17105263157894737,
    "within": 0.15789473684210525,
    "detailed": 0.15789473684210525,
    "range": 0.15789473684210525,
    "challenge": 0.15789473684210525,
    "plan": 0.15789473684210525,
    "across": 0.15789473684210525,
    "data": 0.15789473684210525,
    "result": 0.14473684210526316,
    "partnership": 0.14473684210526316,
    "meeting": 0.14473684210526316,
    "analysis": 0.14473684210526316,
    "missing": 0.14473684210526316,
    "supported": 0.14473684210526316,
    "action": 0.14473684210526316,
    "inspection": 0.14473684210526316,
    "place": 0.14473684210526316,
    "effectively": 0.14473684210526316,
    "complaints": 0.14473684210526316,
    "multi agency": 0.14473684210526316,
    "strong": 0.13157894736842105,
    "strategic": 0.13157894736842105,
    "level": 0.13157894736842105,
    "help": 0.13157894736842105,
    "working": 0.13157894736842105,
    "development": 0.13157894736842105,
    "number": 0.13157894736842105,
    "undertaken": 0.13157894736842105,
    "staff": 0.13157894736842105,
    "RBKC": 0.13157894736842105,
    "review": 0.13157894736842105,
    "outcome": 0.13157894736842105,
    "sexual exploitation": 0.13157894736842105,
    "DCS": 0.11842105263157894,
    "improvement": 0.11842105263157894,
    "individual": 0.11842105263157894,
    "developing": 0.11842105263157894,
    "annual": 0.11842105263157894,
    "arrangements": 0.11842105263157894,
    "scrutiny": 0.11842105263157894,
    "priorities": 0.11842105263157894,
    "education": 0.11842105263157894,
    "case": 0.11842105263157894,
    "families": 0.11842105263157894,
    "considered": 0.11842105263157894,
    "audit": 0.11842105263157894,
    "children looked": 0.11842105263157894,
    "high quality": 0.11842105263157894,
    "understand": 0.10526315789473684,
    "member": 0.10526315789473684,
    "regular": 0.10526315789473684,
    "strategy": 0.10526315789473684,
    "also": 0.10526315789473684,
    "developed": 0.10526315789473684,
    "skills": 0.10526315789473684,
    "neglect": 0.10526315789473684,
    "year": 0.10526315789473684,
    "established": 0.10526315789473684,
    "robust": 0.10526315789473684,
    "enable": 0.10526315789473684,
    "Recommendation": 0.10526315789473684,
    "area": 0.10526315789473684,
    "care leavers": 0.10526315789473684,
    "child protection": 0.10526315789473684,
    "focused": 0.09210526315789473,
    "lead": 0.09210526315789473,
    "comprehensive": 0.09210526315789473,
    "shared": 0.09210526315789473,
    "although": 0.09210526315789473,
    "way": 0.09210526315789473,
    "commissioning": 0.09210526315789473,
    "include": 0.09210526315789473,
    "early": 0.09210526315789473,
    "made": 0.09210526315789473,
    "business": 0.09210526315789473,
    "Prevent": 0.09210526315789473,
    "SCR": 0.09210526315789473,
    "death": 0.09210526315789473,
    "difference": 0.09210526315789473,
    "lead member": 0.09210526315789473,
    "case review": 0.09210526315789473,
    "used": 0.07894736842105263,
    "use": 0.07894736842105263,
    "role": 0.07894736842105263,
    "However": 0.07894736842105263,
    "focus": 0.07894736842105263,
    "joint": 0.07894736842105263,
    "engagement": 0.07894736842105263,
    "currently": 0.07894736842105263,
    "improve": 0.07894736842105263,
    "part": 0.07894736842105263,
    "monitoring": 0.07894736842105263,
    "reviewed": 0.07894736842105263,
    "new": 0.07894736842105263,
    "community": 0.07894736842105263,
    "live": 0.07894736842105263,
    "develop": 0.07894736842105263,
    "workforce": 0.07894736842105263,
    "programme": 0.07894736842105263,
    "extensive": 0.07894736842105263,
    "provided": 0.07894736842105263,
    "family": 0.07894736842105263,
    "reported": 0.07894736842105263,
    "section": 0.07894736842105263,
    "Act": 0.07894736842105263,
    "theme": 0.07894736842105263,
    "senior managers": 0.07894736842105263,
    "independent chair": 0.07894736842105263,
    "child sexual": 0.07894736842105263,
    "Focus Practice": 0.07894736842105263,
    "work undertaken": 0.07894736842105263,
    "sub committee": 0.07894736842105263,
    "leadership": 0.06578947368421052,
    "innovative": 0.06578947368421052,
    "improving": 0.06578947368421052,
    "understanding": 0.06578947368421052,
    "active": 0.06578947368421052,
    "consistently": 0.06578947368421052,
    "youth": 0.06578947368421052,
    "recent": 0.06578947368421052,
    "vulnerable": 0.06578947368421052,
    "receive": 0.06578947368421052,
    "life": 0.06578947368421052,
    "website": 0.06578947368421052,
    "looked": 0.06578947368421052,
    "make": 0.06578947368421052,
    "positive": 0.06578947368421052,
    "awareness": 0.06578947368421052,
    "led": 0.06578947368421052,
    "engaged": 0.06578947368421052,
    "frontline": 0.06578947368421052,
    "court": 0.06578947368421052,
    "intervention": 0.06578947368421052,
    "decision": 0.06578947368421052,
    "making": 0.06578947368421052,
    "significant": 0.06578947368421052,
    "suitably": 0.06578947368421052,
    "experience": 0.06578947368421052,
    "evidence": 0.06578947368421052,
    "formal": 0.06578947368421052,
    "will": 0.06578947368421052,
    "able": 0.06578947368421052,
    "effectiveness": 0.06578947368421052,
    "proceedings": 0.06578947368421052,
    "assessment": 0.06578947368421052,
    "statutory": 0.06578947368421052,
    "actively": 0.06578947368421052,
    "representative": 0.06578947368421052,
    "voluntary": 0.06578947368421052,
    "lessons": 0.06578947368421052
}