{
    "care leaver": 1.0,
    "young people": 0.863013698630137,
    "service": 0.6027397260273972,
    "support": 0.589041095890411,
    "well": 0.5205479452054794,
    "work": 0.4657534246575342,
    "children": 0.4246575342465753,
    "LSCB": 0.410958904109589,
    "personal adviser": 0.410958904109589,
    "training": 0.3972602739726027,
    "board": 0.3835616438356164,
    "safeguarding": 0.3424657534246575,
    "accommodation": 0.2876712328767123,
    "issue": 0.2876712328767123,
    "need": 0.273972602739726,
    "partner": 0.2602739726027397,
    "care": 0.2465753424657534,
    "ensure": 0.2465753424657534,
    "provided": 0.2328767123287671,
    "provide": 0.2328767123287671,
    "tri borough": 0.2328767123287671,
    "borough partnership": 0.2191780821917808,
    "example": 0.2054794520547945,
    "health": 0.2054794520547945,
    "help": 0.2054794520547945,
    "report": 0.2054794520547945,
    "sub group": 0.2054794520547945,
    "information": 0.1917808219178082,
    "identified": 0.1917808219178082,
    "review": 0.1917808219178082,
    "inspector": 0.1917808219178082,
    "local authority": 0.1917808219178082,
    "social worker": 0.1917808219178082,
    "school": 0.1780821917808219,
    "across tri": 0.1780821917808219,
    "local": 0.1643835616438356,
    "education": 0.1643835616438356,
    "effective": 0.1643835616438356,
    "plan": 0.1643835616438356,
    "develop": 0.1643835616438356,
    "group": 0.1643835616438356,
    "data": 0.1643835616438356,
    "high": 0.1506849315068493,
    "staff": 0.1506849315068493,
    "supported": 0.1506849315068493,
    "concern": 0.1506849315068493,
    "workers personal": 0.1506849315068493,
    "risk": 0.136986301369863,
    "place": 0.136986301369863,
    "live": 0.136986301369863,
    "good": 0.136986301369863,
    "across": 0.136986301369863,
    "appropriately": 0.136986301369863,
    "key": 0.136986301369863,
    "team": 0.136986301369863,
    "learning": 0.136986301369863,
    "impact": 0.1232876712328767,
    "result": 0.1232876712328767,
    "skills": 0.1232876712328767,
    "practice": 0.1232876712328767,
    "age": 0.1232876712328767,
    "year": 0.1232876712328767,
    "sexual exploitation": 0.1232876712328767,
    "young person": 0.1232876712328767,
    "opportunities": 0.1095890410958904,
    "looked": 0.1095890410958904,
    "early": 0.1095890410958904,
    "RBKC": 0.1095890410958904,
    "meet": 0.1095890410958904,
    "adult": 0.1095890410958904,
    "inspection": 0.1095890410958904,
    "level": 0.1095890410958904,
    "working": 0.1095890410958904,
    "within": 0.1095890410958904,
    "challenge": 0.1095890410958904,
    "missing": 0.1095890410958904,
    "action": 0.1095890410958904,
    "Ofsted": 0.1095890410958904,
    "independent": 0.0958904109589041,
    "views": 0.0958904109589041,
    "contact": 0.0958904109589041,
    "child": 0.0958904109589041,
    "highly": 0.0958904109589041,
    "established": 0.0958904109589041,
    "number": 0.0958904109589041,
    "developed": 0.0958904109589041,
    "enable": 0.0958904109589041,
    "will": 0.0958904109589041,
    "one": 0.0958904109589041,
    "time": 0.0958904109589041,
    "reviewed": 0.0958904109589041,
    "considered": 0.0958904109589041,
    "analysis": 0.0958904109589041,
    "undertaken": 0.0958904109589041,
    "SCR": 0.0958904109589041,
    "neglect": 0.0958904109589041,
    "families": 0.0958904109589041,
    "death": 0.0958904109589041,
    "outcome": 0.0958904109589041,
    "pathway plan": 0.0958904109589041,
    "receive": 0.0821917808219178,
    "improve": 0.0821917808219178,
    "development": 0.0821917808219178,
    "detailed": 0.0821917808219178,
    "way": 0.0821917808219178,
    "range": 0.0821917808219178,
    "complex": 0.0821917808219178,
    "developing": 0.0821917808219178,
    "currently": 0.0821917808219178,
    "effectiveness": 0.0821917808219178,
    "IST": 0.0821917808219178,
    "clear": 0.0821917808219178,
    "case": 0.0821917808219178,
    "member": 0.0821917808219178,
    "individual": 0.0821917808219178,
    "including": 0.0821917808219178,
    "made": 0.0821917808219178,
    "effectively": 0.0821917808219178,
    "business": 0.0821917808219178,
    "manager": 0.0821917808219178,
    "agencies": 0.0821917808219178,
    "section": 0.0821917808219178,
    "Act": 0.0821917808219178,
    "priorities": 0.0821917808219178,
    "Recommendation": 0.0821917808219178,
    "audit": 0.0821917808219178,
    "difference": 0.0821917808219178,
    "child sexual": 0.0821917808219178,
    "higher education": 0.0821917808219178,
    "time inspection": 0.0821917808219178,
    "partnership group": 0.0821917808219178,
    "multi agency": 0.0821917808219178,
    "case review": 0.0821917808219178,
    "sub committee": 0.0821917808219178,
    "provision": 0.0684931506849315,
    "housing": 0.0684931506849315,
    "majority": 0.0684931506849315,
    "social": 0.0684931506849315,
    "leaving": 0.0684931506849315,
    "advice": 0.0684931506849315,
    "safe": 0.0684931506849315,
    "access": 0.0684931506849315,
    "move": 0.0684931506849315,
    "parents": 0.0684931506849315,
    "given": 0.0684931506849315,
    "However": 0.0684931506849315,
    "regularly": 0.0684931506849315,
    "available": 0.0684931506849315,
    "relationships": 0.0684931506849315,
    "supporting": 0.0684931506849315,
    "closely": 0.0684931506849315,
    "particular": 0.0684931506849315,
    "emotional": 0.0684931506849315,
    "engage": 0.0684931506849315,
    "quality": 0.0684931506849315,
    "understand": 0.0684931506849315,
    "three": 0.0684931506849315,
    "awareness": 0.0684931506849315,
    "involvement": 0.0684931506849315,
    "complaint": 0.0684931506849315,
    "life": 0.0684931506849315,
    "statutory": 0.0684931506849315,
    "reported": 0.0684931506849315,
    "actively": 0.0684931506849315,
    "community": 0.0684931506849315,
    "voluntary": 0.0684931506849315,
    "lessons": 0.0684931506849315,
    "violence": 0.0684931506849315,
    "although": 0.0684931506849315,
    "theme": 0.0684931506849315,
    "pathway planning": 0.0684931506849315,
    "work undertaken": 0.0684931506849315,
    "child protection": 0.0684931506849315,
    "gov uk": 0.0684931506849315,
    "outstanding": 0.0547945205479452,
    "commitment": 0.0547945205479452,
    "employment": 0.0547945205479452,
    "secure": 0.0547945205479452,
    "country": 0.0547945205479452,
    "spoke": 0.0547945205479452,
    "always": 0.0547945205479452,
    "address": 0.0547945205479452,
    "feature": 0.0547945205479452,
    "tenancy": 0.0547945205479452,
    "make": 0.0547945205479452,
    "also": 0.0547945205479452,
    "increased": 0.0547945205479452,
    "possible": 0.0547945205479452,
    "fully": 0.0547945205479452,
    "new": 0.0547945205479452,
    "suitable": 0.0547945205479452,
    "young": 0.0547945205479452,
    "close": 0.0547945205479452,
    "prepared": 0.0547945205479452,
    "aim": 0.0547945205479452,
    "opportunity": 0.0547945205479452,
    "achieve": 0.0547945205479452,
    "focus": 0.0547945205479452,
    "vulnerable": 0.0547945205479452,
    "positive": 0.0547945205479452
}