{
    "children": 1.0,
    "adoption": 0.6049382716049383,
    "service": 0.49382716049382713,
    "adopter": 0.4567901234567901,
    "work": 0.38271604938271603,
    "support": 0.37037037037037035,
    "LSCB": 0.37037037037037035,
    "training": 0.35802469135802467,
    "well": 0.3333333333333333,
    "board": 0.3333333333333333,
    "issue": 0.3333333333333333,
    "safeguarding": 0.2839506172839506,
    "tri borough": 0.2839506172839506,
    "ensure": 0.2716049382716049,
    "information": 0.2716049382716049,
    "group": 0.25925925925925924,
    "report": 0.25925925925925924,
    "partner": 0.2222222222222222,
    "young people": 0.2222222222222222,
    "child": 0.20987654320987653,
    "practice": 0.20987654320987653,
    "borough partnership": 0.19753086419753085,
    "place": 0.18518518518518517,
    "need": 0.18518518518518517,
    "provide": 0.18518518518518517,
    "across tri": 0.18518518518518517,
    "sub group": 0.18518518518518517,
    "permanence": 0.1728395061728395,
    "families": 0.1728395061728395,
    "data": 0.16049382716049382,
    "year": 0.16049382716049382,
    "example": 0.16049382716049382,
    "identified": 0.14814814814814814,
    "effective": 0.13580246913580246,
    "good": 0.13580246913580246,
    "analysis": 0.13580246913580246,
    "help": 0.13580246913580246,
    "performance": 0.13580246913580246,
    "inspector": 0.13580246913580246,
    "team": 0.12345679012345678,
    "care": 0.12345679012345678,
    "adopted": 0.12345679012345678,
    "considered": 0.12345679012345678,
    "within": 0.12345679012345678,
    "appropriately": 0.12345679012345678,
    "detailed": 0.12345679012345678,
    "clear": 0.12345679012345678,
    "working": 0.12345679012345678,
    "key": 0.12345679012345678,
    "impact": 0.12345679012345678,
    "school": 0.12345679012345678,
    "early": 0.1111111111111111,
    "way": 0.1111111111111111,
    "assessment": 0.1111111111111111,
    "provided": 0.1111111111111111,
    "plan": 0.1111111111111111,
    "across": 0.1111111111111111,
    "review": 0.1111111111111111,
    "member": 0.1111111111111111,
    "high": 0.09876543209876543,
    "effectively": 0.09876543209876543,
    "family": 0.09876543209876543,
    "process": 0.09876543209876543,
    "quality": 0.09876543209876543,
    "life": 0.09876543209876543,
    "new": 0.09876543209876543,
    "understand": 0.09876543209876543,
    "arrangement": 0.09876543209876543,
    "undertaken": 0.09876543209876543,
    "made": 0.09876543209876543,
    "individual": 0.09876543209876543,
    "local": 0.09876543209876543,
    "result": 0.09876543209876543,
    "partnership": 0.09876543209876543,
    "missing": 0.09876543209876543,
    "inspection": 0.09876543209876543,
    "Ofsted": 0.09876543209876543,
    "highly": 0.08641975308641975,
    "sensitive": 0.08641975308641975,
    "timely": 0.08641975308641975,
    "comprehensive": 0.08641975308641975,
    "planning": 0.08641975308641975,
    "experience": 0.08641975308641975,
    "number": 0.08641975308641975,
    "also": 0.08641975308641975,
    "event": 0.08641975308641975,
    "agency": 0.08641975308641975,
    "will": 0.08641975308641975,
    "panel": 0.08641975308641975,
    "reported": 0.08641975308641975,
    "two": 0.08641975308641975,
    "learning": 0.08641975308641975,
    "placement": 0.08641975308641975,
    "including": 0.08641975308641975,
    "although": 0.08641975308641975,
    "challenge": 0.08641975308641975,
    "awareness": 0.08641975308641975,
    "SCR": 0.08641975308641975,
    "neglect": 0.08641975308641975,
    "action": 0.08641975308641975,
    "death": 0.08641975308641975,
    "prospective adopter": 0.08641975308641975,
    "priority": 0.07407407407407407,
    "stage": 0.07407407407407407,
    "national": 0.07407407407407407,
    "move": 0.07407407407407407,
    "appropriate": 0.07407407407407407,
    "currently": 0.07407407407407407,
    "used": 0.07407407407407407,
    "worker": 0.07407407407407407,
    "supported": 0.07407407407407407,
    "looked": 0.07407407407407407,
    "case": 0.07407407407407407,
    "actively": 0.07407407407407407,
    "health": 0.07407407407407407,
    "developed": 0.07407407407407407,
    "business": 0.07407407407407407,
    "manager": 0.07407407407407407,
    "agencies": 0.07407407407407407,
    "section": 0.07407407407407407,
    "priorities": 0.07407407407407407,
    "Recommendation": 0.07407407407407407,
    "audit": 0.07407407407407407,
    "difference": 0.07407407407407407,
    "include": 0.07407407407407407,
    "Education": 0.07407407407407407,
    "North Lincolnshire": 0.07407407407407407,
    "social workers": 0.07407407407407407,
    "adoptive family": 0.07407407407407407,
    "birth parent": 0.07407407407407407,
    "work undertaken": 0.07407407407407407,
    "multi agency": 0.07407407407407407,
    "sexual exploitation": 0.07407407407407407,
    "case review": 0.07407407407407407,
    "sub committee": 0.07407407407407407,
    "focused": 0.06172839506172839,
    "delay": 0.06172839506172839,
    "improvement": 0.06172839506172839,
    "current": 0.06172839506172839,
    "decision": 0.06172839506172839,
    "use": 0.06172839506172839,
    "recruitment": 0.06172839506172839,
    "give": 0.06172839506172839,
    "extensive": 0.06172839506172839,
    "available": 0.06172839506172839,
    "based": 0.06172839506172839,
    "social": 0.06172839506172839,
    "range": 0.06172839506172839,
    "understanding": 0.06172839506172839,
    "effectiveness": 0.06172839506172839,
    "last": 0.06172839506172839,
    "sharing": 0.06172839506172839,
    "session": 0.06172839506172839,
    "professional": 0.06172839506172839,
    "time": 0.06172839506172839,
    "demonstrate": 0.06172839506172839,
    "live": 0.06172839506172839,
    "statutory": 0.06172839506172839,
    "community": 0.06172839506172839,
    "Act": 0.06172839506172839,
    "voluntary": 0.06172839506172839,
    "enable": 0.06172839506172839,
    "lessons": 0.06172839506172839,
    "violence": 0.06172839506172839,
    "theme": 0.06172839506172839,
    "adult": 0.06172839506172839,
    "highly effective": 0.06172839506172839,
    "quality assurance": 0.06172839506172839,
    "local authority": 0.06172839506172839,
    "child sexual": 0.06172839506172839,
    "child protection": 0.06172839506172839,
    "gov uk": 0.06172839506172839,
    "possible": 0.04938271604938271,
    "average": 0.04938271604938271,
    "placed": 0.04938271604938271,
    "successful": 0.04938271604938271,
    "court": 0.04938271604938271,
    "future": 0.04938271604938271,
    "ongoing": 0.04938271604938271,
    "following": 0.04938271604938271,
    "thorough": 0.04938271604938271,
    "consistently": 0.04938271604938271,
    "chair": 0.04938271604938271,
    "share": 0.04938271604938271,
    "take": 0.04938271604938271,
    "carers": 0.04938271604938271,
    "significant": 0.04938271604938271,
    "may": 0.04938271604938271,
    "regular": 0.04938271604938271,
    "annual": 0.04938271604938271,
    "spoken": 0.04938271604938271,
    "led": 0.04938271604938271,
    "one": 0.04938271604938271,
    "provision": 0.04938271604938271,
    "make": 0.04938271604938271,
    "RBKC": 0.04938271604938271,
    "given": 0.04938271604938271,
    "strategic": 0.04938271604938271,
    "function": 0.04938271604938271,
    "demonstrated": 0.04938271604938271
}