{
    "LSCB": 1.0,
    "board": 0.9666666666666667,
    "work": 0.9333333333333333,
    "training": 0.7333333333333333,
    "children": 0.7,
    "issue": 0.6666666666666666,
    "safeguarding": 0.6,
    "service": 0.6,
    "partner": 0.6,
    "young people": 0.6,
    "group": 0.5666666666666667,
    "tri borough": 0.5666666666666667,
    "borough partnership": 0.5333333333333333,
    "report": 0.5,
    "sub group": 0.5,
    "well": 0.4666666666666667,
    "ensure": 0.43333333333333335,
    "across tri": 0.43333333333333335,
    "provide": 0.4,
    "data": 0.4,
    "undertaken": 0.4,
    "information": 0.4,
    "practice": 0.36666666666666664,
    "identified": 0.3333333333333333,
    "inspector": 0.3333333333333333,
    "across": 0.3,
    "appropriately": 0.3,
    "key": 0.3,
    "learning": 0.3,
    "review": 0.3,
    "school": 0.3,
    "partnership": 0.26666666666666666,
    "team": 0.26666666666666666,
    "example": 0.26666666666666666,
    "missing": 0.26666666666666666,
    "impact": 0.26666666666666666,
    "inspection": 0.26666666666666666,
    "Ofsted": 0.26666666666666666,
    "within": 0.23333333333333334,
    "challenge": 0.23333333333333334,
    "place": 0.23333333333333334,
    "analysis": 0.23333333333333334,
    "awareness": 0.23333333333333334,
    "SCR": 0.23333333333333334,
    "neglect": 0.23333333333333334,
    "families": 0.23333333333333334,
    "action": 0.23333333333333334,
    "death": 0.23333333333333334,
    "need": 0.23333333333333334,
    "children young": 0.23333333333333334,
    "considered": 0.2,
    "developed": 0.2,
    "result": 0.2,
    "business": 0.2,
    "support": 0.2,
    "year": 0.2,
    "plan": 0.2,
    "agencies": 0.2,
    "section": 0.2,
    "priorities": 0.2,
    "Recommendation": 0.2,
    "working": 0.2,
    "audit": 0.2,
    "child": 0.2,
    "early": 0.2,
    "difference": 0.2,
    "help": 0.2,
    "Education": 0.2,
    "Local Safeguarding": 0.2,
    "multi agency": 0.2,
    "sexual exploitation": 0.2,
    "case review": 0.2,
    "sub committee": 0.2,
    "good": 0.16666666666666666,
    "effectively": 0.16666666666666666,
    "statutory": 0.16666666666666666,
    "reported": 0.16666666666666666,
    "detailed": 0.16666666666666666,
    "individual": 0.16666666666666666,
    "health": 0.16666666666666666,
    "actively": 0.16666666666666666,
    "community": 0.16666666666666666,
    "provided": 0.16666666666666666,
    "Act": 0.16666666666666666,
    "currently": 0.16666666666666666,
    "voluntary": 0.16666666666666666,
    "enable": 0.16666666666666666,
    "number": 0.16666666666666666,
    "lessons": 0.16666666666666666,
    "made": 0.16666666666666666,
    "violence": 0.16666666666666666,
    "although": 0.16666666666666666,
    "theme": 0.16666666666666666,
    "member": 0.16666666666666666,
    "child sexual": 0.16666666666666666,
    "child protection": 0.16666666666666666,
    "gov uk": 0.16666666666666666,
    "local": 0.13333333333333333,
    "suitably": 0.13333333333333333,
    "However": 0.13333333333333333,
    "involvement": 0.13333333333333333,
    "established": 0.13333333333333333,
    "extensive": 0.13333333333333333,
    "supported": 0.13333333333333333,
    "developing": 0.13333333333333333,
    "manager": 0.13333333333333333,
    "systematically": 0.13333333333333333,
    "representative": 0.13333333333333333,
    "quality": 0.13333333333333333,
    "performance": 0.13333333333333333,
    "reviewed": 0.13333333333333333,
    "carried": 0.13333333333333333,
    "life": 0.13333333333333333,
    "risk": 0.13333333333333333,
    "effective": 0.13333333333333333,
    "effectiveness": 0.13333333333333333,
    "including": 0.13333333333333333,
    "serious": 0.13333333333333333,
    "development": 0.13333333333333333,
    "lead": 0.13333333333333333,
    "will": 0.13333333333333333,
    "around": 0.13333333333333333,
    "website": 0.13333333333333333,
    "understand": 0.13333333333333333,
    "care": 0.13333333333333333,
    "undertake": 0.13333333333333333,
    "tackle": 0.13333333333333333,
    "organisation": 0.13333333333333333,
    "Westminster": 0.13333333333333333,
    "inspects": 0.13333333333333333,
    "adult": 0.13333333333333333,
    "independent chair": 0.13333333333333333,
    "local authority": 0.13333333333333333,
    "case file": 0.13333333333333333,
    "protection plan": 0.13333333333333333,
    "shared": 0.1,
    "functions": 0.1,
    "strategic": 0.1,
    "able": 0.1,
    "engaged": 0.1,
    "raise": 0.1,
    "involved": 0.1,
    "demonstrate": 0.1,
    "develop": 0.1,
    "new": 0.1,
    "arising": 0.1,
    "priority": 0.1,
    "annual": 0.1,
    "tool": 0.1,
    "live": 0.1,
    "police": 0.1,
    "sector": 0.1,
    "high": 0.1,
    "dataset": 0.1,
    "based": 0.1,
    "may": 0.1,
    "themed": 0.1,
    "improvement": 0.1,
    "family": 0.1,
    "change": 0.1,
    "workers": 0.1,
    "monitoring": 0.1,
    "clear": 0.1,
    "picture": 0.1,
    "profile": 0.1,
    "helped": 0.1,
    "case": 0.1,
    "improve": 0.1,
    "staff": 0.1,
    "officer": 0.1,
    "CDOP": 0.1,
    "led": 0.1,
    "raising": 0.1,
    "area": 0.1,
    "Prevent": 0.1,
    "conference": 0.1,
    "also": 0.1,
    "following": 0.1,
    "project": 0.1,
    "way": 0.1,
    "outcome": 0.1,
    "preventative": 0.1,
    "include": 0.1,
    "looked": 0.1,
    "professional": 0.1,
    "copy": 0.1,
    "skills": 0.1,
    "elected members": 0.1,
    "quality assurance": 0.1,
    "clear understanding": 0.1,
    "lessons learned": 0.1,
    "wide range": 0.1,
    "social care": 0.1,
    "enquiries ofsted": 0.1,
    "arrangements": 0.06666666666666667,
    "maintains": 0.06666666666666667,
    "bodies": 0.06666666666666667,
    "chair": 0.06666666666666667,
    "links": 0.06666666666666667,
    "DCS": 0.06666666666666667
}