{
    "children young": 1.0,
    "young people": 1.0,
    "schools national": 1.0,
    "national average": 1.0,
    "area": 0.75,
    "Approximately": 0.5,
    "living": 0.5,
    "proportion children": 0.5,
    "primary schools": 0.5,
    "average secondary": 0.5,
    "secondary schools": 0.5,
    "minority ethnic": 0.5,
    "ethnic groups": 0.5,
    "local authority": 0.5,
    "children": 0.25,
    "age": 0.25,
    "years": 0.25,
    "live": 0.25,
    "local": 0.25,
    "meals": 0.25,
    "account": 0.25,
    "largest": 0.25,
    "Asian": 0.25,
    "total population": 0.25,
    "entitled free": 0.25,
    "compared country": 0.25,
    "country whole": 0.25,
    "given opportunity": 0.25,
    "opportunity review": 0.25,
    "review section": 0.25,
    "section report": 0.25,
    "report updated": 0.25,
    "unvalidated data": 0.25,
    "data available": 0.25,
    "English additional": 0.25,
    "additional language": 0.25,
    "Mixed": 0.16666666666666666,
    "poverty": 0.16666666666666666,
    "Black": 0.16666666666666666,
    "British": 0.16666666666666666,
    "North": 0.08333333333333333,
    "Lincolnshire": 0.08333333333333333,
    "aged": 0.08333333333333333,
    "low": 0.08333333333333333,
    "income": 0.08333333333333333,
    "families": 0.08333333333333333,
    "speak": 0.08333333333333333,
    "RBKC": 0.08333333333333333,
    "Westminster": 0.08333333333333333
}