{
    "children": 1.0,
    "live": 0.5806451612903226,
    "authority area": 0.3870967741935484,
    "local authority": 0.3225806451612903,
    "ceased looked": 0.2903225806451613,
    "residential": 0.25806451612903225,
    "special": 0.25806451612903225,
    "per": 0.22580645161290322,
    "looked": 0.1935483870967742,
    "living": 0.1935483870967742,
    "live outside": 0.1935483870967742,
    "young people": 0.1935483870967742,
    "people ceased": 0.1935483870967742,
    "home": 0.12903225806451613,
    "rate": 0.0967741935483871,
    "schools": 0.0967741935483871,
    "parents": 0.0967741935483871,
    "adoptions": 0.0967741935483871,
    "now": 0.0967741935483871,
    "March": 0.0967741935483871,
    "six": 0.0967741935483871,
    "two": 0.0967741935483871,
    "foster families": 0.0967741935483871,
    "unaccompanied asylum": 0.0967741935483871,
    "asylum seeking": 0.0967741935483871,
    "became subject": 0.0967741935483871,
    "guardianship orders": 0.0967741935483871,
    "subsequently returned": 0.0967741935483871,
    "moved independent": 0.0967741935483871,
    "houses multiple": 0.0967741935483871,
    "multiple occupation": 0.0967741935483871,
    "eight": 0.06451612903225806,
    "last": 0.06451612903225806,
    "months": 0.06451612903225806,
    "increase": 0.06451612903225806,
    "number": 0.06451612903225806,
    "schools3": 0.06451612903225806,
    "five": 0.06451612903225806,
    "three": 0.06451612903225806,
    "four": 0.06451612903225806,
    "look": 0.06451612903225806,
    "days": 0.06451612903225806,
    "year": 0.06451612903225806,
    "June": 0.03225806451612903,
    "placed": 0.03225806451612903,
    "miles": 0.03225806451612903,
    "address": 0.03225806451612903,
    "December": 0.03225806451612903,
    "Since": 0.03225806451612903,
    "April": 0.03225806451612903,
    "none": 0.03225806451612903,
    "less": 0.03225806451612903,
    "seven": 0.03225806451612903,
    "within": 0.03225806451612903,
    "fewer": 0.03225806451612903
}