{
    "local authority": 1.0,
    "children": 0.4,
    "previous inspection": 0.4,
    "judged good": 0.4,
    "operates": 0.2,
    "homes": 0.2,
    "safeguarding": 0.2,
    "services": 0.2,
    "looked": 0.2,
    "two": 0.13333333333333333,
    "judged": 0.13333333333333333,
    "outstanding": 0.13333333333333333,
    "recent": 0.13333333333333333,
    "Ofsted": 0.13333333333333333,
    "inspection": 0.13333333333333333,
    "arrangements": 0.13333333333333333,
    "published": 0.13333333333333333,
    "June": 0.13333333333333333,
    "May": 0.13333333333333333,
    "September": 0.13333333333333333
}