{
    "board": 1.0,
    "LSCB": 0.7578947368421053,
    "children": 0.6105263157894737,
    "work": 0.5473684210526316,
    "training": 0.5052631578947369,
    "service": 0.4842105263157895,
    "issue": 0.4421052631578947,
    "young people": 0.4421052631578947,
    "well": 0.43157894736842106,
    "ensure": 0.43157894736842106,
    "partner": 0.43157894736842106,
    "information": 0.4105263157894737,
    "practice": 0.3684210526315789,
    "report": 0.3473684210526316,
    "tri borough": 0.3473684210526316,
    "safeguarding": 0.29473684210526313,
    "group": 0.29473684210526313,
    "sub group": 0.29473684210526313,
    "data": 0.28421052631578947,
    "across tri": 0.2631578947368421,
    "challenge": 0.24210526315789474,
    "provide": 0.24210526315789474,
    "SCR": 0.24210526315789474,
    "effectiveness": 0.23157894736842105,
    "review": 0.23157894736842105,
    "children young": 0.23157894736842105,
    "key": 0.22105263157894736,
    "across": 0.22105263157894736,
    "need": 0.22105263157894736,
    "gov uk": 0.22105263157894736,
    "priorities": 0.21052631578947367,
    "appropriately": 0.21052631578947367,
    "impact": 0.21052631578947367,
    "identified": 0.21052631578947367,
    "multi agency": 0.2,
    "learning": 0.18947368421052632,
    "neglect": 0.18947368421052632,
    "partnership": 0.18947368421052632,
    "sexual exploitation": 0.18947368421052632,
    "example": 0.16842105263157894,
    "child sexual": 0.16842105263157894,
    "borough partnership": 0.16842105263157894,
    "good": 0.15789473684210525,
    "within": 0.15789473684210525,
    "performance": 0.14736842105263157,
    "focus": 0.14736842105263157,
    "effectively": 0.14736842105263157,
    "place": 0.14736842105263157,
    "missing": 0.14736842105263157,
    "analysis": 0.14736842105263157,
    "working": 0.1368421052631579,
    "including": 0.1368421052631579,
    "development": 0.1368421052631579,
    "audit": 0.1368421052631579,
    "developed": 0.1368421052631579,
    "detailed": 0.1368421052631579,
    "HMI": 0.1368421052631579,
    "inspector": 0.1368421052631579,
    "Recommendation": 0.1368421052631579,
    "undertaken": 0.1368421052631579,
    "auditing": 0.12631578947368421,
    "health": 0.12631578947368421,
    "enable": 0.12631578947368421,
    "team": 0.12631578947368421,
    "sub committee": 0.12631578947368421,
    "improve": 0.11578947368421053,
    "child": 0.11578947368421053,
    "clear": 0.11578947368421053,
    "difference": 0.11578947368421053,
    "provided": 0.11578947368421053,
    "individual": 0.11578947368421053,
    "borough": 0.11578947368421053,
    "result": 0.11578947368421053,
    "Safeguarding Children": 0.11578947368421053,
    "local authority": 0.11578947368421053,
    "ofsted gov": 0.11578947368421053,
    "partnership group": 0.11578947368421053,
    "agencies": 0.10526315789473684,
    "strategic": 0.10526315789473684,
    "member": 0.10526315789473684,
    "effective": 0.10526315789473684,
    "outcome": 0.10526315789473684,
    "awareness": 0.10526315789473684,
    "extensive": 0.10526315789473684,
    "case": 0.10526315789473684,
    "quality": 0.10526315789473684,
    "considered": 0.10526315789473684,
    "community": 0.10526315789473684,
    "reported": 0.10526315789473684,
    "currently": 0.10526315789473684,
    "school": 0.10526315789473684,
    "although": 0.10526315789473684,
    "organisation": 0.10526315789473684,
    "child protection": 0.10526315789473684,
    "case review": 0.10526315789473684,
    "safeguarding training": 0.10526315789473684,
    "chair": 0.09473684210526316,
    "frontline": 0.09473684210526316,
    "supported": 0.09473684210526316,
    "include": 0.09473684210526316,
    "also": 0.09473684210526316,
    "plan": 0.09473684210526316,
    "area": 0.09473684210526316,
    "developing": 0.09473684210526316,
    "action": 0.09473684210526316,
    "change": 0.09473684210526316,
    "number": 0.09473684210526316,
    "theme": 0.09473684210526316,
    "clear understanding": 0.09473684210526316,
    "enquiries ofsted": 0.09473684210526316,
    "case file": 0.09473684210526316,
    "comprehensive": 0.08421052631578947,
    "improvement": 0.08421052631578947,
    "local": 0.08421052631578947,
    "conference": 0.08421052631578947,
    "year": 0.08421052631578947,
    "thresholds": 0.08421052631578947,
    "practitioners": 0.08421052631578947,
    "develop": 0.08421052631578947,
    "identify": 0.08421052631578947,
    "established": 0.08421052631578947,
    "representative": 0.08421052631578947,
    "tool": 0.08421052631578947,
    "Prevent": 0.08421052631578947,
    "concern": 0.08421052631578947,
    "involvement": 0.08421052631578947,
    "staff": 0.08421052631578947,
    "Ofsted": 0.08421052631578947,
    "adult": 0.08421052631578947,
    "may": 0.08421052631578947,
    "However": 0.08421052631578947,
    "systematically": 0.08421052631578947,
    "reviewed": 0.08421052631578947,
    "meeting": 0.08421052631578947,
    "will": 0.08421052631578947,
    "early": 0.08421052631578947,
    "children families": 0.08421052631578947,
    "Local Safeguarding": 0.08421052631578947,
    "learning development": 0.08421052631578947,
    "social care": 0.08421052631578947,
    "independent chair": 0.08421052631578947,
    "representation": 0.07368421052631578,
    "research": 0.07368421052631578,
    "officer": 0.07368421052631578,
    "robust": 0.07368421052631578,
    "link": 0.07368421052631578,
    "processes": 0.07368421052631578,
    "led": 0.07368421052631578,
    "promote": 0.07368421052631578,
    "arrangements": 0.07368421052631578,
    "sharing": 0.07368421052631578,
    "support": 0.07368421052631578,
    "ensuring": 0.07368421052631578,
    "based": 0.07368421052631578,
    "focused": 0.07368421052631578,
    "evaluation": 0.07368421052631578,
    "priority": 0.07368421052631578,
    "professional": 0.07368421052631578,
    "available": 0.07368421052631578,
    "website": 0.07368421052631578,
    "dataset": 0.07368421052631578,
    "response": 0.07368421052631578,
    "risk": 0.07368421052631578,
    "workers": 0.07368421052631578,
    "around": 0.07368421052631578,
    "undertake": 0.07368421052631578,
    "child death": 0.07368421052631578,
    "partner agencies": 0.07368421052631578,
    "annual report": 0.07368421052631578,
    "quality assurance": 0.07368421052631578,
    "lessons learnt": 0.07368421052631578,
    "protection plan": 0.07368421052631578,
    "strong": 0.06315789473684211,
    "aligned": 0.06315789473684211,
    "significant": 0.06315789473684211,
    "enhanced": 0.06315789473684211,
    "management": 0.06315789473684211,
    "role": 0.06315789473684211,
    "death": 0.06315789473684211,
    "clearly": 0.06315789473684211,
    "maintains": 0.06315789473684211,
    "business": 0.06315789473684211,
    "positive": 0.06315789473684211,
    "violence": 0.06315789473684211,
    "time": 0.06315789473684211,
    "meet": 0.06315789473684211,
    "engagement": 0.06315789473684211,
    "one": 0.06315789473684211,
    "functions": 0.06315789473684211,
    "care": 0.06315789473684211,
    "able": 0.06315789473684211,
    "looked": 0.06315789473684211,
    "carried": 0.06315789473684211,
    "Act": 0.06315789473684211,
    "made": 0.06315789473684211,
    "system": 0.06315789473684211,
    "attendance": 0.06315789473684211,
    "shared": 0.06315789473684211,
    "demonstrate": 0.06315789473684211,
    "new": 0.06315789473684211
}