{
    "children": 1.0,
    "service": 0.5309278350515464,
    "young people": 0.5154639175257731,
    "well": 0.38144329896907214,
    "support": 0.3402061855670103,
    "work": 0.28350515463917525,
    "risk": 0.28350515463917525,
    "tri borough": 0.26288659793814434,
    "need": 0.24742268041237114,
    "social worker": 0.23711340206185566,
    "ensure": 0.21649484536082475,
    "good": 0.211340206185567,
    "assessment": 0.20618556701030927,
    "practice": 0.1958762886597938,
    "effective": 0.19072164948453607,
    "plan": 0.17525773195876287,
    "families": 0.17010309278350516,
    "care": 0.17010309278350516,
    "case": 0.16494845360824742,
    "adoption": 0.16494845360824742,
    "effectively": 0.15979381443298968,
    "children looked": 0.15979381443298968,
    "strong": 0.15463917525773196,
    "family": 0.13917525773195877,
    "children young": 0.13917525773195877,
    "care leavers": 0.13917525773195877,
    "including": 0.13402061855670103,
    "team": 0.13402061855670103,
    "health": 0.12886597938144329,
    "Westminster": 0.12886597938144329,
    "clear": 0.12371134020618557,
    "borough partnership": 0.12371134020618557,
    "adopter": 0.11855670103092783,
    "staff": 0.1134020618556701,
    "progress": 0.1134020618556701,
    "performance": 0.1134020618556701,
    "local authority": 0.1134020618556701,
    "quality": 0.10824742268041238,
    "result": 0.10824742268041238,
    "arrangements": 0.10824742268041238,
    "outstanding": 0.10824742268041238,
    "multi agency": 0.10824742268041238,
    "benefit": 0.10309278350515463,
    "help": 0.10309278350515463,
    "panel": 0.10309278350515463,
    "individual": 0.10309278350515463,
    "experience": 0.10309278350515463,
    "social work": 0.10309278350515463,
    "quickly": 0.0979381443298969,
    "place": 0.0979381443298969,
    "missing": 0.0979381443298969,
    "example": 0.0979381443298969,
    "provide": 0.09278350515463918,
    "board": 0.09278350515463918,
    "children families": 0.09278350515463918,
    "consistently": 0.08762886597938144,
    "year": 0.08762886597938144,
    "timely": 0.08762886597938144,
    "management": 0.08762886597938144,
    "meeting": 0.08762886597938144,
    "child protection": 0.08762886597938144,
    "senior managers": 0.08762886597938144,
    "identified": 0.08247422680412371,
    "highly": 0.08247422680412371,
    "regular": 0.08247422680412371,
    "thorough": 0.08247422680412371,
    "training": 0.08247422680412371,
    "referral": 0.08247422680412371,
    "made": 0.08247422680412371,
    "managers": 0.08247422680412371,
    "live": 0.08247422680412371,
    "planning": 0.07731958762886598,
    "comprehensive": 0.07731958762886598,
    "child": 0.07731958762886598,
    "receive": 0.07731958762886598,
    "enable": 0.07731958762886598,
    "safeguarding": 0.07731958762886598,
    "local": 0.07731958762886598,
    "supported": 0.07731958762886598,
    "robust": 0.07731958762886598,
    "parent": 0.07731958762886598,
    "report": 0.07731958762886598,
    "review": 0.07731958762886598,
    "direct work": 0.07731958762886598,
    "sexual exploitation": 0.07731958762886598,
    "range": 0.07216494845360824,
    "appropriate": 0.07216494845360824,
    "understand": 0.07216494845360824,
    "safe": 0.07216494845360824,
    "information": 0.07216494845360824,
    "housing": 0.07216494845360824,
    "member": 0.07216494845360824,
    "high quality": 0.07216494845360824,
    "intervention": 0.06701030927835051,
    "accommodation": 0.06701030927835051,
    "education": 0.06701030927835051,
    "placement": 0.06701030927835051,
    "innovative": 0.06701030927835051,
    "contact": 0.06701030927835051,
    "provision": 0.061855670103092786,
    "used": 0.061855670103092786,
    "time": 0.061855670103092786,
    "across": 0.061855670103092786,
    "significant": 0.061855670103092786,
    "understanding": 0.061855670103092786,
    "school": 0.061855670103092786,
    "improving": 0.061855670103092786,
    "worker": 0.061855670103092786,
    "working": 0.061855670103092786,
    "within": 0.061855670103092786,
    "area": 0.061855670103092786,
    "highly effective": 0.061855670103092786,
    "delay": 0.05670103092783505,
    "right": 0.05670103092783505,
    "inspectors": 0.05670103092783505,
    "additional": 0.05670103092783505,
    "include": 0.05670103092783505,
    "considered": 0.05670103092783505,
    "impact": 0.05670103092783505,
    "analysis": 0.05670103092783505,
    "ensuring": 0.05670103092783505,
    "permanence": 0.05670103092783505,
    "undertaken": 0.05670103092783505,
    "learning": 0.05670103092783505,
    "improvement": 0.05670103092783505,
    "small number": 0.05670103092783505,
    "relationships": 0.05154639175257732,
    "extensive": 0.05154639175257732,
    "understood": 0.05154639175257732,
    "outcomes": 0.05154639175257732,
    "use": 0.05154639175257732,
    "means": 0.05154639175257732,
    "remain": 0.05154639175257732,
    "routinely": 0.05154639175257732,
    "three": 0.05154639175257732,
    "professional": 0.05154639175257732,
    "lead": 0.05154639175257732,
    "Recommendation": 0.05154639175257732,
    "data": 0.05154639175257732,
    "culture": 0.05154639175257732,
    "meet": 0.05154639175257732,
    "process": 0.05154639175257732,
    "challenge": 0.05154639175257732,
    "early": 0.04639175257731959,
    "access": 0.04639175257731959,
    "strategy": 0.04639175257731959,
    "number": 0.04639175257731959,
    "decision": 0.04639175257731959,
    "level": 0.04639175257731959,
    "However": 0.04639175257731959,
    "offered": 0.04639175257731959,
    "available": 0.04639175257731959,
    "order": 0.04639175257731959,
    "action": 0.04639175257731959,
    "provided": 0.04639175257731959,
    "established": 0.04639175257731959,
    "project": 0.04639175257731959,
    "system": 0.04639175257731959,
    "skilled": 0.04639175257731959,
    "placed": 0.04639175257731959,
    "participation": 0.04639175257731959,
    "dedicated": 0.04639175257731959,
    "reflect": 0.04639175257731959,
    "know": 0.04639175257731959,
    "day": 0.04639175257731959,
    "carer": 0.04639175257731959,
    "option": 0.04639175257731959,
    "detailed": 0.04639175257731959,
    "LSCB": 0.04639175257731959,
    "complaint": 0.04639175257731959,
    "issue": 0.04639175257731959,
    "early help": 0.04639175257731959,
    "child sexual": 0.04639175257731959,
    "foster carer": 0.04639175257731959,
    "across tri": 0.04639175257731959,
    "social": 0.041237113402061855,
    "majority": 0.041237113402061855,
    "parental": 0.041237113402061855,
    "monitoring": 0.041237113402061855,
    "embedded": 0.041237113402061855,
    "strength": 0.041237113402061855,
    "specific": 0.041237113402061855,
    "oversight": 0.041237113402061855,
    "high": 0.041237113402061855,
    "appropriately": 0.041237113402061855,
    "home": 0.041237113402061855,
    "inspection": 0.041237113402061855,
    "concern": 0.041237113402061855,
    "complex": 0.041237113402061855,
    "women": 0.041237113402061855,
    "timescale": 0.041237113402061855,
    "week": 0.041237113402061855,
    "court": 0.041237113402061855,
    "group": 0.041237113402061855,
    "opportunities": 0.041237113402061855,
    "finding": 0.041237113402061855,
    "Prevent": 0.041237113402061855,
    "focus practice": 0.041237113402061855,
    "senior leaders": 0.041237113402061855,
    "promptly": 0.03608247422680412
}