{
    "children": 1.0,
    "service": 0.5404040404040404,
    "support": 0.41414141414141414,
    "well": 0.3484848484848485,
    "need": 0.2727272727272727,
    "ensure": 0.2676767676767677,
    "young people": 0.26262626262626265,
    "children looked": 0.25757575757575757,
    "board": 0.2474747474747475,
    "care leaver": 0.24242424242424243,
    "effective": 0.22727272727272727,
    "good": 0.2222222222222222,
    "work": 0.21717171717171718,
    "social worker": 0.20202020202020202,
    "local authority": 0.19696969696969696,
    "children young": 0.18181818181818182,
    "North Lincolnshire": 0.17676767676767677,
    "care": 0.1717171717171717,
    "risk": 0.16666666666666666,
    "training": 0.15656565656565657,
    "families": 0.15151515151515152,
    "information": 0.1414141414141414,
    "child": 0.13636363636363635,
    "clear": 0.13636363636363635,
    "practice": 0.13636363636363635,
    "live": 0.12121212121212122,
    "help": 0.12121212121212122,
    "adoption": 0.12121212121212122,
    "education": 0.11616161616161616,
    "range": 0.11616161616161616,
    "plan": 0.11616161616161616,
    "arrangement": 0.11616161616161616,
    "timely": 0.1111111111111111,
    "development": 0.1111111111111111,
    "supported": 0.10606060606060606,
    "assessment": 0.10101010101010101,
    "multi agency": 0.10101010101010101,
    "effectively": 0.09595959595959595,
    "planning": 0.09595959595959595,
    "receive": 0.09595959595959595,
    "accommodation": 0.09595959595959595,
    "adopters": 0.09595959595959595,
    "sexual exploitation": 0.09595959595959595,
    "quality": 0.09090909090909091,
    "strong": 0.09090909090909091,
    "report": 0.09090909090909091,
    "safeguarding": 0.09090909090909091,
    "children families": 0.09090909090909091,
    "case": 0.08585858585858586,
    "learning": 0.08585858585858586,
    "group": 0.08585858585858586,
    "meeting": 0.08585858585858586,
    "mean": 0.08585858585858586,
    "inspector": 0.08585858585858586,
    "working": 0.08080808080808081,
    "looked": 0.08080808080808081,
    "health": 0.08080808080808081,
    "also": 0.08080808080808081,
    "appropriately": 0.08080808080808081,
    "local": 0.08080808080808081,
    "partner": 0.08080808080808081,
    "placement": 0.08080808080808081,
    "family": 0.07575757575757576,
    "appropriate": 0.07575757575757576,
    "level": 0.07575757575757576,
    "management": 0.07575757575757576,
    "LSCB": 0.07575757575757576,
    "highly effective": 0.07575757575757576,
    "staff": 0.0707070707070707,
    "including": 0.0707070707070707,
    "focus": 0.0707070707070707,
    "provide": 0.0707070707070707,
    "parent": 0.0707070707070707,
    "example": 0.0707070707070707,
    "make sure": 0.0707070707070707,
    "area": 0.06565656565656566,
    "school": 0.06565656565656566,
    "progress": 0.06565656565656566,
    "highly": 0.06565656565656566,
    "year": 0.06565656565656566,
    "available": 0.06565656565656566,
    "team": 0.06565656565656566,
    "effectiveness": 0.06565656565656566,
    "experience": 0.06565656565656566,
    "performance": 0.06565656565656566,
    "small number": 0.06565656565656566,
    "make": 0.06060606060606061,
    "possible": 0.06060606060606061,
    "safe": 0.06060606060606061,
    "adopted": 0.06060606060606061,
    "identified": 0.06060606060606061,
    "place": 0.06060606060606061,
    "inspection": 0.06060606060606061,
    "strength": 0.06060606060606061,
    "high": 0.06060606060606061,
    "within": 0.06060606060606061,
    "outstanding": 0.06060606060606061,
    "partnership": 0.06060606060606061,
    "positive": 0.06060606060606061,
    "placed": 0.06060606060606061,
    "member": 0.06060606060606061,
    "manager": 0.06060606060606061,
    "outcomes children": 0.06060606060606061,
    "offered": 0.05555555555555555,
    "comprehensive": 0.05555555555555555,
    "use": 0.05555555555555555,
    "used": 0.05555555555555555,
    "time": 0.05555555555555555,
    "detailed": 0.05555555555555555,
    "worker": 0.05555555555555555,
    "provided": 0.05555555555555555,
    "understanding": 0.05555555555555555,
    "threshold": 0.05555555555555555,
    "particularly": 0.05555555555555555,
    "improvement": 0.05555555555555555,
    "one": 0.05555555555555555,
    "key": 0.05555555555555555,
    "way": 0.05555555555555555,
    "priorities": 0.05555555555555555,
    "view": 0.05555555555555555,
    "decision making": 0.05555555555555555,
    "know": 0.050505050505050504,
    "intervention": 0.050505050505050504,
    "focused": 0.050505050505050504,
    "significant": 0.050505050505050504,
    "engagement": 0.050505050505050504,
    "regular": 0.050505050505050504,
    "processes": 0.050505050505050504,
    "successful": 0.050505050505050504,
    "independent": 0.050505050505050504,
    "issues": 0.050505050505050504,
    "stage": 0.050505050505050504,
    "chair": 0.050505050505050504,
    "annual": 0.050505050505050504,
    "child sexual": 0.050505050505050504,
    "foster carers": 0.050505050505050504,
    "social": 0.045454545454545456,
    "clearly": 0.045454545454545456,
    "together": 0.045454545454545456,
    "voice": 0.045454545454545456,
    "response": 0.045454545454545456,
    "consistently": 0.045454545454545456,
    "result": 0.045454545454545456,
    "right": 0.045454545454545456,
    "framework": 0.045454545454545456,
    "understand": 0.045454545454545456,
    "provision": 0.045454545454545456,
    "assessed": 0.045454545454545456,
    "review": 0.045454545454545456,
    "change": 0.045454545454545456,
    "impressive": 0.045454545454545456,
    "challenge": 0.045454545454545456,
    "ongoing": 0.045454545454545456,
    "impact": 0.045454545454545456,
    "strategic": 0.045454545454545456,
    "robust": 0.045454545454545456,
    "new": 0.045454545454545456,
    "ensuring": 0.045454545454545456,
    "social work": 0.045454545454545456,
    "continue": 0.04040404040404041,
    "early": 0.04040404040404041,
    "strategy": 0.04040404040404041,
    "excellent": 0.04040404040404041,
    "agencies": 0.04040404040404041,
    "analysis": 0.04040404040404041,
    "every": 0.04040404040404041,
    "dedicated": 0.04040404040404041,
    "meet": 0.04040404040404041,
    "permanence": 0.04040404040404041,
    "opportunities": 0.04040404040404041,
    "part": 0.04040404040404041,
    "move": 0.04040404040404041,
    "contact": 0.04040404040404041,
    "helped": 0.04040404040404041,
    "event": 0.04040404040404041,
    "commitment": 0.04040404040404041,
    "include": 0.04040404040404041,
    "influential": 0.04040404040404041,
    "concern": 0.04040404040404041,
    "auditing": 0.04040404040404041,
    "professional": 0.04040404040404041,
    "adult": 0.04040404040404041,
    "Senior managers": 0.04040404040404041,
    "risk sexual": 0.04040404040404041,
    "good quality": 0.04040404040404041,
    "high quality": 0.04040404040404041,
    "gov uk": 0.04040404040404041,
    "best": 0.03535353535353535,
    "considered": 0.03535353535353535,
    "develop": 0.03535353535353535,
    "access": 0.03535353535353535,
    "harm": 0.03535353535353535,
    "take": 0.03535353535353535,
    "delay": 0.03535353535353535,
    "However": 0.03535353535353535,
    "oversight": 0.03535353535353535,
    "thorough": 0.03535353535353535,
    "conference": 0.03535353535353535,
    "process": 0.03535353535353535,
    "improve": 0.03535353535353535
}