{
    "children": 1.0,
    "service": 0.9245283018867925,
    "well": 0.32075471698113206,
    "support": 0.2641509433962264,
    "good": 0.22641509433962265,
    "children looked": 0.22641509433962265,
    "outstanding": 0.20754716981132076,
    "ensure": 0.20754716981132076,
    "young people": 0.20754716981132076,
    "social workers": 0.20754716981132076,
    "help": 0.18867924528301888,
    "supported": 0.16981132075471697,
    "partnership": 0.16981132075471697,
    "RBKC": 0.16981132075471697,
    "social work": 0.16981132075471697,
    "tri borough": 0.16981132075471697,
    "families": 0.1509433962264151,
    "effectively": 0.1509433962264151,
    "management": 0.1509433962264151,
    "team": 0.1509433962264151,
    "arrangement": 0.1509433962264151,
    "highly effective": 0.1509433962264151,
    "range": 0.1320754716981132,
    "effective": 0.1320754716981132,
    "highly": 0.1320754716981132,
    "quality": 0.1320754716981132,
    "model": 0.1320754716981132,
    "care": 0.1320754716981132,
    "risk": 0.1320754716981132,
    "excellent": 0.1320754716981132,
    "exemplary": 0.1320754716981132,
    "Westminster": 0.1320754716981132,
    "care leavers": 0.1320754716981132,
    "significant": 0.11320754716981132,
    "workforce": 0.11320754716981132,
    "leadership": 0.11320754716981132,
    "high": 0.11320754716981132,
    "child": 0.11320754716981132,
    "accommodation": 0.11320754716981132,
    "within": 0.11320754716981132,
    "cases": 0.11320754716981132,
    "work": 0.09433962264150944,
    "across": 0.09433962264150944,
    "culture": 0.09433962264150944,
    "development": 0.09433962264150944,
    "performance": 0.09433962264150944,
    "strong": 0.09433962264150944,
    "harm": 0.09433962264150944,
    "reviewing": 0.09433962264150944,
    "missing": 0.09433962264150944,
    "offered": 0.09433962264150944,
    "delivered": 0.09433962264150944,
    "North Lincolnshire": 0.09433962264150944,
    "local authority": 0.09433962264150944,
    "high quality": 0.09433962264150944,
    "council": 0.07547169811320754,
    "stable": 0.07547169811320754,
    "outcomes": 0.07547169811320754,
    "approach": 0.07547169811320754,
    "provision": 0.07547169811320754,
    "exceptional": 0.07547169811320754,
    "particularly": 0.07547169811320754,
    "innovative": 0.07547169811320754,
    "education": 0.07547169811320754,
    "early": 0.07547169811320754,
    "protect": 0.07547169811320754,
    "place": 0.07547169811320754,
    "available": 0.07547169811320754,
    "health": 0.07547169811320754,
    "permanence": 0.07547169811320754,
    "achieved": 0.07547169811320754,
    "way": 0.07547169811320754,
    "positive": 0.07547169811320754,
    "receive": 0.07547169811320754,
    "consistently": 0.07547169811320754,
    "senior": 0.07547169811320754,
    "governance": 0.07547169811320754,
    "relationship": 0.07547169811320754,
    "robust": 0.07547169811320754,
    "home": 0.07547169811320754,
    "dedicated": 0.07547169811320754,
    "wide range": 0.07547169811320754,
    "sustained": 0.05660377358490566,
    "since": 0.05660377358490566,
    "focus": 0.05660377358490566,
    "creative": 0.05660377358490566,
    "DCS": 0.05660377358490566,
    "possible": 0.05660377358490566,
    "comprehensive": 0.05660377358490566,
    "understood": 0.05660377358490566,
    "improvement": 0.05660377358490566,
    "need": 0.05660377358490566,
    "clear": 0.05660377358490566,
    "oversight": 0.05660377358490566,
    "appropriate": 0.05660377358490566,
    "timely": 0.05660377358490566,
    "plans": 0.05660377358490566,
    "means": 0.05660377358490566,
    "benefit": 0.05660377358490566,
    "board": 0.05660377358490566,
    "planning": 0.05660377358490566,
    "monitoring": 0.05660377358490566,
    "adoption": 0.05660377358490566,
    "placement": 0.05660377358490566,
    "ambitious": 0.05660377358490566,
    "caseloads": 0.05660377358490566,
    "borough": 0.05660377358490566,
    "talented": 0.05660377358490566,
    "practice": 0.05660377358490566,
    "intervention": 0.05660377358490566,
    "leaders": 0.05660377358490566,
    "professional": 0.05660377358490566,
    "extremely": 0.05660377358490566,
    "exceptionally": 0.05660377358490566,
    "assessment": 0.05660377358490566,
    "lead": 0.05660377358490566,
    "extensive": 0.05660377358490566,
    "executive director": 0.05660377358490566,
    "small number": 0.05660377358490566,
    "Hammersmith Fulham": 0.05660377358490566,
    "last": 0.03773584905660377,
    "Ofsted": 0.03773584905660377,
    "inspection": 0.03773584905660377,
    "keeping": 0.03773584905660377,
    "element": 0.03773584905660377,
    "views": 0.03773584905660377,
    "strategic": 0.03773584905660377,
    "making": 0.03773584905660377,
    "difference": 0.03773584905660377,
    "undertaken": 0.03773584905660377,
    "trained": 0.03773584905660377,
    "fully": 0.03773584905660377,
    "improved": 0.03773584905660377,
    "evident": 0.03773584905660377,
    "social": 0.03773584905660377,
    "investment": 0.03773584905660377,
    "director": 0.03773584905660377,
    "chief": 0.03773584905660377,
    "centred": 0.03773584905660377,
    "approaches": 0.03773584905660377,
    "secure": 0.03773584905660377,
    "best": 0.03773584905660377,
    "coordinated": 0.03773584905660377,
    "working": 0.03773584905660377,
    "operational": 0.03773584905660377,
    "level": 0.03773584905660377,
    "embedded": 0.03773584905660377,
    "Thresholds": 0.03773584905660377,
    "applied": 0.03773584905660377,
    "vast": 0.03773584905660377,
    "made": 0.03773584905660377,
    "delay": 0.03773584905660377,
    "receiving": 0.03773584905660377,
    "right": 0.03773584905660377,
    "Prompt": 0.03773584905660377,
    "thorough": 0.03773584905660377,
    "additional": 0.03773584905660377,
    "progression": 0.03773584905660377,
    "go": 0.03773584905660377,
    "homeless": 0.03773584905660377,
    "used": 0.03773584905660377,
    "However": 0.03773584905660377,
    "suitable": 0.03773584905660377,
    "placed": 0.03773584905660377,
    "key": 0.03773584905660377,
    "stages": 0.03773584905660377,
    "impressive": 0.03773584905660377,
    "national": 0.03773584905660377,
    "mental": 0.03773584905660377,
    "corporate": 0.03773584905660377,
    "connected": 0.03773584905660377,
    "aspirational": 0.03773584905660377,
    "opportunities": 0.03773584905660377,
    "employment": 0.03773584905660377,
    "experienced": 0.03773584905660377,
    "training": 0.03773584905660377,
    "value": 0.03773584905660377,
    "building": 0.03773584905660377,
    "application": 0.03773584905660377,
    "low": 0.03773584905660377,
    "journey": 0.03773584905660377,
    "clinicians": 0.03773584905660377,
    "mature": 0.03773584905660377,
    "challenge": 0.03773584905660377,
    "Existing": 0.03773584905660377,
    "judged": 0.03773584905660377,
    "achieve": 0.03773584905660377,
    "see": 0.03773584905660377,
    "partner": 0.03773584905660377,
    "return": 0.03773584905660377,
    "use": 0.03773584905660377,
    "independent": 0.03773584905660377,
    "provided": 0.03773584905660377,
    "almost": 0.03773584905660377,
    "highest": 0.03773584905660377,
    "expertise": 0.03773584905660377,
    "commissioning": 0.03773584905660377,
    "considerable": 0.03773584905660377,
    "area": 0.03773584905660377,
    "provide": 0.03773584905660377
}