{
    "work": 1.0,
    "LSCB": 0.9393939393939394,
    "children": 0.8787878787878788,
    "board": 0.8787878787878788,
    "service": 0.8181818181818182,
    "training": 0.696969696969697,
    "well": 0.6666666666666666,
    "safeguarding": 0.6666666666666666,
    "practice": 0.6363636363636364,
    "tri borough": 0.6363636363636364,
    "issue": 0.6060606060606061,
    "young people": 0.5757575757575758,
    "report": 0.5454545454545454,
    "partner": 0.5454545454545454,
    "group": 0.5151515151515151,
    "ensure": 0.48484848484848486,
    "borough partnership": 0.48484848484848486,
    "sub group": 0.45454545454545453,
    "provide": 0.3939393939393939,
    "across tri": 0.3939393939393939,
    "team": 0.36363636363636365,
    "data": 0.36363636363636365,
    "undertaken": 0.36363636363636365,
    "information": 0.36363636363636365,
    "identified": 0.3333333333333333,
    "appropriately": 0.30303030303030304,
    "need": 0.30303030303030304,
    "review": 0.30303030303030304,
    "learning": 0.30303030303030304,
    "manager": 0.30303030303030304,
    "inspector": 0.30303030303030304,
    "missing": 0.2727272727272727,
    "management": 0.2727272727272727,
    "within": 0.2727272727272727,
    "partnership": 0.2727272727272727,
    "across": 0.2727272727272727,
    "key": 0.2727272727272727,
    "school": 0.2727272727272727,
    "support": 0.24242424242424243,
    "families": 0.24242424242424243,
    "result": 0.24242424242424243,
    "good": 0.24242424242424243,
    "care": 0.24242424242424243,
    "local": 0.24242424242424243,
    "working": 0.24242424242424243,
    "performance": 0.24242424242424243,
    "quality": 0.24242424242424243,
    "action": 0.24242424242424243,
    "challenge": 0.24242424242424243,
    "analysis": 0.24242424242424243,
    "example": 0.24242424242424243,
    "impact": 0.24242424242424243,
    "inspection": 0.24242424242424243,
    "Ofsted": 0.24242424242424243,
    "children young": 0.24242424242424243,
    "local authority": 0.24242424242424243,
    "effective": 0.21212121212121213,
    "high": 0.21212121212121213,
    "audit": 0.21212121212121213,
    "detailed": 0.21212121212121213,
    "place": 0.21212121212121213,
    "awareness": 0.21212121212121213,
    "SCR": 0.21212121212121213,
    "neglect": 0.21212121212121213,
    "death": 0.21212121212121213,
    "help": 0.21212121212121213,
    "multi agency": 0.21212121212121213,
    "sexual exploitation": 0.21212121212121213,
    "However": 0.18181818181818182,
    "clear": 0.18181818181818182,
    "development": 0.18181818181818182,
    "social": 0.18181818181818182,
    "effectively": 0.18181818181818182,
    "statutory": 0.18181818181818182,
    "health": 0.18181818181818182,
    "arrangement": 0.18181818181818182,
    "organisation": 0.18181818181818182,
    "number": 0.18181818181818182,
    "including": 0.18181818181818182,
    "considered": 0.18181818181818182,
    "developed": 0.18181818181818182,
    "business": 0.18181818181818182,
    "year": 0.18181818181818182,
    "plan": 0.18181818181818182,
    "agencies": 0.18181818181818182,
    "section": 0.18181818181818182,
    "priorities": 0.18181818181818182,
    "Recommendation": 0.18181818181818182,
    "child": 0.18181818181818182,
    "early": 0.18181818181818182,
    "difference": 0.18181818181818182,
    "Education": 0.18181818181818182,
    "case review": 0.18181818181818182,
    "sub committee": 0.18181818181818182,
    "leadership": 0.15151515151515152,
    "senior": 0.15151515151515152,
    "supported": 0.15151515151515152,
    "council": 0.15151515151515152,
    "range": 0.15151515151515152,
    "suitably": 0.15151515151515152,
    "involvement": 0.15151515151515152,
    "Westminster": 0.15151515151515152,
    "developing": 0.15151515151515152,
    "understand": 0.15151515151515152,
    "case": 0.15151515151515152,
    "undertake": 0.15151515151515152,
    "able": 0.15151515151515152,
    "extensive": 0.15151515151515152,
    "reported": 0.15151515151515152,
    "individual": 0.15151515151515152,
    "actively": 0.15151515151515152,
    "community": 0.15151515151515152,
    "provided": 0.15151515151515152,
    "Act": 0.15151515151515152,
    "currently": 0.15151515151515152,
    "voluntary": 0.15151515151515152,
    "risk": 0.15151515151515152,
    "enable": 0.15151515151515152,
    "lessons": 0.15151515151515152,
    "made": 0.15151515151515152,
    "violence": 0.15151515151515152,
    "although": 0.15151515151515152,
    "theme": 0.15151515151515152,
    "outcome": 0.15151515151515152,
    "member": 0.15151515151515152,
    "elected members": 0.15151515151515152,
    "case file": 0.15151515151515152,
    "child sexual": 0.15151515151515152,
    "child protection": 0.15151515151515152,
    "gov uk": 0.15151515151515152,
    "DCS": 0.12121212121212122,
    "strategic": 0.12121212121212122,
    "level": 0.12121212121212122,
    "looked": 0.12121212121212122,
    "engaged": 0.12121212121212122,
    "means": 0.12121212121212122,
    "making": 0.12121212121212122,
    "oversight": 0.12121212121212122,
    "workforce": 0.12121212121212122,
    "regular": 0.12121212121212122,
    "shared": 0.12121212121212122,
    "RBKC": 0.12121212121212122,
    "link": 0.12121212121212122,
    "used": 0.12121212121212122,
    "improvement": 0.12121212121212122,
    "family": 0.12121212121212122,
    "commissioning": 0.12121212121212122,
    "established": 0.12121212121212122,
    "systematically": 0.12121212121212122,
    "representative": 0.12121212121212122,
    "reviewed": 0.12121212121212122,
    "carried": 0.12121212121212122,
    "life": 0.12121212121212122,
    "effectiveness": 0.12121212121212122,
    "serious": 0.12121212121212122,
    "lead": 0.12121212121212122,
    "will": 0.12121212121212122,
    "around": 0.12121212121212122,
    "website": 0.12121212121212122,
    "area": 0.12121212121212122,
    "tackle": 0.12121212121212122,
    "include": 0.12121212121212122,
    "inspects": 0.12121212121212122,
    "adult": 0.12121212121212122,
    "highly effective": 0.12121212121212122,
    "quality assurance": 0.12121212121212122,
    "social workers": 0.12121212121212122,
    "wide range": 0.12121212121212122,
    "independent chair": 0.12121212121212122,
    "protection plan": 0.12121212121212122,
    "focused": 0.09090909090909091,
    "meet": 0.09090909090909091,
    "ensuring": 0.09090909090909091,
    "impressive": 0.09090909090909091,
    "engagement": 0.09090909090909091,
    "particular": 0.09090909090909091,
    "particularly": 0.09090909090909091,
    "strength": 0.09090909090909091,
    "protect": 0.09090909090909091,
    "framework": 0.09090909090909091,
    "workers": 0.09090909090909091,
    "monitor": 0.09090909090909091,
    "line": 0.09090909090909091,
    "frontline": 0.09090909090909091,
    "threshold": 0.09090909090909091,
    "positive": 0.09090909090909091,
    "stable": 0.09090909090909091,
    "access": 0.09090909090909091,
    "relationships": 0.09090909090909091,
    "governance": 0.09090909090909091,
    "extensively": 0.09090909090909091,
    "existing": 0.09090909090909091,
    "focus": 0.09090909090909091,
    "delivered": 0.09090909090909091,
    "programme": 0.09090909090909091,
    "auditing": 0.09090909090909091,
    "quarterly": 0.09090909090909091,
    "make": 0.09090909090909091,
    "know": 0.09090909090909091,
    "practitioners": 0.09090909090909091
}