{
    "inspector": 1.0,
    "HMI": 0.7647058823529411,
    "team": 0.35294117647058826,
    "Lead": 0.35294117647058826,
    "Senior": 0.29411764705882354,
    "Majestys": 0.23529411764705882,
    "Ofsted": 0.23529411764705882,
    "inspection": 0.23529411764705882,
    "Deputy": 0.23529411764705882,
    "consisted": 0.17647058823529413,
    "Fiona": 0.17647058823529413,
    "data": 0.17647058823529413,
    "analyst": 0.17647058823529413,
    "Quality": 0.17647058823529413,
    "assurance": 0.17647058823529413,
    "manager": 0.17647058823529413,
    "one": 0.11764705882352941,
    "OI": 0.11764705882352941,
    "SHMI": 0.11764705882352941,
    "Ian": 0.11764705882352941,
    "Young": 0.11764705882352941,
    "Rachel": 0.11764705882352941,
    "Holden": 0.11764705882352941,
    "McLaughlin": 0.11764705882352941,
    "Parker": 0.11764705882352941,
    "Shadow": 0.11764705882352941,
    "six": 0.058823529411764705,
    "Graham": 0.058823529411764705,
    "Reiter": 0.058823529411764705,
    "Dominic": 0.058823529411764705,
    "Stevens": 0.058823529411764705,
    "Jan": 0.058823529411764705,
    "Edwards": 0.058823529411764705,
    "Charles": 0.058823529411764705,
    "Searle": 0.058823529411764705,
    "Millns": 0.058823529411764705,
    "Peter": 0.058823529411764705,
    "Sarah": 0.058823529411764705,
    "Urding": 0.058823529411764705,
    "eight": 0.058823529411764705,
    "Emmy": 0.058823529411764705,
    "Tomsett": 0.058823529411764705,
    "Helen": 0.058823529411764705,
    "Cawston": 0.058823529411764705,
    "Millins": 0.058823529411764705,
    "Lisa": 0.058823529411764705,
    "Williams": 0.058823529411764705,
    "Cath": 0.058823529411764705,
    "McEvoy": 0.058823529411764705,
    "Dr": 0.058823529411764705,
    "Kenneth": 0.058823529411764705,
    "Jones": 0.058823529411764705,
    "Designate": 0.058823529411764705,
    "Associate": 0.058823529411764705,
    "Lolly": 0.058823529411764705,
    "Rascagneres": 0.058823529411764705,
    "Hywel": 0.058823529411764705,
    "Benbow": 0.058823529411764705,
    "Paul": 0.058823529411764705,
    "Armitage": 0.058823529411764705,
    "Director": 0.058823529411764705,
    "Social": 0.058823529411764705,
    "Care": 0.058823529411764705,
    "seven": 0.058823529411764705,
    "Brenda": 0.058823529411764705,
    "Marcie": 0.058823529411764705,
    "Taylor": 0.058823529411764705,
    "Andy": 0.058823529411764705,
    "Whippey": 0.058823529411764705,
    "Anji": 0.058823529411764705,
    "Louise": 0.058823529411764705,
    "Hocking": 0.058823529411764705,
    "Jon": 0.058823529411764705,
    "Bowman": 0.058823529411764705,
    "Nick": 0.058823529411764705,
    "Stacey": 0.058823529411764705,
    "Joy": 0.058823529411764705,
    "Montgomery": 0.058823529411764705,
    "Patrick": 0.058823529411764705,
    "Thomson": 0.058823529411764705,
    "Carolyn": 0.058823529411764705,
    "Adcock": 0.058823529411764705
}