{
    "gov uk": 1.0,
    "ofsted gov": 0.6645569620253164,
    "enquiries ofsted": 0.4651898734177215,
    "please telephone": 0.310126582278481,
    "telephone email": 0.310126582278481,
    "email enquiries": 0.310126582278481,
    "regulates inspects": 0.310126582278481,
    "education skills": 0.23417721518987342,
    "uk ofsted": 0.2310126582278481,
    "complaints Ofsted": 0.20569620253164558,
    "inspection report": 0.1550632911392405,
    "report made": 0.1550632911392405,
    "made following": 0.1550632911392405,
    "following procedures": 0.1550632911392405,
    "procedures set": 0.1550632911392405,
    "set guidance": 0.1550632911392405,
    "guidance Raising": 0.1550632911392405,
    "Raising concerns": 0.1550632911392405,
    "concerns making": 0.1550632911392405,
    "making complaints": 0.1550632911392405,
    "available Ofsteds": 0.1550632911392405,
    "Ofsteds website": 0.1550632911392405,
    "uk government": 0.1550632911392405,
    "Ofsted send": 0.1550632911392405,
    "send copy": 0.1550632911392405,
    "copy guidance": 0.1550632911392405,
    "guidance please": 0.1550632911392405,
    "uk Office": 0.1550632911392405,
    "Office Standards": 0.1550632911392405,
    "Standards Education": 0.1550632911392405,
    "Education Children": 0.1550632911392405,
    "Services Skills": 0.1550632911392405,
    "Skills Ofsted": 0.1550632911392405,
    "Ofsted regulates": 0.1550632911392405,
    "inspects achieve": 0.1550632911392405,
    "achieve excellence": 0.1550632911392405,
    "excellence care": 0.1550632911392405,
    "care children": 0.1550632911392405,
    "skills learners": 0.1550632911392405,
    "learners ages": 0.1550632911392405,
    "ages regulates": 0.1550632911392405,
    "inspects childcare": 0.1550632911392405,
    "childcare children": 0.1550632911392405,
    "social care": 0.1550632911392405,
    "care inspects": 0.1550632911392405,
    "inspects Children": 0.1550632911392405,
    "Children Family": 0.1550632911392405,
    "Family Court": 0.1550632911392405,
    "Court Advisory": 0.1550632911392405,
    "Advisory Support": 0.1550632911392405,
    "Support Service": 0.1550632911392405,
    "Service Cafcass": 0.1550632911392405,
    "Cafcass schools": 0.1550632911392405,
    "schools colleges": 0.1550632911392405,
    "colleges initial": 0.1550632911392405,
    "initial teacher": 0.1550632911392405,
    "teacher training": 0.1550632911392405,
    "adult community": 0.1550632911392405,
    "community learning": 0.1550632911392405,
    "learning education": 0.1550632911392405,
    "education training": 0.1550632911392405,
    "training prisons": 0.1550632911392405,
    "prisons secure": 0.1550632911392405,
    "secure establishments": 0.1550632911392405,
    "inspects services": 0.1550632911392405,
    "child protection": 0.1550632911392405,
    "protection copy": 0.1550632911392405,
    "copy document": 0.1550632911392405,
    "document different": 0.1550632911392405,
    "different format": 0.1550632911392405,
    "format large": 0.1550632911392405,
    "large print": 0.1550632911392405,
    "print Braille": 0.1550632911392405,
    "Braille please": 0.1550632911392405,
    "uk may": 0.1550632911392405,
    "Piccadilly Gate": 0.1550632911392405,
    "Gate Store": 0.1550632911392405,
    "Manchester M1": 0.1550632911392405,
    "M1 2WD": 0.1550632911392405,
    "Crown copyright": 0.1550632911392405,
    "Open Government": 0.1518987341772152,
    "Government Licence": 0.1518987341772152,
    "2WD Textphone": 0.1518987341772152,
    "Textphone enquiries": 0.1518987341772152,
    "children young": 0.1518987341772152,
    "young people": 0.1518987341772152,
    "people education": 0.1518987341772152,
    "copyright inspection": 0.14873417721518986,
    "childrens services": 0.1360759493670886,
    "uk Crown": 0.12974683544303797,
    "Ofsted available": 0.12658227848101267,
    "Store St": 0.10759493670886076,
    "St Manchester": 0.10759493670886076,
    "services looked": 0.10126582278481013,
    "looked children": 0.10126582278481013,
    "Children Services": 0.0981012658227848,
    "children social": 0.0981012658227848,
    "website gov": 0.08544303797468354,
    "government publications": 0.07911392405063292,
    "publications complaints": 0.07911392405063292,
    "training education": 0.07911392405063292,
    "skills adult": 0.07911392405063292,
    "establishments assesses": 0.07911392405063292,
    "assesses council": 0.07911392405063292,
    "council childrens": 0.07911392405063292,
    "services inspects": 0.07911392405063292,
    "safeguarding child": 0.07911392405063292,
    "Interested work": 0.07911392405063292,
    "work subscribe": 0.07911392405063292,
    "subscribe monthly": 0.07911392405063292,
    "monthly newsletter": 0.07911392405063292,
    "newsletter information": 0.07911392405063292,
    "information updates": 0.07911392405063292,
    "updates eepurl": 0.07911392405063292,
    "eepurl iTrDn": 0.07911392405063292,
    "iTrDn Piccadilly": 0.07911392405063292,
    "may copy": 0.07911392405063292,
    "copy parts": 0.07911392405063292,
    "parts document": 0.07911392405063292,
    "document non": 0.07911392405063292,
    "non commercial": 0.07911392405063292,
    "commercial educational": 0.07911392405063292,
    "educational purposes": 0.07911392405063292,
    "purposes long": 0.07911392405063292,
    "long give": 0.07911392405063292,
    "give details": 0.07911392405063292,
    "details source": 0.07911392405063292,
    "source date": 0.07911392405063292,
    "date publication": 0.07911392405063292,
    "publication alter": 0.07911392405063292,
    "alter information": 0.07911392405063292,
    "information way": 0.07911392405063292,
    "may reuse": 0.0759493670886076,
    "reuse information": 0.0759493670886076,
    "information including": 0.0759493670886076,
    "including logos": 0.0759493670886076,
    "logos free": 0.0759493670886076,
    "free charge": 0.0759493670886076,
    "charge format": 0.0759493670886076,
    "format medium": 0.0759493670886076,
    "medium terms": 0.0759493670886076,
    "terms Open": 0.0759493670886076,
    "Licence view": 0.0759493670886076,
    "view licence": 0.0759493670886076,
    "licence visit": 0.0759493670886076,
    "visit nationalarchives": 0.0759493670886076,
    "nationalarchives gov": 0.0759493670886076,
    "uk doc": 0.0759493670886076,
    "doc open": 0.0759493670886076,
    "licence write": 0.0759493670886076,
    "write Information": 0.0759493670886076,
    "Information Policy": 0.0759493670886076,
    "Policy Team": 0.0759493670886076,
    "Team National": 0.0759493670886076,
    "National Archives": 0.0759493670886076,
    "Archives Kew": 0.0759493670886076,
    "Kew London": 0.0759493670886076,
    "London TW9": 0.0759493670886076,
    "TW9 4DU": 0.0759493670886076,
    "4DU email": 0.0759493670886076,
    "email psi": 0.0759493670886076,
    "psi nationalarchives": 0.0759493670886076,
    "nationalarchives gsi": 0.0759493670886076,
    "gsi gov": 0.0759493670886076,
    "uk publication": 0.0759493670886076,
    "publication available": 0.0759493670886076,
    "available gov": 0.0759493670886076,
    "government organisations": 0.0759493670886076,
    "organisations ofsted": 0.0759493670886076,
    "ofsted Interested": 0.0759493670886076,
    "learning skills": 0.0759493670886076,
    "skills training": 0.0759493670886076,
    "training adult": 0.0759493670886076,
    "establishments inspects": 0.0759493670886076,
    "way receive": 0.0759493670886076,
    "receive regular": 0.0759493670886076,
    "regular email": 0.0759493670886076,
    "email alerts": 0.0759493670886076,
    "alerts new": 0.0759493670886076,
    "new publications": 0.0759493670886076,
    "publications please": 0.0759493670886076,
    "please visit": 0.0759493670886076,
    "visit website": 0.0759493670886076,
    "website go": 0.0759493670886076,
    "go Subscribe": 0.0759493670886076,
    "Subscribe Piccadilly": 0.0759493670886076,
    "website ofsted": 0.06962025316455696,