{
    "young people": 1.0,
    "local authority": 0.7720291026677445,
    "children young": 0.5675020210185934,
    "service": 0.5303152789005658,
    "care leaver": 0.42926434923201295,
    "support": 0.41147938561034764,
    "social worker": 0.39611964430072755,
    "ensure": 0.37510105092966856,
    "looked children": 0.33387227162489896,
    "good": 0.2991107518189167,
    "need": 0.2772837510105093,
    "well": 0.27243330638641877,
    "work": 0.27081649151172194,
    "plan": 0.253839935327405,
    "effective": 0.23362974939369444,
    "child protection": 0.23039611964430073,
    "example": 0.20776071139854488,
    "provide": 0.185125303152789,
    "assessment": 0.18189167340339532,
    "including": 0.1746160064672595,
    "clear": 0.1713823767178658,
    "children looked": 0.16168148746968472,
    "effectively": 0.1608730800323363,
    "practice": 0.15925626515763944,
    "multi agency": 0.1576394502829426,
    "within": 0.15602263540824576,
    "children families": 0.15198059822150364,
    "team": 0.15117219078415522,
    "include": 0.15036378334680678,
    "placement": 0.14874696847210994,
    "Board": 0.14793856103476152,
    "families": 0.1463217461600647,
    "children": 0.14470493128536782,
    "use": 0.14470493128536782,
    "Safeguarding Children": 0.1406628940986257,
    "professional": 0.13904607922392886,
    "case": 0.13823767178658045,
    "appropriate": 0.137429264349232,
    "staff": 0.13419563459983833,
    "child": 0.12853678253839934,
    "meeting": 0.12772837510105092,
    "training": 0.12368633791430882,
    "social work": 0.12368633791430882,
    "social care": 0.12126111560226355,
    "sexual exploitation": 0.12126111560226355,
    "result": 0.12045270816491511,
    "Children Board": 0.1196443007275667,
    "early help": 0.11802748585286985,
    "review": 0.116410670978173,
    "arrangement": 0.116410670978173,
    "group": 0.11479385610347616,
    "school": 0.11398544866612773,
    "Local Safeguarding": 0.11156022635408246,
    "supported": 0.1099434114793856,
    "foster carer": 0.1099434114793856,
    "robust": 0.10913500404203719,
    "improvement": 0.10751818916734034,
    "childrens service": 0.10751818916734034,
    "agencies": 0.10670978172999192,
    "adoption": 0.10428455941794665,
    "However": 0.10428455941794665,
    "identified": 0.1026677445432498,
    "timely": 0.1026677445432498,
    "family": 0.1026677445432498,
    "adopter": 0.1026677445432498,
    "challenge": 0.10185933710590138,
    "risk": 0.10105092966855295,
    "police": 0.10024252223120453,
    "strong": 0.09943411479385611,
    "authority area": 0.09943411479385611,
    "performance": 0.09781729991915926,
    "issue": 0.09781729991915926,
    "manager": 0.09781729991915926,
    "progress children": 0.09539207760711399,
    "national average": 0.09458367016976556,
    "also": 0.09377526273241714,
    "planning": 0.09296685529506872,
    "report": 0.09296685529506872,
    "parent": 0.09135004042037187,
    "children care": 0.09054163298302344,
    "used": 0.08973322554567502,
    "currently": 0.08973322554567502,
    "experiences progress": 0.08973322554567502,
    "level": 0.08811641067097817,
    "provided": 0.0856911883589329,
    "children need": 0.0856911883589329,
    "process": 0.08407437348423606,
    "response": 0.08407437348423606,
    "provision": 0.08326596604688763,
    "carer": 0.08326596604688763,
    "range": 0.08245755860953921,
    "one": 0.08245755860953921,
    "referral": 0.08245755860953921,
    "quality": 0.08084074373484236,
    "led": 0.08084074373484236,
    "working": 0.08084074373484236,
    "receive": 0.08084074373484236,
    "evidence": 0.08084074373484236,
    "programme": 0.08084074373484236,
    "help protection": 0.08084074373484236,
    "people families": 0.08084074373484236,
    "senior manager": 0.08003233629749394,
    "change": 0.07922392886014551,
    "approach": 0.07922392886014551,
    "ensuring": 0.07922392886014551,
    "outcomes children": 0.07922392886014551,
    "made": 0.07841552142279709,
    "impact": 0.07760711398544867,
    "new": 0.07760711398544867,
    "Information local": 0.07679870654810024,
    "need help": 0.07679870654810024,
    "undertaken": 0.07599029911075182,
    "focus": 0.07599029911075182,
    "action": 0.07518189167340339,
    "now": 0.07437348423605497,
    "time": 0.07437348423605497,
    "protection plan": 0.07437348423605497,
    "good quality": 0.07437348423605497,
    "development": 0.07356507679870655,
    "improving": 0.0719482619240097,
    "although": 0.0719482619240097,
    "access": 0.0719482619240097,
    "childrens social": 0.0719482619240097,
    "child sexual": 0.07113985448666128,
    "view": 0.06952303961196443,
    "particularly": 0.068714632174616,
    "contact": 0.068714632174616,
    "day": 0.068714632174616,
    "develop": 0.068714632174616,
    "improve": 0.06790622473726758,
    "meet": 0.06790622473726758,
    "intervention": 0.06790622473726758,
    "routinely": 0.06628940986257073,
    "year": 0.06548100242522231,
    "improved": 0.06548100242522231,
    "ensure children": 0.0646725949878739,
    "available": 0.06386418755052546,
    "appropriately": 0.06386418755052546,
    "across": 0.06305578011317704,
    "early": 0.06305578011317704,
    "make": 0.06305578011317704,
    "help": 0.06224737267582862,
    "better": 0.06224737267582862,
    "recent": 0.06224737267582862,
    "benefit": 0.06224737267582862,
    "learning": 0.06224737267582862,
    "comprehensive": 0.06224737267582862,
    "domestic abuse": 0.06224737267582862,
    "number": 0.06143896523848019,
    "increase": 0.06143896523848019,
    "identify": 0.06143896523848019,
    "panel": 0.06143896523848019,
    "concern": 0.060630557801131774,
    "based": 0.060630557801131774,
    "two": 0.05982215036378335,
    "specialist": 0.05982215036378335,
    "current": 0.05982215036378335,
    "place": 0.05901374292643492,
    "enable": 0.0582053354890865,
    "involved": 0.0582053354890865,
    "system": 0.0582053354890865,
    "role": 0.0582053354890865,
    "number children": 0.0582053354890865,
    "audit": 0.05739692805173808,
    "decision": 0.056588520614389654,
    "take": 0.056588520614389654,
    "pupil": 0.056588520614389654,
    "developed": 0.056588520614389654,
    "priorities": 0.056588520614389654,
    "inspection local": 0.05578011317704123,
    "show": 0.0549717057396928,
    "IRO": 0.0549717057396928,
    "accommodation": 0.0549717057396928,
    "link": 0.0549717057396928,
    "attendance": 0.0549717057396928,
    "authority Information": 0.0549717057396928,
    "case review": 0.0549717057396928,
    "significant": 0.054163298302344384,
    "live": 0.054163298302344384,
    "analysis": 0.054163298302344384,
    "recently": 0.054163298302344384,
    "Executive summary": 0.054163298302344384,
    "commitment": 0.05335489086499596,
    "delay": 0.05335489086499596,
    "threshold": 0.05335489086499596,
    "inform": 0.05335489086499596,
    "well supported": 0.05335489086499596,
    "high quality": 0.05335489086499596,
    "Inspection judgement": 0.05335489086499596,
    "considered": 0.05254648342764753,
    "record": 0.05254648342764753,
    "ofsted gov": 0.05254648342764753,
    "gov uk": 0.05254648342764753,
    "progress": 0.05173807599029911,
    "council": 0.05173807599029911,
    "positive": 0.05173807599029911,
    "strategy": 0.05173807599029911,
    "increased": 0.05173807599029911,
    "member": 0.05092966855295069,
    "additional": 0.050121261115602264
}