{
    "young people": 1.0,
    "children": 0.9938347718865598,
    "care leaver": 0.7225647348951911,
    "service": 0.7151664611590629,
    "support": 0.5487053020961775,
    "local authority": 0.5462392108508015,
    "children young": 0.4623921085080148,
    "need": 0.43033292231812575,
    "work": 0.41430332922318125,
    "looked children": 0.40443896424167697,
    "social worker": 0.3908754623921085,
    "well": 0.3871763255240444,
    "good": 0.36744759556103573,
    "ensure": 0.36744759556103573,
    "plan": 0.30579531442663377,
    "effective": 0.30209617755856966,
    "Board": 0.30209617755856966,
    "placement": 0.2749691738594328,
    "children looked": 0.25770653514180025,
    "example": 0.25400739827373614,
    "review": 0.2379778051787916,
    "assessment": 0.2281134401972873,
    "provide": 0.21948212083847102,
    "including": 0.2059186189889026,
    "practice": 0.1997533908754624,
    "staff": 0.19728729963008632,
    "team": 0.1960542540073983,
    "group": 0.19112207151664612,
    "clear": 0.18988902589395806,
    "adoption": 0.18618988902589395,
    "adopter": 0.18372379778051787,
    "child": 0.1812577065351418,
    "appropriate": 0.1812577065351418,
    "arrangement": 0.17879161528976573,
    "foster carer": 0.17509247842170161,
    "progress": 0.17016029593094945,
    "However": 0.16646115906288533,
    "within": 0.16646115906288533,
    "help": 0.16522811344019728,
    "effectively": 0.16276202219482122,
    "include": 0.15782983970406905,
    "school": 0.15659679408138102,
    "use": 0.15536374845869297,
    "report": 0.15536374845869297,
    "strong": 0.14919852034525277,
    "training": 0.14796547472256474,
    "area": 0.14796547472256474,
    "challenge": 0.1467324290998767,
    "improvement": 0.14549938347718866,
    "multi agency": 0.14549938347718866,
    "case": 0.1442663378545006,
    "performance": 0.14303329223181258,
    "level": 0.1405672009864365,
    "identified": 0.13933415536374846,
    "carer": 0.13933415536374846,
    "manager": 0.13686806411837238,
    "receive": 0.13316892725030827,
    "timely": 0.1319358816276202,
    "robust": 0.1319358816276202,
    "meet": 0.13070283600493218,
    "also": 0.13070283600493218,
    "quality": 0.12577065351418001,
    "access": 0.12453760789149199,
    "year": 0.12330456226880394,
    "provided": 0.12083847102342787,
    "live": 0.11960542540073983,
    "range": 0.11960542540073983,
    "currently": 0.11837237977805179,
    "result": 0.11837237977805179,
    "council": 0.11713933415536375,
    "social work": 0.11713933415536375,
    "although": 0.1159062885326757,
    "children care": 0.1159062885326757,
    "information": 0.11467324290998766,
    "meeting": 0.11467324290998766,
    "supported": 0.11220715166461159,
    "benefit": 0.11220715166461159,
    "development": 0.11220715166461159,
    "provision": 0.10974106041923551,
    "number": 0.10850801479654747,
    "families": 0.10850801479654747,
    "make": 0.10850801479654747,
    "LSCB": 0.10727496917385944,
    "outcomes children": 0.10727496917385944,
    "good quality": 0.10727496917385944,
    "time": 0.10357583230579531,
    "improving": 0.10234278668310727,
    "issue": 0.10234278668310727,
    "agencies": 0.10234278668310727,
    "process": 0.10110974106041924,
    "virtual school": 0.10110974106041924,
    "ensuring": 0.09741060419235512,
    "across": 0.09741060419235512,
    "focus": 0.09741060419235512,
    "improved": 0.09617755856966707,
    "now": 0.09494451294697903,
    "used": 0.093711467324291,
    "professional": 0.09247842170160296,
    "children families": 0.09247842170160296,
    "link": 0.09124537607891492,
    "develop": 0.09001233045622688,
    "comprehensive": 0.09001233045622688,
    "positive": 0.09001233045622688,
    "available": 0.09001233045622688,
    "recent": 0.09001233045622688,
    "one": 0.09001233045622688,
    "early": 0.09001233045622688,
    "change": 0.08877928483353884,
    "risk": 0.08877928483353884,
    "learning": 0.08877928483353884,
    "panel": 0.08877928483353884,
    "senior manager": 0.08877928483353884,
    "new": 0.08754623921085081,
    "priorities": 0.08754623921085081,
    "sexual exploitation": 0.08754623921085081,
    "considered": 0.08631319358816276,
    "place": 0.08631319358816276,
    "view": 0.08631319358816276,
    "accommodation": 0.08508014796547472,
    "planning": 0.08508014796547472,
    "evidence": 0.08508014796547472,
    "well supported": 0.08508014796547472,
    "made": 0.08261405672009864,
    "impact": 0.08261405672009864,
    "working": 0.08261405672009864,
    "IRO": 0.08261405672009864,
    "safeguarding": 0.08261405672009864,
    "programme": 0.08138101109741061,
    "partnership": 0.08138101109741061,
    "particularly": 0.08014796547472257,
    "led": 0.08014796547472257,
    "mean": 0.07891491985203453,
    "high quality": 0.07891491985203453,
    "health": 0.07768187422934648,
    "family": 0.07768187422934648,
    "permanence": 0.07768187422934648,
    "decision": 0.07768187422934648,
    "remain": 0.07768187422934648,
    "two": 0.07644882860665844,
    "contact": 0.07644882860665844,
    "adoption support": 0.07644882860665844,
    "undertaken": 0.0752157829839704,
    "recently": 0.0752157829839704,
    "role": 0.0752157829839704,
    "children placed": 0.0752157829839704,
    "increase": 0.07398273736128237,
    "pupil": 0.07398273736128237,
    "parent": 0.07398273736128237,
    "audit": 0.07398273736128237,
    "ofsted gov": 0.07398273736128237,
    "gov uk": 0.07398273736128237,
    "additional": 0.07274969173859433,
    "member": 0.07274969173859433,
    "child protection": 0.07274969173859433,
    "developed": 0.07151664611590629,
    "approach": 0.07151664611590629,
    "significant": 0.07151664611590629,
    "always": 0.07028360049321825,
    "response": 0.07028360049321825,
    "commitment": 0.07028360049321825,
    "regularly": 0.0690505548705302,
    "able": 0.0690505548705302,
    "specialist": 0.0690505548705302,
    "scrutiny": 0.0690505548705302,
    "national average": 0.0690505548705302,
    "recruitment": 0.06781750924784218,
    "opportunities": 0.06781750924784218,
    "strategy": 0.06781750924784218,
    "current": 0.06781750924784218,
    "increased": 0.06781750924784218,
    "early help": 0.06781750924784218,
    "delay": 0.06658446362515413,
    "inform": 0.06658446362515413,
    "show": 0.06658446362515413,
    "enable": 0.06658446362515413,
    "day": 0.06658446362515413,
    "corporate parenting": 0.06658446362515413,
    "monitoring": 0.06535141800246609,
    "personal adviser": 0.06535141800246609,
    "living": 0.06411837237977805,
    "independent": 0.06411837237977805,
    "individual": 0.06411837237977805,
    "number children": 0.06411837237977805,
    "ensure children": 0.06411837237977805,
    "appropriately": 0.06288532675709001,
    "identify": 0.06288532675709001,
    "analysis": 0.06288532675709001,
    "improve": 0.06288532675709001,
    "involved": 0.06288532675709001,
    "people families": 0.06288532675709001,
    "social care": 0.06288532675709001,
    "will": 0.06165228113440197,
    "action": 0.06165228113440197,
    "care plan": 0.06165228113440197,
    "case review": 0.06165228113440197,
    "overall": 0.06041923551171394,
    "processes": 0.06041923551171394,
    "commissioning": 0.06041923551171394,
    "experience": 0.06041923551171394,
    "taken": 0.06041923551171394
}