{
    "young people": 1.0,
    "children": 0.9810650887573964,
    "service": 0.7857988165680473,
    "support": 0.5408284023668639,
    "local authority": 0.5313609467455621,
    "need": 0.5183431952662721,
    "social worker": 0.4911242603550296,
    "care leaver": 0.48520710059171596,
    "good": 0.4603550295857988,
    "children young": 0.4437869822485207,
    "well": 0.41893491124260357,
    "work": 0.40236686390532544,
    "effective": 0.4011834319526627,
    "ensure": 0.3763313609467456,
    "plan": 0.36449704142011835,
    "Board": 0.3502958579881657,
    "including": 0.285207100591716,
    "provide": 0.2710059171597633,
    "assessment": 0.2698224852071006,
    "looked children": 0.26627218934911245,
    "example": 0.2603550295857988,
    "child": 0.2378698224852071,
    "child protection": 0.2378698224852071,
    "team": 0.23668639053254437,
    "clear": 0.23550295857988165,
    "multi agency": 0.23550295857988165,
    "case": 0.22366863905325443,
    "appropriate": 0.22011834319526627,
    "staff": 0.22011834319526627,
    "practice": 0.21775147928994082,
    "placement": 0.21775147928994082,
    "review": 0.2153846153846154,
    "families": 0.20710059171597633,
    "school": 0.20473372781065088,
    "help": 0.20118343195266272,
    "However": 0.19881656804733727,
    "use": 0.19881656804733727,
    "risk": 0.18106508875739644,
    "within": 0.18106508875739644,
    "training": 0.17988165680473372,
    "quality": 0.17633136094674556,
    "effectively": 0.1739644970414201,
    "progress": 0.1680473372781065,
    "include": 0.1680473372781065,
    "meeting": 0.1680473372781065,
    "result": 0.1668639053254438,
    "identified": 0.1668639053254438,
    "also": 0.1668639053254438,
    "group": 0.1668639053254438,
    "children looked": 0.1668639053254438,
    "information": 0.16449704142011834,
    "sexual exploitation": 0.16449704142011834,
    "improvement": 0.15976331360946747,
    "adoption": 0.15976331360946747,
    "arrangement": 0.15857988165680473,
    "early help": 0.15857988165680473,
    "challenge": 0.15739644970414202,
    "children families": 0.15621301775147928,
    "live": 0.15502958579881657,
    "professional": 0.15266272189349112,
    "impact": 0.1514792899408284,
    "robust": 0.1502958579881657,
    "report": 0.1502958579881657,
    "strong": 0.14792899408284024,
    "performance": 0.1467455621301775,
    "manager": 0.1467455621301775,
    "area": 0.1455621301775148,
    "range": 0.13727810650887573,
    "parent": 0.13727810650887573,
    "action": 0.1349112426035503,
    "make": 0.1349112426035503,
    "issue": 0.13136094674556212,
    "timely": 0.1289940828402367,
    "level": 0.12781065088757396,
    "view": 0.12781065088757396,
    "family": 0.12662721893491125,
    "agencies": 0.12307692307692308,
    "although": 0.12189349112426036,
    "social care": 0.12071005917159763,
    "planning": 0.11952662721893491,
    "improving": 0.11952662721893491,
    "development": 0.11834319526627218,
    "supported": 0.11715976331360947,
    "panel": 0.11715976331360947,
    "new": 0.11715976331360947,
    "senior manager": 0.11597633136094675,
    "social work": 0.11597633136094675,
    "made": 0.1136094674556213,
    "child sexual": 0.1136094674556213,
    "foster carer": 0.1136094674556213,
    "meet": 0.11242603550295859,
    "evidence": 0.11242603550295859,
    "adopter": 0.11242603550295859,
    "access": 0.11124260355029586,
    "time": 0.11124260355029586,
    "recent": 0.11005917159763313,
    "carer": 0.11005917159763313,
    "Recommendation": 0.10887573964497041,
    "place": 0.1076923076923077,
    "across": 0.1076923076923077,
    "led": 0.1076923076923077,
    "currently": 0.1076923076923077,
    "considered": 0.1076923076923077,
    "mean": 0.1076923076923077,
    "process": 0.10650887573964497,
    "local": 0.10532544378698225,
    "identify": 0.10295857988165681,
    "response": 0.10295857988165681,
    "partner": 0.10295857988165681,
    "used": 0.10295857988165681,
    "intervention": 0.10177514792899409,
    "change": 0.10059171597633136,
    "particularly": 0.09940828402366864,
    "approach": 0.0970414201183432,
    "programme": 0.0970414201183432,
    "comprehensive": 0.0970414201183432,
    "good quality": 0.0970414201183432,
    "regular": 0.09467455621301775,
    "police": 0.09349112426035502,
    "positive": 0.09349112426035502,
    "ensuring": 0.09349112426035502,
    "improve": 0.09349112426035502,
    "develop": 0.09349112426035502,
    "small number": 0.09349112426035502,
    "children care": 0.09349112426035502,
    "one": 0.09230769230769231,
    "provided": 0.09112426035502959,
    "learning": 0.09112426035502959,
    "benefit": 0.09112426035502959,
    "referral": 0.09112426035502959,
    "receive": 0.08994082840236686,
    "now": 0.08994082840236686,
    "accommodation": 0.08994082840236686,
    "priorities": 0.08994082840236686,
    "contact": 0.08875739644970414,
    "appropriately": 0.08875739644970414,
    "Safeguarding Children": 0.08875739644970414,
    "understanding": 0.08757396449704143,
    "concern": 0.08757396449704143,
    "provision": 0.08757396449704143,
    "year": 0.08757396449704143,
    "better": 0.08757396449704143,
    "focus": 0.08757396449704143,
    "routinely": 0.08757396449704143,
    "worker": 0.0863905325443787,
    "care": 0.08520710059171598,
    "improved": 0.08520710059171598,
    "partnership": 0.08520710059171598,
    "council": 0.08520710059171598,
    "high quality": 0.08520710059171598,
    "early": 0.08402366863905325,
    "enable": 0.08402366863905325,
    "experience": 0.08402366863905325,
    "decision making": 0.08402366863905325,
    "analysis": 0.08284023668639054,
    "understand": 0.08165680473372781,
    "partner agencies": 0.08165680473372781,
    "able": 0.08047337278106509,
    "chair": 0.08047337278106509,
    "gov uk": 0.08047337278106509,
    "people families": 0.07928994082840236,
    "current": 0.07810650887573964,
    "regularly": 0.07810650887573964,
    "additional": 0.07692307692307693,
    "day": 0.07692307692307693,
    "children need": 0.07692307692307693,
    "childrens social": 0.07692307692307693,
    "threshold": 0.0757396449704142,
    "significant": 0.0757396449704142,
    "individual": 0.0757396449704142,
    "monitoring": 0.0757396449704142,
    "undertaken": 0.07455621301775148,
    "providing": 0.07455621301775148,
    "working": 0.07455621301775148,
    "delay": 0.07455621301775148,
    "necessary": 0.07337278106508875,
    "specific": 0.07337278106508875,
    "audit": 0.07337278106508875,
    "mental health": 0.07337278106508875,
    "outcomes children": 0.07337278106508875,
    "ofsted gov": 0.07337278106508875,
    "will": 0.07218934911242604,
    "strategy": 0.07218934911242604,
    "consistently": 0.07218934911242604,
    "increased": 0.07100591715976332,
    "remain": 0.07100591715976332,
    "adult": 0.07100591715976332,
    "available": 0.07100591715976332,
    "increase": 0.07100591715976332,
    "domestic abuse": 0.07100591715976332,
    "link": 0.06982248520710059,
    "demonstrate": 0.06982248520710059,
    "Children Board": 0.06982248520710059,
    "attendance": 0.06863905325443787,
    "management oversight": 0.06863905325443787,
    "detailed": 0.06745562130177515,
    "experienced": 0.06627218934911243,
    "support service": 0.06627218934911243,
    "virtual school": 0.06627218934911243,
    "required": 0.0650887573964497
}