{
    "board": 1.0,
    "LSCB": 0.3646960865945046,
    "young people": 0.3555370524562864,
    "work": 0.33721898417985013,
    "ensure": 0.32556203164029973,
    "multi agency": 0.28476269775187346,
    "sexual exploitation": 0.23896752706078267,
    "service": 0.23646960865945046,
    "example": 0.23230641132389676,
    "children young": 0.22231473771856786,
    "sub group": 0.21731890091590342,
    "practice": 0.20982514571190675,
    "child sexual": 0.20815986677768525,
    "training": 0.20233139050791007,
    "well": 0.19233971690258117,
    "group": 0.18401332223147376,
    "local authority": 0.17485428809325562,
    "including": 0.1723563696919234,
    "challenge": 0.17069109075770192,
    "partner": 0.16819317235636969,
    "learning": 0.15736885928393005,
    "clear": 0.15570358034970858,
    "priorities": 0.15487094088259784,
    "report": 0.15154038301415487,
    "agencies": 0.1498751040799334,
    "review": 0.1482098251457119,
    "audit": 0.14737718567860117,
    "provide": 0.14654454621149043,
    "support": 0.1440466278101582,
    "effective": 0.14321398834304747,
    "include": 0.14321398834304747,
    "partner agencies": 0.14321398834304747,
    "good": 0.13738551207327226,
    "partnership": 0.13322231473771856,
    "issue": 0.12822647793505412,
    "identified": 0.1257285595337219,
    "effectively": 0.11990008326394672,
    "case review": 0.11990008326394672,
    "area": 0.11823480432972523,
    "chair": 0.115736885928393,
    "children": 0.1115736885928393,
    "also": 0.11074104912572856,
    "school": 0.10824313072439634,
    "quality": 0.10657785179017486,
    "information": 0.10574521232306411,
    "annual report": 0.10407993338884262,
    "focus": 0.1015820149875104,
    "staff": 0.1015820149875104,
    "early help": 0.1015820149875104,
    "need": 0.10074937552039967,
    "progress": 0.0974188176519567,
    "appropriate": 0.09575353871773522,
    "professional": 0.09575353871773522,
    "Safeguarding Children": 0.09575353871773522,
    "SCR": 0.09492089925062448,
    "performance": 0.093255620316403,
    "analysis": 0.093255620316403,
    "data": 0.09242298084929226,
    "Recommendation": 0.09159034138218151,
    "meeting": 0.09075770191507078,
    "development": 0.09075770191507078,
    "scrutiny": 0.08992506244796003,
    "child protection": 0.08992506244796003,
    "comprehensive": 0.08825978351373855,
    "use": 0.08825978351373855,
    "impact": 0.08659450457951708,
    "understanding": 0.08576186511240633,
    "response": 0.08576186511240633,
    "serious case": 0.08576186511240633,
    "led": 0.08492922564529559,
    "child death": 0.08492922564529559,
    "level": 0.08409658617818484,
    "plan": 0.08326394671107411,
    "improve": 0.08326394671107411,
    "police": 0.08243130724396336,
    "recent": 0.08159866777685262,
    "number": 0.08076602830974189,
    "key": 0.0791007493755204,
    "link": 0.0791007493755204,
    "action plan": 0.0791007493755204,
    "independent chair": 0.07826810990840966,
    "result": 0.07743547044129892,
    "strong": 0.07743547044129892,
    "within": 0.07660283097418817,
    "process": 0.07660283097418817,
    "However": 0.07410491257285595,
    "strategic": 0.07327227310574522,
    "arrangement": 0.07160699417152373,
    "Children Board": 0.07077435470441298,
    "member": 0.06994171523730225,
    "across": 0.06994171523730225,
    "action": 0.06994171523730225,
    "safeguarding": 0.06910907577019151,
    "appropriately": 0.06910907577019151,
    "across partnership": 0.06910907577019151,
    "recently": 0.06827643630308076,
    "working": 0.06827643630308076,
    "strategy": 0.06827643630308076,
    "shared": 0.06661115736885928,
    "neglect": 0.06661115736885928,
    "business plan": 0.06661115736885928,
    "Local Safeguarding": 0.06661115736885928,
    "quality assurance": 0.06577851790174855,
    "inform": 0.0649458784346378,
    "childrens service": 0.0649458784346378,
    "evidence": 0.06328059950041633,
    "develop": 0.06244796003330558,
    "undertaken": 0.06244796003330558,
    "agency audit": 0.06244796003330558,
    "social care": 0.06244796003330558,
    "effectiveness": 0.061615320566194835,
    "robust": 0.06078268109908409,
    "influence": 0.06078268109908409,
    "detailed": 0.059117402164862616,
    "work board": 0.059117402164862616,
    "assessment": 0.058284762697751874,
    "health": 0.058284762697751874,
    "attendance": 0.058284762697751874,
    "although": 0.058284762697751874,
    "female genital": 0.058284762697751874,
    "genital mutilation": 0.058284762697751874,
    "current": 0.05745212323064113,
    "improvement": 0.05745212323064113,
    "approach": 0.05745212323064113,
    "evaluation": 0.05745212323064113,
    "programme": 0.05745212323064113,
    "developed": 0.05745212323064113,
    "ensuring": 0.05661948376353039,
    "engagement": 0.054954204829308906,
    "identify": 0.054954204829308906,
    "subgroup": 0.05412156536219817,
    "now": 0.05412156536219817,
    "section audit": 0.05412156536219817,
    "one": 0.05328892589508743,
    "new": 0.05245628642797669,
    "will": 0.05245628642797669,
    "monitoring": 0.051623646960865945,
    "used": 0.051623646960865945,
    "place": 0.051623646960865945,
    "oversight": 0.04995836802664446,
    "supported": 0.04995836802664446,
    "concern": 0.04995836802664446,
    "practitioner": 0.04995836802664446,
    "relevant": 0.049125728559533725,
    "range": 0.049125728559533725,
    "role": 0.049125728559533725,
    "chief executive": 0.049125728559533725,
    "priority": 0.04829308909242298,
    "threshold": 0.04829308909242298,
    "commitment": 0.04829308909242298,
    "manager": 0.04829308909242298,
    "domestic abuse": 0.04829308909242298,
    "change": 0.04746044962531224,
    "monitor": 0.04746044962531224,
    "provided": 0.04746044962531224,
    "frontline practice": 0.04746044962531224,
    "specific": 0.0466278101582015,
    "activity": 0.04579517069109076,
    "resulted": 0.04579517069109076,
    "board member": 0.04579517069109076,
    "childrens social": 0.044962531223980015,
    "areas improvement": 0.044962531223980015,
    "safeguarding practice": 0.044962531223980015,
    "social worker": 0.044962531223980015,
    "enable": 0.04412989175686927,
    "currently": 0.04329725228975854,
    "team": 0.04329725228975854,
    "relation": 0.04329725228975854,
    "outcomes children": 0.04329725228975854,
    "improved": 0.042464612822647796,
    "child": 0.042464612822647796,
    "included": 0.042464612822647796,
    "increased": 0.042464612822647796,
    "governance arrangements": 0.042464612822647796,
    "care children": 0.042464612822647796,
    "findings": 0.041631973355537054,
    "joint": 0.041631973355537054,
    "improving": 0.041631973355537054,
    "contribution": 0.041631973355537054,
    "risk": 0.041631973355537054,
    "children families": 0.041631973355537054,
    "policies procedures": 0.041631973355537054,
    "looked children": 0.041631973355537054,
    "significant": 0.04079933388842631,
    "feedback": 0.04079933388842631,
    "made": 0.03996669442131557,
    "two": 0.03996669442131557,
    "planning": 0.03996669442131557,
    "course": 0.03996669442131557,
    "regarding": 0.03913405495420483,
    "following": 0.03913405495420483,
    "awareness": 0.03913405495420483,
    "additional": 0.03913405495420483,
    "conference": 0.03913405495420483,
    "awareness raising": 0.03913405495420483,
    "mental health": 0.03913405495420483,
    "considered": 0.038301415487094086,
    "consider": 0.038301415487094086,
    "sufficiently": 0.038301415487094086,
    "council": 0.038301415487094086
}