{
    "children": 1.0,
    "service": 0.6666666666666666,
    "young people": 0.5867850098619329,
    "child protection": 0.46548323471400394,
    "need": 0.46055226824457596,
    "social worker": 0.4358974358974359,
    "local authority": 0.4280078895463511,
    "support": 0.39546351084812625,
    "effective": 0.378698224852071,
    "work": 0.3727810650887574,
    "ensure": 0.33925049309664695,
    "well": 0.32840236686390534,
    "early help": 0.3264299802761341,
    "plan": 0.3165680473372781,
    "risk": 0.3136094674556213,
    "good": 0.3116370808678501,
    "case": 0.30177514792899407,
    "multi agency": 0.2948717948717949,
    "assessment": 0.29191321499013806,
    "children young": 0.27120315581854043,
    "families": 0.2583826429980276,
    "team": 0.2583826429980276,
    "appropriate": 0.2495069033530572,
    "sexual exploitation": 0.24358974358974358,
    "including": 0.2406311637080868,
    "provide": 0.22189349112426035,
    "school": 0.21597633136094674,
    "clear": 0.20118343195266272,
    "professional": 0.1942800788954635,
    "However": 0.1942800788954635,
    "parent": 0.1913214990138067,
    "social care": 0.1893491124260355,
    "children families": 0.1804733727810651,
    "meeting": 0.17850098619329388,
    "referral": 0.17357001972386588,
    "practice": 0.17357001972386588,
    "concern": 0.17357001972386588,
    "effectively": 0.16962524654832348,
    "child sexual": 0.16962524654832348,
    "staff": 0.16568047337278108,
    "arrangement": 0.16173570019723865,
    "quality": 0.15877712031558186,
    "result": 0.15285996055226825,
    "action": 0.15187376725838264,
    "social work": 0.14990138067061143,
    "protection plan": 0.14990138067061143,
    "information": 0.14694280078895464,
    "manager": 0.14595660749506903,
    "domestic abuse": 0.14595660749506903,
    "response": 0.14497041420118342,
    "issue": 0.14497041420118342,
    "identified": 0.14398422090729784,
    "Board": 0.14299802761341224,
    "Recommendation": 0.14201183431952663,
    "care leaver": 0.14102564102564102,
    "timely": 0.1390532544378698,
    "use": 0.13708086785009863,
    "include": 0.1341222879684418,
    "police": 0.1341222879684418,
    "robust": 0.1341222879684418,
    "intervention": 0.131163708086785,
    "family": 0.1301775147928994,
    "impact": 0.1291913214990138,
    "also": 0.1291913214990138,
    "review": 0.12721893491124261,
    "appropriately": 0.1242603550295858,
    "progress": 0.12130177514792899,
    "Although": 0.12130177514792899,
    "area": 0.1203155818540434,
    "example": 0.1203155818540434,
    "training": 0.11932938856015779,
    "within": 0.11932938856015779,
    "childrens social": 0.11834319526627218,
    "report": 0.11735700197238659,
    "agencies": 0.11242603550295859,
    "group": 0.10946745562130178,
    "level": 0.10650887573964497,
    "protection conference": 0.10650887573964497,
    "child": 0.10552268244575937,
    "make": 0.10355029585798817,
    "comprehensive": 0.10256410256410256,
    "receive": 0.10256410256410256,
    "improvement": 0.10256410256410256,
    "supported": 0.10059171597633136,
    "mean": 0.09960552268244575,
    "partner agencies": 0.09861932938856016,
    "education": 0.09664694280078895,
    "provision": 0.09664694280078895,
    "change": 0.09566074950690336,
    "always": 0.09566074950690336,
    "provided": 0.09566074950690336,
    "identify": 0.09467455621301775,
    "strong": 0.09368836291913216,
    "threshold": 0.09368836291913216,
    "decision making": 0.09368836291913216,
    "experience": 0.09171597633136094,
    "care": 0.09072978303747535,
    "risk assessment": 0.09072978303747535,
    "used": 0.08974358974358974,
    "planning": 0.08974358974358974,
    "made": 0.08875739644970414,
    "LSCB": 0.08875739644970414,
    "children missing": 0.08875739644970414,
    "local": 0.08777120315581854,
    "working": 0.08777120315581854,
    "access": 0.08678500986193294,
    "partner": 0.08678500986193294,
    "offer": 0.08579881656804733,
    "specialist": 0.08579881656804733,
    "small number": 0.08579881656804733,
    "approach": 0.08481262327416174,
    "time": 0.08382642998027613,
    "missing education": 0.08284023668639054,
    "evidence": 0.08185404339250493,
    "help": 0.08086785009861933,
    "decision": 0.08086785009861933,
    "considered": 0.08086785009861933,
    "adult": 0.08086785009861933,
    "improve": 0.08086785009861933,
    "record": 0.08086785009861933,
    "wide range": 0.08086785009861933,
    "direct work": 0.08086785009861933,
    "focus": 0.07988165680473373,
    "good quality": 0.07988165680473373,
    "understand": 0.07889546351084813,
    "year": 0.07889546351084813,
    "child need": 0.07889546351084813,
    "place": 0.07790927021696252,
    "benefit": 0.07790927021696252,
    "inspector": 0.07790927021696252,
    "contact": 0.07692307692307693,
    "cases seen": 0.07692307692307693,
    "currently": 0.07593688362919132,
    "help service": 0.07593688362919132,
    "MASH": 0.07495069033530571,
    "necessary": 0.07495069033530571,
    "partnership": 0.07396449704142012,
    "led": 0.07396449704142012,
    "lead": 0.07396449704142012,
    "delay": 0.07297830374753451,
    "individual": 0.07297830374753451,
    "analysis": 0.07297830374753451,
    "new": 0.07297830374753451,
    "available": 0.07199211045364892,
    "process": 0.07199211045364892,
    "across": 0.07100591715976332,
    "private fostering": 0.07100591715976332,
    "required": 0.07001972386587771,
    "regular": 0.06903353057199212,
    "children need": 0.06903353057199212,
    "development": 0.06804733727810651,
    "information sharing": 0.06804733727810651,
    "recent": 0.0670611439842209,
    "enable": 0.0670611439842209,
    "take": 0.0670611439842209,
    "demonstrate": 0.0670611439842209,
    "core group": 0.0670611439842209,
    "ensuring": 0.06607495069033531,
    "challenge": 0.06607495069033531,
    "live": 0.06607495069033531,
    "consider": 0.0650887573964497,
    "number children": 0.0650887573964497,
    "young person": 0.0650887573964497,
    "understanding": 0.0641025641025641,
    "key": 0.0641025641025641,
    "outcomes children": 0.0641025641025641,
    "go missing": 0.0641025641025641,
    "performance": 0.0631163708086785,
    "one": 0.0631163708086785,
    "management oversight": 0.0631163708086785,
    "consistently": 0.0621301775147929,
    "particularly": 0.0621301775147929,
    "ensure children": 0.0621301775147929,
    "seen inspectors": 0.0621301775147929,
    "data": 0.0611439842209073,
    "better": 0.0611439842209073,
    "routinely": 0.0611439842209073,
    "detailed": 0.0611439842209073,
    "completed": 0.0611439842209073,
    "undertaken": 0.0611439842209073,
    "learning": 0.0611439842209073,
    "timescale": 0.0611439842209073,
    "view": 0.0611439842209073,
    "senior manager": 0.0611439842209073,
    "panel": 0.0601577909270217,
    "attendance": 0.0601577909270217,
    "activity": 0.0601577909270217,
    "mental health": 0.0601577909270217,
    "health": 0.05917159763313609,
    "address": 0.05917159763313609,
    "programme": 0.05917159763313609,
    "thorough": 0.05818540433925049,
    "inspection": 0.05818540433925049,
    "Inspectors saw": 0.05818540433925049,
    "help assessment": 0.05818540433925049,
    "vast majority": 0.05818540433925049,
    "safe": 0.05719921104536489,
    "two": 0.05719921104536489,
    "leading": 0.05719921104536489,
    "increased": 0.05621301775147929
}