{
    "young people": 1.0,
    "service": 0.8982142857142857,
    "Board": 0.8,
    "local authority": 0.7875,
    "children young": 0.6821428571428572,
    "ensure": 0.5732142857142857,
    "work": 0.525,
    "social worker": 0.5107142857142857,
    "example": 0.48928571428571427,
    "staff": 0.4607142857142857,
    "practice": 0.4446428571428571,
    "good": 0.4017857142857143,
    "well": 0.3982142857142857,
    "including": 0.37857142857142856,
    "support": 0.3732142857142857,
    "children": 0.36428571428571427,
    "effective": 0.3375,
    "manager": 0.325,
    "social work": 0.30357142857142855,
    "childrens service": 0.3,
    "challenge": 0.29642857142857143,
    "sexual exploitation": 0.29464285714285715,
    "plan": 0.2892857142857143,
    "group": 0.2875,
    "training": 0.2875,
    "provide": 0.28214285714285714,
    "clear": 0.2785714285714286,
    "include": 0.275,
    "children looked": 0.275,
    "development": 0.26785714285714285,
    "effectively": 0.26607142857142857,
    "senior manager": 0.26607142857142857,
    "need": 0.2642857142857143,
    "multi agency": 0.2642857142857143,
    "identified": 0.2571428571428571,
    "child sexual": 0.25357142857142856,
    "care leaver": 0.2517857142857143,
    "performance": 0.25,
    "issue": 0.25,
    "strong": 0.24642857142857144,
    "learning": 0.24285714285714285,
    "area": 0.24107142857142858,
    "partner": 0.2392857142857143,
    "impact": 0.2357142857142857,
    "meeting": 0.2357142857142857,
    "priorities": 0.23392857142857143,
    "level": 0.23392857142857143,
    "improvement": 0.23392857142857143,
    "team": 0.23214285714285715,
    "quality": 0.225,
    "within": 0.225,
    "children families": 0.21607142857142858,
    "However": 0.20714285714285716,
    "comprehensive": 0.20535714285714285,
    "use": 0.20535714285714285,
    "range": 0.1982142857142857,
    "appropriate": 0.1982142857142857,
    "also": 0.19642857142857142,
    "early help": 0.19464285714285715,
    "led": 0.19285714285714287,
    "arrangement": 0.18928571428571428,
    "assessment": 0.18392857142857144,
    "audit": 0.18392857142857144,
    "progress": 0.18392857142857144,
    "across": 0.18214285714285713,
    "report": 0.18214285714285713,
    "Recommendation": 0.18214285714285713,
    "LSCB": 0.18214285714285713,
    "focus": 0.18035714285714285,
    "information": 0.1767857142857143,
    "strategy": 0.1767857142857143,
    "robust": 0.175,
    "corporate parenting": 0.1732142857142857,
    "approach": 0.17142857142857143,
    "programme": 0.17142857142857143,
    "quality assurance": 0.16785714285714284,
    "social care": 0.16785714285714284,
    "chief executive": 0.16071428571428573,
    "member": 0.15892857142857142,
    "services children": 0.15892857142857142,
    "council": 0.15714285714285714,
    "partnership": 0.15714285714285714,
    "scrutiny": 0.15535714285714286,
    "review": 0.15535714285714286,
    "result": 0.15357142857142858,
    "place": 0.15357142857142858,
    "child protection": 0.15357142857142858,
    "outcomes children": 0.15357142857142858,
    "improve": 0.15178571428571427,
    "chair": 0.15,
    "supervision": 0.15,
    "now": 0.15,
    "DCS": 0.14821428571428572,
    "elected member": 0.14821428571428572,
    "role": 0.14642857142857144,
    "data": 0.14464285714285716,
    "improving": 0.14285714285714285,
    "regular": 0.14285714285714285,
    "Safeguarding Children": 0.14285714285714285,
    "recent": 0.14107142857142857,
    "case review": 0.14107142857142857,
    "key": 0.1392857142857143,
    "partner agencies": 0.1392857142857143,
    "gov uk": 0.1392857142857143,
    "looked children": 0.1392857142857143,
    "ensuring": 0.1375,
    "response": 0.1357142857142857,
    "improved": 0.13392857142857142,
    "commitment": 0.13214285714285715,
    "number": 0.13214285714285715,
    "agencies": 0.13214285714285715,
    "safeguarding": 0.13214285714285715,
    "new": 0.13214285714285715,
    "lead member": 0.13214285714285715,
    "provision": 0.13035714285714287,
    "workforce": 0.12857142857142856,
    "evidence": 0.12678571428571428,
    "action": 0.12678571428571428,
    "ofsted gov": 0.12678571428571428,
    "although": 0.125,
    "additional": 0.12321428571428572,
    "inform": 0.12321428571428572,
    "used": 0.12142857142857143,
    "analysis": 0.12142857142857143,
    "enable": 0.11964285714285715,
    "change": 0.11964285714285715,
    "performance management": 0.11964285714285715,
    "provided": 0.11785714285714285,
    "link": 0.11785714285714285,
    "resulted": 0.11785714285714285,
    "planning": 0.11785714285714285,
    "process": 0.11785714285714285,
    "professional": 0.11785714285714285,
    "developed": 0.11607142857142858,
    "local": 0.11428571428571428,
    "meet": 0.11428571428571428,
    "commissioning": 0.11428571428571428,
    "people families": 0.11428571428571428,
    "access": 0.1125,
    "recently": 0.1125,
    "take": 0.1125,
    "City": 0.1125,
    "police": 0.11071428571428571,
    "detailed": 0.10892857142857143,
    "Children Board": 0.10892857142857143,
    "serious case": 0.10892857142857143,
    "demonstrate": 0.10714285714285714,
    "school": 0.10714285714285714,
    "senior leader": 0.10714285714285714,
    "strategic": 0.10535714285714286,
    "case": 0.10535714285714286,
    "better": 0.10535714285714286,
    "develop": 0.10535714285714286,
    "panel": 0.10357142857142858,
    "worker": 0.10357142857142858,
    "Health Wellbeing": 0.10357142857142858,
    "shared": 0.10178571428571428,
    "appropriately": 0.10178571428571428,
    "undertaken": 0.10178571428571428,
    "increase": 0.10178571428571428,
    "childrens social": 0.10178571428571428,
    "model": 0.1,
    "placement": 0.1,
    "looked care": 0.1,
    "Local Safeguarding": 0.1,
    "intervention": 0.09821428571428571,
    "understanding": 0.09821428571428571,
    "working": 0.09821428571428571,
    "currently": 0.09821428571428571,
    "supported": 0.09821428571428571,
    "live": 0.09821428571428571,
    "director children": 0.09821428571428571,
    "management oversight": 0.09821428571428571,
    "health": 0.09642857142857143,
    "caseload": 0.09642857142857143,
    "finding": 0.09642857142857143,
    "across partnership": 0.09642857142857143,
    "action plan": 0.09642857142857143,
    "targeted": 0.09464285714285714,
    "receive": 0.09285714285714286,
    "significant": 0.09285714285714286,
    "practitioner": 0.09285714285714286,
    "sub group": 0.09285714285714286,
    "commissioned": 0.09107142857142857,
    "relation": 0.09107142857142857,
    "Wellbeing Board": 0.09107142857142857,
    "seen": 0.08928571428571429,
    "governance arrangements": 0.08928571428571429,
    "view": 0.0875,
    "vulnerable children": 0.0875,
    "providing": 0.08571428571428572,
    "increased": 0.08571428571428572,
    "priority": 0.08571428571428572,
    "one": 0.08571428571428572,
    "current": 0.08571428571428572,
    "will": 0.08571428571428572,
    "individual": 0.08571428571428572,
    "high quality": 0.08571428571428572,
    "care children": 0.08571428571428572,
    "work practice": 0.08571428571428572
}