{
    "young people": 1.0,
    "children": 0.7070789259560618,
    "local authority": 0.6273393002441009,
    "service": 0.6004882017900732,
    "children looked": 0.5101708706265257,
    "care leaver": 0.48331977217249794,
    "children young": 0.4735557363710334,
    "support": 0.435313262815297,
    "ensure": 0.41903986981285596,
    "social worker": 0.4174125305126119,
    "well": 0.36208299430431246,
    "Board": 0.3352318958502848,
    "work": 0.3287225386493084,
    "plan": 0.3148901545972335,
    "need": 0.3132628152969894,
    "good": 0.306753458096013,
    "example": 0.27827502034174123,
    "effective": 0.2758340113913751,
    "looked children": 0.27339300244100895,
    "foster carer": 0.2709519934906428,
    "placement": 0.26851098454027666,
    "provide": 0.25793327908869,
    "including": 0.25711960943856793,
    "appropriate": 0.24003254678600489,
    "LSCB": 0.21969080553295361,
    "clear": 0.21399511798209928,
    "progress": 0.21074043938161108,
    "staff": 0.20911310008136696,
    "include": 0.20260374288039057,
    "practice": 0.20097640358014646,
    "child": 0.19853539462978032,
    "However": 0.1969080553295362,
    "carer": 0.18633034987794955,
    "effectively": 0.18144833197721724,
    "team": 0.17982099267697316,
    "multi agency": 0.1757526444263629,
    "review": 0.17493897477624085,
    "assessment": 0.17331163547599673,
    "group": 0.1708706265256306,
    "arrangement": 0.17005695687550854,
    "result": 0.16924328722538648,
    "also": 0.16842961757526445,
    "school": 0.1643612693246542,
    "sexual exploitation": 0.16354759967453214,
    "risk": 0.16273393002441008,
    "use": 0.15866558177379983,
    "performance": 0.1562245728234337,
    "currently": 0.1529698942229455,
    "identified": 0.15215622457282343,
    "area": 0.14727420667209112,
    "case": 0.14646053702196907,
    "training": 0.14320585842148087,
    "within": 0.1383238405207486,
    "challenge": 0.1383238405207486,
    "issue": 0.13262815296989422,
    "child sexual": 0.13262815296989422,
    "strong": 0.13100081366965013,
    "although": 0.13018714401952808,
    "provision": 0.13018714401952808,
    "information": 0.1277461350691619,
    "impact": 0.1277461350691619,
    "report": 0.1277461350691619,
    "virtual school": 0.12693246541903988,
    "improvement": 0.12611879576891782,
    "supported": 0.12449145646867373,
    "children care": 0.12286411716842961,
    "meeting": 0.12205044751830757,
    "meet": 0.12123677786818551,
    "help": 0.11879576891781937,
    "robust": 0.11798209926769732,
    "quality": 0.11716842961757526,
    "social work": 0.11716842961757526,
    "adoption": 0.11635475996745322,
    "range": 0.11554109031733116,
    "time": 0.11310008136696502,
    "provided": 0.11310008136696502,
    "level": 0.11310008136696502,
    "IRO": 0.11310008136696502,
    "adopter": 0.11310008136696502,
    "timely": 0.1114727420667209,
    "comprehensive": 0.11065907241659886,
    "improved": 0.11065907241659886,
    "learning": 0.11065907241659886,
    "appropriately": 0.10984540276647681,
    "manager": 0.10821806346623271,
    "make": 0.10659072416598861,
    "focus": 0.10414971521562245,
    "now": 0.10414971521562245,
    "access": 0.10333604556550041,
    "professional": 0.10333604556550041,
    "response": 0.10252237591537836,
    "agencies": 0.10170870626525631,
    "senior manager": 0.1000813669650122,
    "development": 0.09926769731489016,
    "across": 0.09926769731489016,
    "new": 0.0984540276647681,
    "year": 0.09764035801464606,
    "live": 0.096826688364524,
    "recent": 0.0951993490642799,
    "children families": 0.0951993490642799,
    "experience": 0.09438567941415785,
    "priorities": 0.0935720097640358,
    "place": 0.09275834011391375,
    "improve": 0.0919446704637917,
    "ensuring": 0.09113100081366965,
    "audit": 0.09113100081366965,
    "recently": 0.09031733116354759,
    "families": 0.08950366151342555,
    "one": 0.08950366151342555,
    "pupil": 0.08950366151342555,
    "working": 0.0886899918633035,
    "attendance": 0.0886899918633035,
    "improving": 0.0886899918633035,
    "council": 0.0886899918633035,
    "key stage": 0.08787632221318145,
    "childrens service": 0.0870626525630594,
    "regularly": 0.0854353132628153,
    "Recommendation": 0.08462164361269324,
    "develop": 0.08462164361269324,
    "always": 0.08462164361269324,
    "good quality": 0.08462164361269324,
    "panel": 0.0838079739625712,
    "used": 0.0838079739625712,
    "change": 0.0838079739625712,
    "made": 0.0838079739625712,
    "two": 0.08299430431244914,
    "current": 0.08299430431244914,
    "child protection": 0.08299430431244914,
    "parent": 0.0821806346623271,
    "mean": 0.08136696501220504,
    "led": 0.08136696501220504,
    "enable": 0.080553295362083,
    "majority children": 0.07973962571196094,
    "Safeguarding Children": 0.07973962571196094,
    "process": 0.07892595606183889,
    "outcomes children": 0.07892595606183889,
    "gov uk": 0.07811228641171684,
    "particularly": 0.07729861676159479,
    "positive": 0.07729861676159479,
    "small number": 0.07729861676159479,
    "offer": 0.07648494711147275,
    "ensure children": 0.07648494711147275,
    "return home": 0.07648494711147275,
    "support children": 0.07648494711147275,
    "children placed": 0.07648494711147275,
    "programme": 0.07567127746135069,
    "remain": 0.07485760781122865,
    "number children": 0.07485760781122865,
    "will": 0.07404393816110659,
    "social care": 0.07404393816110659,
    "needs children": 0.07404393816110659,
    "mental health": 0.07404393816110659,
    "delay": 0.07323026851098453,
    "receive": 0.07323026851098453,
    "monitoring": 0.07323026851098453,
    "analysis": 0.07323026851098453,
    "case review": 0.07323026851098453,
    "decision": 0.07241659886086249,
    "take": 0.07241659886086249,
    "evidence": 0.07241659886086249,
    "increase": 0.07241659886086249,
    "developed": 0.07241659886086249,
    "approach": 0.07241659886086249,
    "young person": 0.07241659886086249,
    "early help": 0.07241659886086249,
    "involved": 0.07160292921074043,
    "undertaken": 0.07160292921074043,
    "partner": 0.07078925956061839,
    "ofsted gov": 0.07078925956061839,
    "inform": 0.06997558991049634,
    "routinely": 0.06997558991049634,
    "available": 0.06997558991049634,
    "overall": 0.06834825061025224,
    "Support Service": 0.06834825061025224,
    "partner agencies": 0.06834825061025224,
    "care plan": 0.06834825061025224,
    "additional": 0.06753458096013018,
    "link": 0.06753458096013018,
    "view": 0.06753458096013018,
    "understand": 0.06672091131000814,
    "permanence": 0.06672091131000814,
    "able": 0.06672091131000814,
    "benefit": 0.06672091131000814,
    "well supported": 0.06672091131000814,
    "regular": 0.06590724165988608,
    "required": 0.06590724165988608,
    "scrutiny": 0.06590724165988608,
    "contact": 0.06590724165988608,
    "resulted": 0.06590724165988608,
    "considered": 0.06590724165988608,
    "event": 0.06590724165988608,
    "quality assurance": 0.06509357200976404,
    "identify": 0.06427990235964198,
    "member": 0.06427990235964198,
    "health assessment": 0.06427990235964198,
    "part": 0.06346623270951994,
    "understanding": 0.06346623270951994,
    "specialist": 0.06346623270951994,
    "high quality": 0.06346623270951994,
    "Children Board": 0.06346623270951994
}