{
    "Board": 1.0,
    "young people": 0.9861431870669746,
    "children young": 0.6951501154734411,
    "service": 0.6789838337182448,
    "practice": 0.5127020785219399,
    "local authority": 0.5057736720554272,
    "work": 0.49653579676674364,
    "ensure": 0.46882217090069284,
    "example": 0.3972286374133949,
    "effective": 0.371824480369515,
    "good": 0.36027713625866054,
    "multi agency": 0.3464203233256351,
    "including": 0.3441108545034642,
    "well": 0.3279445727482679,
    "sexual exploitation": 0.3002309468822171,
    "social worker": 0.29330254041570436,
    "support": 0.2909930715935335,
    "LSCB": 0.28868360277136257,
    "staff": 0.279445727482679,
    "group": 0.2586605080831409,
    "need": 0.25635103926096997,
    "provide": 0.2517321016166282,
    "challenge": 0.24942263279445728,
    "child sexual": 0.24249422632794457,
    "identified": 0.24018475750577367,
    "clear": 0.23787528868360278,
    "Safeguarding Children": 0.22401847575057737,
    "issue": 0.22170900692840648,
    "progress": 0.21939953810623555,
    "audit": 0.21709006928406466,
    "priorities": 0.21478060046189376,
    "quality": 0.21247113163972287,
    "performance": 0.21016166281755197,
    "plan": 0.21016166281755197,
    "partner": 0.21016166281755197,
    "gov uk": 0.21016166281755197,
    "effectively": 0.20785219399538107,
    "impact": 0.20554272517321015,
    "across": 0.20323325635103925,
    "learning": 0.20323325635103925,
    "include": 0.20323325635103925,
    "report": 0.19861431870669746,
    "development": 0.19630484988452657,
    "training": 0.19399538106235567,
    "strong": 0.19168591224018475,
    "area": 0.19168591224018475,
    "agencies": 0.18706697459584296,
    "child protection": 0.18475750577367206,
    "Children Board": 0.18244803695150116,
    "social work": 0.18244803695150116,
    "case review": 0.18244803695150116,
    "ofsted gov": 0.18244803695150116,
    "arrangement": 0.18013856812933027,
    "senior manager": 0.18013856812933027,
    "improvement": 0.17782909930715934,
    "use": 0.17782909930715934,
    "childrens service": 0.17321016166281755,
    "team": 0.17090069284064666,
    "level": 0.17090069284064666,
    "within": 0.17090069284064666,
    "focus": 0.16859122401847576,
    "Local Safeguarding": 0.16859122401847576,
    "led": 0.16628175519630484,
    "strategy": 0.16628175519630484,
    "chair": 0.16628175519630484,
    "manager": 0.16628175519630484,
    "appropriate": 0.16397228637413394,
    "safeguarding": 0.16166281755196305,
    "also": 0.16166281755196305,
    "robust": 0.16166281755196305,
    "information": 0.15935334872979215,
    "partner agencies": 0.15935334872979215,
    "comprehensive": 0.15704387990762125,
    "meeting": 0.15704387990762125,
    "early help": 0.15704387990762125,
    "action": 0.15011547344110854,
    "partnership": 0.15011547344110854,
    "social care": 0.14780600461893764,
    "people families": 0.14549653579676675,
    "sub group": 0.14549653579676675,
    "assessment": 0.14318706697459585,
    "number": 0.14087759815242495,
    "data": 0.14087759815242495,
    "link": 0.13856812933025403,
    "looked children": 0.13856812933025403,
    "review": 0.13163972286374134,
    "recent": 0.13163972286374134,
    "recommendation": 0.13163972286374134,
    "strategic": 0.12933025404157045,
    "serious case": 0.12933025404157045,
    "member": 0.12702078521939955,
    "council": 0.12702078521939955,
    "scrutiny": 0.12702078521939955,
    "response": 0.12702078521939955,
    "care leaver": 0.12702078521939955,
    "role": 0.12471131639722864,
    "professional": 0.12471131639722864,
    "result": 0.12240184757505773,
    "process": 0.12240184757505773,
    "Chief Executive": 0.12240184757505773,
    "quality assurance": 0.12240184757505773,
    "across partnership": 0.12240184757505773,
    "action plan": 0.12240184757505773,
    "improve": 0.12009237875288684,
    "However": 0.12009237875288684,
    "approach": 0.12009237875288684,
    "outcomes children": 0.12009237875288684,
    "place": 0.11778290993071594,
    "understanding": 0.11778290993071594,
    "police": 0.11778290993071594,
    "enquiries ofsted": 0.11778290993071594,
    "children families": 0.11778290993071594,
    "provided": 0.11547344110854503,
    "range": 0.11316397228637413,
    "care children": 0.11316397228637413,
    "appropriately": 0.11085450346420324,
    "used": 0.11085450346420324,
    "programme": 0.11085450346420324,
    "improved": 0.10854503464203233,
    "health": 0.10854503464203233,
    "now": 0.10854503464203233,
    "additional": 0.10623556581986143,
    "key": 0.10623556581986143,
    "ensuring": 0.10623556581986143,
    "independent chair": 0.10623556581986143,
    "recently": 0.10392609699769054,
    "undertaken": 0.10392609699769054,
    "evidence": 0.10392609699769054,
    "year": 0.10392609699769054,
    "children looked": 0.10392609699769054,
    "commitment": 0.10161662817551963,
    "working": 0.10161662817551963,
    "improving": 0.10161662817551963,
    "meet": 0.10161662817551963,
    "significant": 0.09930715935334873,
    "developed": 0.09930715935334873,
    "corporate parenting": 0.09930715935334873,
    "workforce": 0.09699769053117784,
    "supervision": 0.09699769053117784,
    "senior": 0.09699769053117784,
    "detailed": 0.09699769053117784,
    "although": 0.09699769053117784,
    "analysis": 0.09699769053117784,
    "annual report": 0.09699769053117784,
    "resulted": 0.09468822170900693,
    "practitioner": 0.09468822170900693,
    "Isles Scilly": 0.09468822170900693,
    "new": 0.09237875288683603,
    "supported": 0.09237875288683603,
    "regular": 0.09237875288683603,
    "neglect": 0.09237875288683603,
    "increased": 0.09006928406466513,
    "attendance": 0.09006928406466513,
    "relation": 0.08775981524249422,
    "risk": 0.08775981524249422,
    "finding": 0.08775981524249422,
    "tri borough": 0.08775981524249422,
    "currently": 0.08545034642032333,
    "monitoring": 0.08545034642032333,
    "front line": 0.08545034642032333,
    "Director Children": 0.08545034642032333,
    "case": 0.08314087759815242,
    "planning": 0.08083140877598152,
    "child": 0.08083140877598152,
    "joint": 0.08083140877598152,
    "resource": 0.08083140877598152,
    "feedback": 0.08083140877598152,
    "one": 0.08083140877598152,
    "engagement": 0.08083140877598152,
    "current": 0.08083140877598152,
    "enable": 0.08083140877598152,
    "established": 0.08083140877598152,
    "positive": 0.07852193995381063,
    "develop": 0.07852193995381063,
    "evaluation": 0.07852193995381063,
    "informed": 0.07852193995381063,
    "system": 0.07852193995381063,
    "individual": 0.07852193995381063,
    "commissioned": 0.07852193995381063,
    "governance arrangements": 0.07852193995381063,
    "areas improvement": 0.07852193995381063,
    "business plan": 0.07852193995381063,
    "high quality": 0.07852193995381063,
    "please telephone": 0.07852193995381063,
    "telephone email": 0.07852193995381063,
    "email enquiries": 0.07852193995381063,
    "regulates inspects": 0.07852193995381063,
    "shared": 0.07621247113163972,
    "taken": 0.07621247113163972,
    "developing": 0.07621247113163972,
    "based": 0.07621247113163972,
    "increase": 0.07621247113163972,
    "better": 0.07621247113163972,
    "influence": 0.07621247113163972,
    "Health Well": 0.07621247113163972,
    "commissioning": 0.07390300230946882,
    "priority": 0.07390300230946882,
    "view": 0.07390300230946882,
    "SCR": 0.07390300230946882,
    "account": 0.07390300230946882
}