{
    "care leaver": 1.0,
    "young people": 0.9331259720062208,
    "children": 0.5746500777604977,
    "service": 0.4595645412130638,
    "support": 0.37636080870917576,
    "local authority": 0.3429237947122862,
    "need": 0.2939346811819596,
    "good": 0.2869362363919129,
    "well": 0.2620528771384137,
    "work": 0.24961119751166408,
    "ensure": 0.2379471228615863,
    "plan": 0.22472783825816486,
    "social worker": 0.20762052877138415,
    "help": 0.18195956454121306,
    "effective": 0.16640746500777606,
    "provide": 0.16485225505443235,
    "including": 0.16329704510108864,
    "example": 0.15707620528771385,
    "team": 0.15552099533437014,
    "placement": 0.15552099533437014,
    "staff": 0.15241057542768274,
    "Board": 0.1500777604976672,
    "looked children": 0.14463452566096424,
    "appropriate": 0.13919129082426127,
    "children young": 0.13919129082426127,
    "foster carer": 0.12441679626749612,
    "review": 0.12363919129082426,
    "adopter": 0.12286158631415241,
    "adoption": 0.12052877138413685,
    "personal adviser": 0.11975116640746501,
    "practice": 0.11275272161741835,
    "quality": 0.11119751166407466,
    "assessment": 0.11119751166407466,
    "children looked": 0.11119751166407466,
    "However": 0.1104199066874028,
    "live": 0.10808709175738725,
    "case": 0.10730948678071539,
    "clear": 0.10653188180404355,
    "area": 0.10653188180404355,
    "include": 0.104199066874028,
    "information": 0.10342146189735614,
    "arrangement": 0.10186625194401244,
    "also": 0.10108864696734059,
    "young person": 0.10108864696734059,
    "currently": 0.09797822706065319,
    "use": 0.09797822706065319,
    "effectively": 0.09797822706065319,
    "time": 0.09642301710730948,
    "progress": 0.09642301710730948,
    "group": 0.09409020217729394,
    "training": 0.09331259720062209,
    "pathway plan": 0.09331259720062209,
    "risk": 0.09253499222395023,
    "child": 0.09253499222395023,
    "result": 0.09020217729393468,
    "improvement": 0.08864696734059098,
    "council": 0.08786936236391912,
    "learning": 0.08631415241057543,
    "report": 0.08631415241057543,
    "year": 0.08553654743390357,
    "within": 0.08553654743390357,
    "accommodation": 0.08475894245723173,
    "access": 0.08398133748055987,
    "meet": 0.08398133748055987,
    "carer": 0.08398133748055987,
    "one": 0.08320373250388803,
    "available": 0.08320373250388803,
    "identified": 0.08087091757387248,
    "provided": 0.08009331259720062,
    "place": 0.08009331259720062,
    "supported": 0.07931570762052877,
    "range": 0.07853810264385692,
    "make": 0.07620528771384137,
    "new": 0.07542768273716952,
    "performance": 0.07542768273716952,
    "worker": 0.07465007776049767,
    "impact": 0.07465007776049767,
    "sexual exploitation": 0.07387247278382582,
    "used": 0.07309486780715396,
    "local": 0.07231726283048212,
    "action": 0.07231726283048212,
    "view": 0.07231726283048212,
    "school": 0.07153965785381027,
    "manager": 0.07153965785381027,
    "level": 0.06998444790046657,
    "receive": 0.06998444790046657,
    "two": 0.06842923794712286,
    "planning": 0.06842923794712286,
    "challenge": 0.06842923794712286,
    "although": 0.06842923794712286,
    "made": 0.06765163297045101,
    "meeting": 0.06765163297045101,
    "education employment": 0.06687402799377916,
    "contact": 0.0660964230171073,
    "experience": 0.0660964230171073,
    "understand": 0.06531881804043546,
    "provision": 0.06531881804043546,
    "employment training": 0.06531881804043546,
    "leaving care": 0.0645412130637636,
    "improve": 0.06376360808709176,
    "authority": 0.06298600311041991,
    "take": 0.06298600311041991,
    "issue": 0.06298600311041991,
    "now": 0.06298600311041991,
    "programme": 0.06220839813374806,
    "recent": 0.06220839813374806,
    "robust": 0.061430793157076204,
    "timely": 0.060653188180404355,
    "health": 0.060653188180404355,
    "benefit": 0.059875583203732506,
    "process": 0.05909797822706065,
    "will": 0.05754276827371695,
    "strong": 0.05754276827371695,
    "offer": 0.05754276827371695,
    "virtual school": 0.05754276827371695,
    "opportunities": 0.056765163297045104,
    "development": 0.05598755832037325,
    "multi agency": 0.05598755832037325,
    "mean": 0.0552099533437014,
    "looked": 0.05443234836702955,
    "Recommendation": 0.053654743390357695,
    "relationship": 0.05287713841368585,
    "small number": 0.05287713841368585,
    "partner": 0.052099533437014,
    "day": 0.052099533437014,
    "child sexual": 0.052099533437014,
    "mental health": 0.05132192846034215,
    "apprenticeship": 0.05054432348367029,
    "current": 0.05054432348367029,
    "specialist": 0.05054432348367029,
    "option": 0.05054432348367029,
    "part": 0.05054432348367029,
    "early": 0.049766718506998445,
    "professional": 0.049766718506998445,
    "recently": 0.048989113530326596,
    "many": 0.048989113530326596,
    "improving": 0.048989113530326596,
    "enable": 0.048989113530326596,
    "panel": 0.048989113530326596,
    "housing": 0.04821150855365474,
    "regular": 0.04821150855365474,
    "additional": 0.04821150855365474,
    "delay": 0.04821150855365474,
    "focus": 0.04743390357698289,
    "skills": 0.04743390357698289,
    "positive": 0.04743390357698289,
    "health needs": 0.04743390357698289,
    "well supported": 0.04743390357698289,
    "regularly": 0.04665629860031104,
    "particularly": 0.04665629860031104,
    "yet": 0.04665629860031104,
    "improved": 0.04665629860031104,
    "target": 0.04665629860031104,
    "families": 0.045878693623639194,
    "comprehensive": 0.04510108864696734,
    "IRO": 0.04510108864696734,
    "received": 0.04432348367029549,
    "future": 0.04432348367029549,
    "attend": 0.04432348367029549,
    "increase": 0.04432348367029549,
    "national average": 0.04432348367029549,
    "senior manager": 0.04432348367029549,
    "always": 0.04354587869362364,
    "individual": 0.04354587869362364,
    "across": 0.04354587869362364,
    "know": 0.04354587869362364,
    "event": 0.04354587869362364,
    "LSCB": 0.04354587869362364,
    "national": 0.042768273716951785,
    "home": 0.042768273716951785,
    "working": 0.042768273716951785,
    "link": 0.042768273716951785,
    "appropriately": 0.042768273716951785,
    "key": 0.041990668740279936,
    "move": 0.041990668740279936,
    "considered": 0.041990668740279936,
    "undertaken": 0.041990668740279936,
    "living": 0.041990668740279936,
    "specific": 0.041990668740279936,
    "suitable accommodation": 0.041990668740279936,
    "health service": 0.04121306376360809,
    "adoption support": 0.04121306376360809,
    "dedicated": 0.04043545878693624,
    "parent": 0.04043545878693624,
    "audit": 0.04043545878693624,
    "support young": 0.04043545878693624,
    "demonstrate": 0.03965785381026438,
    "decision": 0.03965785381026438,
    "agencies": 0.03965785381026438,
    "evidence": 0.03965785381026438,
    "able": 0.03965785381026438,
    "inspection": 0.03965785381026438,
    "developed": 0.03965785381026438,
    "education training": 0.03965785381026438,
    "excellent": 0.038880248833592534,
    "ensuring": 0.038880248833592534,
    "CAMHS": 0.038880248833592534,
    "providing": 0.038880248833592534,
    "understanding": 0.038880248833592534,
    "concern": 0.038880248833592534
}