{
    "young people": 1.0,
    "children": 0.8149171270718232,
    "local authority": 0.6657458563535912,
    "service": 0.6565377532228361,
    "care leaver": 0.6049723756906077,
    "support": 0.47513812154696133,
    "Board": 0.4677716390423573,
    "children young": 0.45027624309392267,
    "ensure": 0.3867403314917127,
    "social worker": 0.3830570902394107,
    "work": 0.3775322283609576,
    "well": 0.3287292817679558,
    "adopter": 0.32228360957642727,
    "example": 0.30939226519337015,
    "good": 0.30386740331491713,
    "need": 0.30386740331491713,
    "plan": 0.292817679558011,
    "effective": 0.289134438305709,
    "including": 0.2716390423572744,
    "LSCB": 0.26795580110497236,
    "practice": 0.26151012891344383,
    "provide": 0.2587476979742173,
    "adoption": 0.2532228360957643,
    "looked children": 0.23664825046040516,
    "placement": 0.23204419889502761,
    "assessment": 0.21915285451197053,
    "child": 0.2154696132596685,
    "staff": 0.2154696132596685,
    "clear": 0.20534069981583794,
    "include": 0.20349907918968693,
    "multi agency": 0.20349907918968693,
    "appropriate": 0.20257826887661143,
    "group": 0.19797421731123388,
    "effectively": 0.19152854511970535,
    "children looked": 0.1878453038674033,
    "performance": 0.17955801104972377,
    "training": 0.1712707182320442,
    "team": 0.1685082872928177,
    "sexual exploitation": 0.16666666666666666,
    "within": 0.16482504604051565,
    "area": 0.16298342541436464,
    "use": 0.16022099447513813,
    "information": 0.16022099447513813,
    "identified": 0.15837937384898712,
    "also": 0.1574585635359116,
    "report": 0.15561694290976058,
    "However": 0.15469613259668508,
    "challenge": 0.15377532228360957,
    "currently": 0.15377532228360957,
    "meeting": 0.15285451197053407,
    "result": 0.15101289134438306,
    "review": 0.1464088397790055,
    "progress": 0.14548802946593,
    "quality": 0.1427255985267035,
    "strong": 0.1427255985267035,
    "improvement": 0.13996316758747698,
    "foster carer": 0.13996316758747698,
    "child sexual": 0.13812154696132597,
    "arrangement": 0.13720073664825047,
    "agencies": 0.13351749539594843,
    "meet": 0.13259668508287292,
    "issue": 0.13167587476979742,
    "comprehensive": 0.13075506445672191,
    "although": 0.1279926335174954,
    "robust": 0.1279926335174954,
    "process": 0.1261510128913444,
    "learning": 0.1261510128913444,
    "across": 0.12430939226519337,
    "adoption support": 0.12430939226519337,
    "used": 0.12154696132596685,
    "panel": 0.11970534069981584,
    "supported": 0.11878453038674033,
    "priorities": 0.11878453038674033,
    "range": 0.11786372007366483,
    "recent": 0.11602209944751381,
    "manager": 0.11602209944751381,
    "school": 0.11602209944751381,
    "one": 0.1151012891344383,
    "level": 0.1151012891344383,
    "now": 0.1151012891344383,
    "impact": 0.1141804788213628,
    "timely": 0.1141804788213628,
    "children families": 0.1132596685082873,
    "provided": 0.11233885819521179,
    "focus": 0.11141804788213629,
    "families": 0.10865561694290976,
    "time": 0.10865561694290976,
    "case": 0.10865561694290976,
    "receive": 0.10865561694290976,
    "council": 0.10865561694290976,
    "prospective adopter": 0.10865561694290976,
    "childrens service": 0.10865561694290976,
    "provision": 0.10773480662983426,
    "social work": 0.10773480662983426,
    "two": 0.10681399631675875,
    "child protection": 0.10405156537753223,
    "risk": 0.10313075506445672,
    "Safeguarding Children": 0.10313075506445672,
    "live": 0.10220994475138122,
    "gov uk": 0.10220994475138122,
    "recently": 0.10128913443830571,
    "audit": 0.10128913443830571,
    "access": 0.1003683241252302,
    "led": 0.09852670349907919,
    "development": 0.09852670349907919,
    "new": 0.09760589318600368,
    "approach": 0.09668508287292818,
    "made": 0.09668508287292818,
    "programme": 0.09668508287292818,
    "senior manager": 0.09668508287292818,
    "help": 0.09576427255985268,
    "case review": 0.09576427255985268,
    "improved": 0.09484346224677716,
    "delay": 0.09484346224677716,
    "view": 0.09392265193370165,
    "carer": 0.09300184162062615,
    "ofsted gov": 0.09300184162062615,
    "appropriately": 0.09208103130755065,
    "recommendation": 0.09116022099447514,
    "response": 0.09116022099447514,
    "ensuring": 0.09116022099447514,
    "professional": 0.09116022099447514,
    "early help": 0.09116022099447514,
    "early": 0.09023941068139964,
    "develop": 0.09023941068139964,
    "year": 0.08931860036832412,
    "improving": 0.08931860036832412,
    "will": 0.08931860036832412,
    "improve": 0.08839779005524862,
    "make": 0.08839779005524862,
    "developed": 0.08839779005524862,
    "experience": 0.08747697974217311,
    "understanding": 0.08747697974217311,
    "benefit": 0.08747697974217311,
    "chair": 0.0865561694290976,
    "worker": 0.0865561694290976,
    "undertaken": 0.0865561694290976,
    "working": 0.0865561694290976,
    "evidence": 0.0865561694290976,
    "planning": 0.0856353591160221,
    "data": 0.0856353591160221,
    "role": 0.0847145488029466,
    "available": 0.0847145488029466,
    "good quality": 0.0847145488029466,
    "outcomes children": 0.0847145488029466,
    "scrutiny": 0.08379373848987108,
    "high quality": 0.08379373848987108,
    "contact": 0.08287292817679558,
    "Children Board": 0.08195211786372007,
    "place": 0.08103130755064457,
    "current": 0.08103130755064457,
    "quality assurance": 0.08103130755064457,
    "increase": 0.08011049723756906,
    "link": 0.08011049723756906,
    "Local Safeguarding": 0.08011049723756906,
    "partner agencies": 0.08011049723756906,
    "number": 0.07918968692449356,
    "offer": 0.07918968692449356,
    "partner": 0.07918968692449356,
    "social care": 0.07918968692449356,
    "take": 0.07826887661141804,
    "mean": 0.07826887661141804,
    "enable": 0.07826887661141804,
    "member": 0.07826887661141804,
    "people families": 0.07826887661141804,
    "particularly": 0.07734806629834254,
    "accommodation": 0.07734806629834254,
    "sub group": 0.07734806629834254,
    "strategy": 0.07642725598526703,
    "additional": 0.07642725598526703,
    "positive": 0.07550644567219153,
    "day": 0.07550644567219153,
    "action": 0.07458563535911603,
    "analysis": 0.07366482504604052,
    "family finding": 0.07366482504604052,
    "increased": 0.072744014732965,
    "strategic": 0.072744014732965,
    "routinely": 0.0718232044198895,
    "three": 0.070902394106814,
    "change": 0.070902394106814,
    "detailed": 0.06998158379373849,
    "key": 0.06998158379373849,
    "action plan": 0.06998158379373849,
    "regular": 0.06906077348066299,
    "IRO": 0.06906077348066299,
    "parent": 0.06906077348066299,
    "event": 0.06813996316758748,
    "received": 0.06721915285451197,
    "attendance": 0.06721915285451197,
    "relation": 0.06721915285451197,
    "recruitment": 0.06629834254143646,
    "supervision": 0.06629834254143646,
    "partnership": 0.06629834254143646,
    "monitoring": 0.06629834254143646,
    "children placed": 0.06629834254143646,
    "serious case": 0.06629834254143646,
    "successful": 0.06537753222836096,
    "specific": 0.06537753222836096,
    "system": 0.06537753222836096,
    "resulted": 0.06537753222836096
}