{
    "young people": 1.0,
    "children young": 0.8407960199004975,
    "local authority": 0.5522388059701493,
    "service": 0.46766169154228854,
    "people families": 0.26865671641791045,
    "Safeguarding Children": 0.263681592039801,
    "practice": 0.2537313432835821,
    "Children Board": 0.24129353233830847,
    "Local Safeguarding": 0.236318407960199,
    "good": 0.22388059701492538,
    "Board": 0.208955223880597,
    "carried section": 0.20398009950248755,
    "review Local": 0.20398009950248755,
    "inspection local": 0.20149253731343283,
    "section Education": 0.19900497512437812,
    "Education Inspections": 0.19900497512437812,
    "Inspections Act": 0.19900497512437812,
    "ensure": 0.19154228855721392,
    "example": 0.1865671641791045,
    "support": 0.14925373134328357,
    "experiences children": 0.1318407960199005,
    "training": 0.12189054726368159,
    "need help": 0.12189054726368159,
    "help protection": 0.12189054726368159,
    "challenge": 0.11940298507462686,
    "help care": 0.11940298507462686,
    "help protect": 0.11940298507462686,
    "case file": 0.11940298507462686,
    "development": 0.11691542288557213,
    "people looked": 0.11691542288557213,
    "multi agency": 0.11691542288557213,
    "including": 0.11442786069651742,
    "group": 0.11442786069651742,
    "ofsted gov": 0.11194029850746269,
    "gov uk": 0.11194029850746269,
    "authority knows": 0.10945273631840796,
    "effective": 0.10696517412935323,
    "clear": 0.10696517412935323,
    "knows well": 0.10696517412935323,
    "looked children": 0.10696517412935323,
    "LSCB": 0.1044776119402985,
    "quality work": 0.1044776119402985,
    "work families": 0.1044776119402985,
    "includes children": 0.10199004975124377,
    "leaving care": 0.10199004975124377,
    "professional staff": 0.10199004975124377,
    "staff work": 0.10199004975124377,
    "given children": 0.10199004975124377,
    "difference making": 0.10199004975124377,
    "Children Act": 0.10199004975124377,
    "priorities": 0.09950248756218906,
    "Inspectors looked": 0.09950248756218906,
    "looked closely": 0.09950248756218906,
    "closely experiences": 0.09950248756218906,
    "needed still": 0.09950248756218906,
    "still need": 0.09950248756218906,
    "looked young": 0.09950248756218906,
    "people leaving": 0.09950248756218906,
    "care starting": 0.09950248756218906,
    "starting lives": 0.09950248756218906,
    "lives young": 0.09950248756218906,
    "young adults": 0.09950248756218906,
    "adults Inspectors": 0.09950248756218906,
    "Inspectors considered": 0.09950248756218906,
    "considered quality": 0.09950248756218906,
    "work difference": 0.09950248756218906,
    "adults make": 0.09950248756218906,
    "make lives": 0.09950248756218906,
    "lives children": 0.09950248756218906,
    "families read": 0.09950248756218906,
    "read case": 0.09950248756218906,
    "files watched": 0.09950248756218906,
    "watched professional": 0.09950248756218906,
    "families discussed": 0.09950248756218906,
    "discussed effectiveness": 0.09950248756218906,
    "effectiveness help": 0.09950248756218906,
    "care given": 0.09950248756218906,
    "Wherever possible": 0.09950248756218906,
    "possible talked": 0.09950248756218906,
    "talked children": 0.09950248756218906,
    "families addition": 0.09950248756218906,
    "addition inspectors": 0.09950248756218906,
    "inspectors tried": 0.09950248756218906,
    "tried understand": 0.09950248756218906,
    "understand local": 0.09950248756218906,
    "well performing": 0.09950248756218906,
    "performing well": 0.09950248756218906,
    "well difference": 0.09950248756218906,
    "making people": 0.09950248756218906,
    "people trying": 0.09950248756218906,
    "trying help": 0.09950248756218906,
    "protect look": 0.09950248756218906,
    "look inspection": 0.09950248756218906,
    "authority carried": 0.09950248756218906,
    "Act review": 0.09950248756218906,
    "Board carried": 0.09950248756218906,
    "section 15A": 0.09950248756218906,
    "15A Children": 0.09950248756218906,
    "Act Ofsted": 0.09950248756218906,
    "Ofsted produces": 0.09950248756218906,
    "produces report": 0.09950248756218906,
    "report inspection": 0.09950248756218906,
    "authority functions": 0.09950248756218906,
    "functions review": 0.09950248756218906,
    "Board power": 0.09950248756218906,
    "power combine": 0.09950248756218906,
    "combine reports": 0.09950248756218906,
    "reports accordance": 0.09950248756218906,
    "accordance section": 0.09950248756218906,
    "people needed": 0.09701492537313433,
    "people Wherever": 0.09701492537313433,
    "case review": 0.09701492537313433,
    "performance": 0.0945273631840796,
    "area": 0.0945273631840796,
    "protection also": 0.0945273631840796,
    "care children": 0.0945273631840796,
    "agencies": 0.09203980099502487,
    "progress": 0.09203980099502487,
    "plan": 0.09203980099502487,
    "difference adults": 0.09203980099502487,
    "also includes": 0.09203980099502487,
    "child protection": 0.09203980099502487,
    "partnership": 0.08955223880597014,
    "across": 0.08955223880597014,
    "strategy": 0.08955223880597014,
    "learning": 0.08955223880597014,
    "level": 0.08208955223880597,
    "issue": 0.08208955223880597,
    "social worker": 0.08208955223880597,
    "assessment": 0.07960199004975124,
    "effectively": 0.07960199004975124,
    "identified": 0.07960199004975124,
    "Act Inspectors": 0.07960199004975124,
    "arrangements": 0.07711442786069651,
    "member": 0.07711442786069651,
    "strategic": 0.07711442786069651,
    "led": 0.07711442786069651,
    "use": 0.07711442786069651,
    "across partnership": 0.07711442786069651,
    "action": 0.07462686567164178,
    "strong": 0.07462686567164178,
    "within": 0.07462686567164178,
    "workforce": 0.07462686567164178,
    "improvement": 0.07462686567164178,
    "outcomes children": 0.07462686567164178,
    "serious case": 0.07462686567164178,
    "range": 0.07213930348258707,
    "audit": 0.07213930348258707,
    "social work": 0.07213930348258707,
    "meet": 0.06965174129353234,
    "role": 0.06965174129353234,
    "appropriate": 0.06716417910447761,
    "care leaver": 0.06716417910447761,
    "enquiries ofsted": 0.06716417910447761,
    "team": 0.06467661691542288,
    "independent chair": 0.06467661691542288,
    "sexual exploitation": 0.06467661691542288,
    "focus": 0.06218905472636816,
    "comprehensive": 0.06218905472636816,
    "informed": 0.06218905472636816,
    "meeting": 0.06218905472636816,
    "SCR": 0.06218905472636816,
    "early help": 0.06218905472636816,
    "work": 0.05970149253731343,
    "improving": 0.05970149253731343,
    "chair": 0.05970149253731343,
    "manager": 0.05970149253731343,
    "provide": 0.05970149253731343,
    "social care": 0.05970149253731343,
    "safeguarded promoted": 0.05970149253731343,
    "Council": 0.05721393034825871,
    "scrutiny": 0.05721393034825871,
    "link": 0.05721393034825871,
    "number": 0.05472636815920398,
    "ESSCB": 0.05472636815920398,
    "areas improvement": 0.05472636815920398,
    "planning": 0.05223880597014925,
    "commitment": 0.05223880597014925,
    "understanding": 0.05223880597014925,
    "inform": 0.05223880597014925,
    "key": 0.05223880597014925,
    "result": 0.05223880597014925,
    "missing": 0.05223880597014925,
    "partner": 0.05223880597014925,
    "evidence": 0.05223880597014925,
    "requires improvement": 0.05223880597014925,
    "effectiveness local": 0.05223880597014925,
    "working": 0.04975124378109453,
    "improved": 0.04975124378109453,
    "Health": 0.04975124378109453,
    "commissioning": 0.04975124378109453,
    "now": 0.04975124378109453,
    "ensuring": 0.04975124378109453,
    "annual report": 0.04975124378109453,
    "place": 0.0472636815920398,
    "improve": 0.0472636815920398,
    "However": 0.0472636815920398,
    "detailed": 0.0472636815920398,