{
    "Board": 1.0,
    "young people": 0.9303621169916435,
    "children young": 0.6963788300835655,
    "local authority": 0.532033426183844,
    "work": 0.47075208913649025,
    "service": 0.4596100278551532,
    "LSCB": 0.4206128133704735,
    "ensure": 0.415041782729805,
    "practice": 0.4011142061281337,
    "example": 0.34540389972144847,
    "multi agency": 0.30919220055710306,
    "well": 0.28133704735376047,
    "group": 0.27298050139275765,
    "Safeguarding Children": 0.27019498607242337,
    "challenge": 0.26740947075208915,
    "development": 0.2479108635097493,
    "need": 0.24512534818941503,
    "gov uk": 0.24512534818941503,
    "good": 0.24233983286908078,
    "training": 0.23676880222841226,
    "staff": 0.23676880222841226,
    "including": 0.23676880222841226,
    "ofsted gov": 0.22841225626740946,
    "Children Board": 0.22562674094707522,
    "Local Safeguarding": 0.21727019498607242,
    "area": 0.21448467966573817,
    "clear": 0.2116991643454039,
    "sexual exploitation": 0.20891364902506965,
    "support": 0.20612813370473537,
    "agencies": 0.20334261838440112,
    "plan": 0.20055710306406685,
    "chair": 0.1977715877437326,
    "audit": 0.1977715877437326,
    "use": 0.1894150417827298,
    "effectively": 0.18662952646239556,
    "case review": 0.18662952646239556,
    "strategy": 0.18384401114206128,
    "identified": 0.18384401114206128,
    "issue": 0.181058495821727,
    "child sexual": 0.181058495821727,
    "priorities": 0.17827298050139276,
    "effective": 0.17270194986072424,
    "report": 0.16991643454038996,
    "include": 0.16434540389972144,
    "level": 0.1615598885793872,
    "member": 0.1615598885793872,
    "care children": 0.1615598885793872,
    "social worker": 0.1615598885793872,
    "people families": 0.15877437325905291,
    "child protection": 0.15877437325905291,
    "across": 0.15598885793871867,
    "social care": 0.15598885793871867,
    "looked children": 0.15598885793871867,
    "partnership": 0.14763231197771587,
    "progress": 0.14763231197771587,
    "early help": 0.14484679665738162,
    "learning": 0.14206128133704735,
    "provide": 0.14206128133704735,
    "serious case": 0.14206128133704735,
    "enquiries ofsted": 0.14206128133704735,
    "Childrens Service": 0.14206128133704735,
    "partner": 0.1392757660167131,
    "meeting": 0.1392757660167131,
    "quality": 0.1392757660167131,
    "appropriate": 0.13649025069637882,
    "led": 0.13649025069637882,
    "partner agencies": 0.13649025069637882,
    "action": 0.13370473537604458,
    "focus": 0.1309192200557103,
    "scrutiny": 0.12813370473537605,
    "number": 0.12813370473537605,
    "strong": 0.12813370473537605,
    "action plan": 0.12813370473537605,
    "arrangements": 0.12534818941504178,
    "However": 0.12534818941504178,
    "performance": 0.12534818941504178,
    "manager": 0.12534818941504178,
    "sub group": 0.12534818941504178,
    "care leaver": 0.12256267409470752,
    "within": 0.11977715877437325,
    "role": 0.11977715877437325,
    "quality assurance": 0.11977715877437325,
    "safeguarding": 0.116991643454039,
    "recent": 0.116991643454039,
    "data": 0.116991643454039,
    "range": 0.116991643454039,
    "process": 0.116991643454039,
    "impact": 0.11420612813370473,
    "requires improvement": 0.11420612813370473,
    "outcomes children": 0.11420612813370473,
    "across partnership": 0.11142061281337047,
    "link": 0.10863509749303621,
    "recently": 0.10863509749303621,
    "robust": 0.10863509749303621,
    "information": 0.10584958217270195,
    "also": 0.10584958217270195,
    "meet": 0.10584958217270195,
    "comprehensive": 0.10584958217270195,
    "annual report": 0.10584958217270195,
    "social work": 0.10584958217270195,
    "strategic": 0.10306406685236769,
    "response": 0.10306406685236769,
    "developed": 0.10306406685236769,
    "assessment": 0.10306406685236769,
    "CSE": 0.10306406685236769,
    "Chief Executive": 0.10306406685236769,
    "police": 0.10027855153203342,
    "safeguarded promoted": 0.10027855153203342,
    "council": 0.09749303621169916,
    "working": 0.09749303621169916,
    "senior manager": 0.09749303621169916,
    "evidence": 0.0947075208913649,
    "although": 0.0947075208913649,
    "team": 0.0947075208913649,
    "year": 0.0947075208913649,
    "health": 0.0947075208913649,
    "independent chair": 0.0947075208913649,
    "please telephone": 0.0947075208913649,
    "telephone email": 0.0947075208913649,
    "email enquiries": 0.0947075208913649,
    "regulates inspects": 0.0947075208913649,
    "areas improvement": 0.0947075208913649,
    "ensuring": 0.09192200557103064,
    "workforce": 0.09192200557103064,
    "now": 0.09192200557103064,
    "understanding": 0.09192200557103064,
    "increase": 0.09192200557103064,
    "SCR": 0.09192200557103064,
    "business plan": 0.09192200557103064,
    "uk ofsted": 0.09192200557103064,
    "review": 0.08913649025069638,
    "used": 0.08913649025069638,
    "inform": 0.08913649025069638,
    "professional": 0.08913649025069638,
    "improving": 0.08913649025069638,
    "finding": 0.08913649025069638,
    "commitment": 0.08635097493036212,
    "key": 0.08635097493036212,
    "currently": 0.08635097493036212,
    "monitoring": 0.08635097493036212,
    "referral": 0.08635097493036212,
    "approach": 0.08635097493036212,
    "child death": 0.08635097493036212,
    "childrens social": 0.08635097493036212,
    "account": 0.08356545961002786,
    "develop": 0.08356545961002786,
    "one": 0.08356545961002786,
    "senior": 0.08356545961002786,
    "commissioning": 0.08356545961002786,
    "arrangements place": 0.08356545961002786,
    "children families": 0.08356545961002786,
    "influence": 0.0807799442896936,
    "place": 0.0807799442896936,
    "developing": 0.0807799442896936,
    "programme": 0.0807799442896936,
    "analysis": 0.0807799442896936,
    "undertaken": 0.0807799442896936,
    "significant": 0.0807799442896936,
    "informed": 0.0807799442896936,
    "Recommendation": 0.07799442896935933,
    "supported": 0.07799442896935933,
    "relation": 0.07799442896935933,
    "priority": 0.07799442896935933,
    "improved": 0.07799442896935933,
    "supervision": 0.07799442896935933,
    "domestic abuse": 0.07799442896935933,
    "Board good": 0.07799442896935933,
    "school": 0.07520891364902507,
    "detailed": 0.07520891364902507,
    "management": 0.07520891364902507,
    "current": 0.07520891364902507,
    "improve": 0.07520891364902507,
    "Health Wellbeing": 0.07520891364902507,
    "good Local": 0.07520891364902507,
    "front line": 0.07520891364902507,
    "agenda": 0.07242339832869081,
    "oversight": 0.07242339832869081,
    "threshold": 0.07242339832869081,
    "provided": 0.07242339832869081,
    "experiences children": 0.07242339832869081,
    "Wellbeing Board": 0.07242339832869081,
    "looked care": 0.07242339832869081,
    "effectiveness local": 0.07242339832869081,
    "attendance": 0.06963788300835655,
    "effective services": 0.06963788300835655,
    "protection care": 0.06963788300835655,
    "high quality": 0.06963788300835655,
    "authority lead": 0.06963788300835655,
    "child": 0.06685236768802229,
    "increased": 0.06685236768802229,
    "better": 0.06685236768802229,
    "Children Family": 0.06685236768802229,
    "corporate parenting": 0.06685236768802229,
    "performance management": 0.06685236768802229,
    "leavers welfare": 0.06685236768802229,
    "welfare safeguarded": 0.06685236768802229,
    "widespread serious": 0.06685236768802229,
    "serious failures": 0.06685236768802229,
    "failures create": 0.06685236768802229,
    "create leave": 0.06685236768802229
}