{
    "children": 1.0,
    "young people": 0.8225352112676056,
    "local authority": 0.7605633802816901,
    "service": 0.7098591549295775,
    "good": 0.5915492957746479,
    "children young": 0.5549295774647888,
    "support": 0.49295774647887325,
    "ensure": 0.476056338028169,
    "care leaver": 0.36338028169014086,
    "need": 0.35774647887323946,
    "social worker": 0.35774647887323946,
    "plan": 0.30140845070422534,
    "effective": 0.29577464788732394,
    "assessment": 0.28450704225352114,
    "well": 0.27605633802816903,
    "post since": 0.2507042253521127,
    "work": 0.24225352112676057,
    "risk": 0.2084507042253521,
    "looked children": 0.18591549295774648,
    "LSCB": 0.18309859154929578,
    "live": 0.18028169014084508,
    "children looked": 0.18028169014084508,
    "arrangement": 0.17746478873239438,
    "Safeguarding Children": 0.17183098591549295,
    "childrens service": 0.17183098591549295,
    "families": 0.16338028169014085,
    "children families": 0.16056338028169015,
    "school": 0.15774647887323945,
    "care": 0.15492957746478872,
    "clear": 0.15492957746478872,
    "example": 0.15492957746478872,
    "Local Safeguarding": 0.15492957746478872,
    "improvement": 0.15211267605633802,
    "Children Board": 0.15211267605633802,
    "social work": 0.15211267605633802,
    "planning": 0.14929577464788732,
    "family": 0.14929577464788732,
    "child": 0.14366197183098592,
    "training": 0.14084507042253522,
    "use": 0.14084507042253522,
    "child protection": 0.14084507042253522,
    "robust": 0.13802816901408452,
    "receive": 0.13802816901408452,
    "including": 0.13802816901408452,
    "progress": 0.13802816901408452,
    "learning": 0.13802816901408452,
    "sexual exploitation": 0.13802816901408452,
    "strong": 0.1352112676056338,
    "Gateshead": 0.1352112676056338,
    "council": 0.1295774647887324,
    "provide": 0.1267605633802817,
    "adoption": 0.1267605633802817,
    "team": 0.12394366197183099,
    "include": 0.12394366197183099,
    "within": 0.12394366197183099,
    "identified": 0.12112676056338029,
    "effectively": 0.12112676056338029,
    "practice": 0.12112676056338029,
    "Information": 0.11830985915492957,
    "one": 0.11830985915492957,
    "performance": 0.10985915492957747,
    "improving": 0.10985915492957747,
    "result": 0.10985915492957747,
    "people families": 0.10985915492957747,
    "timely": 0.10704225352112676,
    "agencies": 0.10704225352112676,
    "place": 0.10704225352112676,
    "group": 0.10704225352112676,
    "staff": 0.10422535211267606,
    "early help": 0.10422535211267606,
    "action": 0.10140845070422536,
    "supported": 0.10140845070422536,
    "experience": 0.10140845070422536,
    "case": 0.10140845070422536,
    "right": 0.10140845070422536,
    "time": 0.09859154929577464,
    "outcome": 0.09859154929577464,
    "manager": 0.09859154929577464,
    "review": 0.09577464788732394,
    "director childrens": 0.09577464788732394,
    "social care": 0.09577464788732394,
    "foster carer": 0.09577464788732394,
    "health": 0.09295774647887324,
    "improve": 0.09295774647887324,
    "seen": 0.09295774647887324,
    "focus": 0.09295774647887324,
    "However": 0.09014084507042254,
    "appropriate": 0.09014084507042254,
    "multi agency": 0.09014084507042254,
    "Inspection judgement": 0.09014084507042254,
    "impact": 0.08732394366197183,
    "access": 0.08732394366197183,
    "parent": 0.08732394366197183,
    "quality": 0.08450704225352113,
    "better": 0.08450704225352113,
    "help": 0.08450704225352113,
    "number": 0.08450704225352113,
    "provision": 0.08450704225352113,
    "change": 0.08450704225352113,
    "programme": 0.08450704225352113,
    "need improve": 0.08450704225352113,
    "child sexual": 0.08450704225352113,
    "range": 0.08169014084507042,
    "decision": 0.08169014084507042,
    "HMI": 0.08169014084507042,
    "adopter": 0.08169014084507042,
    "placement": 0.08169014084507042,
    "inspection local": 0.08169014084507042,
    "improved": 0.07887323943661972,
    "response": 0.07887323943661972,
    "meeting": 0.07887323943661972,
    "LSCB post": 0.07887323943661972,
    "good quality": 0.07887323943661972,
    "partnership": 0.07605633802816901,
    "across": 0.07605633802816901,
    "used": 0.07605633802816901,
    "know": 0.07605633802816901,
    "partner": 0.07605633802816901,
    "Information local": 0.07605633802816901,
    "development": 0.07323943661971831,
    "early": 0.07323943661971831,
    "made": 0.07323943661971831,
    "home": 0.07323943661971831,
    "available": 0.07323943661971831,
    "currently": 0.07323943661971831,
    "ensuring": 0.07323943661971831,
    "DCS post": 0.07323943661971831,
    "authority Summary": 0.07323943661971831,
    "senior managers": 0.07323943661971831,
    "meet": 0.07042253521126761,
    "inform": 0.07042253521126761,
    "together": 0.07042253521126761,
    "challenge": 0.07042253521126761,
    "view": 0.07042253521126761,
    "process": 0.0676056338028169,
    "concern": 0.0676056338028169,
    "always": 0.0676056338028169,
    "professional": 0.0676056338028169,
    "system": 0.0676056338028169,
    "quickly": 0.0676056338028169,
    "take": 0.0676056338028169,
    "authority need": 0.0676056338028169,
    "help protection": 0.0676056338028169,
    "looked": 0.0647887323943662,
    "strategic": 0.0647887323943662,
    "level": 0.0647887323943662,
    "relationship": 0.0647887323943662,
    "offer": 0.0647887323943662,
    "Information inspection": 0.0647887323943662,
    "need help": 0.0647887323943662,
    "leaving care": 0.0647887323943662,
    "outcomes children": 0.0647887323943662,
    "year": 0.061971830985915494,
    "providing": 0.061971830985915494,
    "individual": 0.061971830985915494,
    "safe": 0.061971830985915494,
    "increased": 0.061971830985915494,
    "analysis": 0.061971830985915494,
    "additional": 0.061971830985915494,
    "findings local": 0.061971830985915494,
    "section Education": 0.061971830985915494,
    "delay": 0.059154929577464786,
    "adopted": 0.059154929577464786,
    "provided": 0.059154929577464786,
    "regular": 0.059154929577464786,
    "make": 0.059154929577464786,
    "based": 0.059154929577464786,
    "understood": 0.059154929577464786,
    "approach": 0.059154929577464786,
    "worker": 0.059154929577464786,
    "new": 0.059154929577464786,
    "contact": 0.059154929577464786,
    "Board LSCB": 0.059154929577464786,
    "make sure": 0.059154929577464786,
    "positive": 0.056338028169014086,
    "working": 0.056338028169014086,
    "issues": 0.056338028169014086,
    "although": 0.056338028169014086,
    "statutory": 0.056338028169014086,
    "targeted": 0.056338028169014086,
    "guidance": 0.056338028169014086,
    "workforce": 0.056338028169014086,
    "threshold": 0.056338028169014086,
    "day": 0.056338028169014086,
    "services DCS": 0.056338028169014086,
    "authority area": 0.056338028169014086,
    "carried section": 0.056338028169014086,
    "Education Inspections": 0.056338028169014086,
    "Inspections Act": 0.056338028169014086,
    "inspection team": 0.056338028169014086,
    "now": 0.05352112676056338,
    "police": 0.05352112676056338,
    "monitoring": 0.05352112676056338,
    "regularly": 0.05352112676056338,
    "two": 0.05352112676056338,
    "appropriately": 0.05352112676056338,
    "national": 0.05352112676056338,
    "comprehensive": 0.05352112676056338,
    "many": 0.05352112676056338,
    "Areas improvement": 0.05352112676056338
}