{
    "young people": 1.0,
    "children young": 0.8726591760299626,
    "schools national": 0.7340823970037453,
    "national average": 0.7228464419475655,
    "service": 0.4307116104868914,
    "ethnic group": 0.3895131086142322,
    "local authority": 0.38202247191011235,
    "proportion children": 0.37453183520599254,
    "minority ethnic": 0.37453183520599254,
    "primary schools": 0.3707865168539326,
    "secondary schools": 0.3707865168539326,
    "LSCB": 0.352059925093633,
    "children living": 0.3408239700374532,
    "average secondary": 0.33707865168539325,
    "good": 0.299625468164794,
    "support": 0.29213483146067415,
    "need": 0.2247191011235955,
    "care leaver": 0.21722846441947566,
    "effective": 0.20973782771535582,
    "plan": 0.20224719101123595,
    "well": 0.1947565543071161,
    "assessment": 0.19101123595505617,
    "English additional": 0.19101123595505617,
    "additional language": 0.19101123595505617,
    "work": 0.18726591760299627,
    "Approximately children": 0.18726591760299627,
    "free school": 0.18726591760299627,
    "total population": 0.18352059925093633,
    "Approximately local": 0.18352059925093633,
    "authoritys children": 0.18352059925093633,
    "children entitled": 0.18352059925093633,
    "entitled free": 0.18352059925093633,
    "school meals": 0.18352059925093633,
    "groups account": 0.18352059925093633,
    "living area": 0.18352059925093633,
    "Gateshead": 0.1797752808988764,
    "age years": 0.1797752808988764,
    "population area": 0.1797752808988764,
    "meals primary": 0.1797752808988764,
    "average Children": 0.1797752808988764,
    "account children": 0.1797752808988764,
    "compared country": 0.1797752808988764,
    "largest minority": 0.1797752808988764,
    "people age": 0.1797752808988764,
    "people minority": 0.1797752808988764,
    "years live": 0.1760299625468165,
    "area Approximately": 0.1760299625468165,
    "area compared": 0.1760299625468165,
    "country whole": 0.1760299625468165,
    "language primary": 0.1760299625468165,
    "groups children": 0.17228464419475656,
    "people area": 0.17228464419475656,
    "care": 0.15730337078651685,
    "ensure": 0.15730337078651685,
    "whole largest": 0.15730337078651685,
    "training": 0.149812734082397,
    "children looked": 0.14232209737827714,
    "social worker": 0.13857677902621723,
    "robust": 0.1348314606741573,
    "people English": 0.1348314606741573,
    "council": 0.13108614232209737,
    "living poverty": 0.13108614232209737,
    "poverty proportion": 0.13108614232209737,
    "case": 0.12734082397003746,
    "within": 0.12734082397003746,
    "quality": 0.1198501872659176,
    "clear": 0.1198501872659176,
    "risk": 0.1198501872659176,
    "arrangement": 0.1198501872659176,
    "one": 0.11610486891385768,
    "authority given": 0.11610486891385768,
    "given opportunity": 0.11610486891385768,
    "opportunity review": 0.11610486891385768,
    "review section": 0.11610486891385768,
    "section report": 0.11610486891385768,
    "report updated": 0.11610486891385768,
    "updated local": 0.11610486891385768,
    "local unvalidated": 0.11610486891385768,
    "unvalidated data": 0.11610486891385768,
    "data available": 0.11610486891385768,
    "family": 0.11235955056179775,
    "live": 0.10861423220973783,
    "including": 0.10861423220973783,
    "progress": 0.10861423220973783,
    "Asian British": 0.10861423220973783,
    "health": 0.10486891385767791,
    "agencies": 0.10486891385767791,
    "Asian Asian": 0.10486891385767791,
    "families": 0.10112359550561797,
    "learning": 0.10112359550561797,
    "adoption": 0.10112359550561797,
    "team": 0.10112359550561797,
    "example": 0.10112359550561797,
    "information": 0.09737827715355805,
    "identified": 0.09737827715355805,
    "help": 0.09363295880149813,
    "However": 0.09363295880149813,
    "include": 0.09363295880149813,
    "inspection": 0.0898876404494382,
    "use": 0.0898876404494382,
    "improvement": 0.08614232209737828,
    "education": 0.08614232209737828,
    "performance": 0.08614232209737828,
    "currently": 0.08614232209737828,
    "outcome": 0.08614232209737828,
    "appropriate": 0.08239700374531835,
    "seen": 0.08239700374531835,
    "area Asian": 0.08239700374531835,
    "child": 0.07865168539325842,
    "place": 0.07865168539325842,
    "practice": 0.07865168539325842,
    "adopter": 0.07865168539325842,
    "timely": 0.0749063670411985,
    "supported": 0.0749063670411985,
    "result": 0.0749063670411985,
    "sexual exploitation": 0.0749063670411985,
    "focus": 0.07116104868913857,
    "challenge": 0.07116104868913857,
    "adult": 0.07116104868913857,
    "experience": 0.07116104868913857,
    "staff": 0.07116104868913857,
    "planning": 0.07116104868913857,
    "inspector": 0.07116104868913857,
    "average Approximately": 0.07116104868913857,
    "foster carer": 0.07116104868913857,
    "meet": 0.06741573033707865,
    "placement": 0.06741573033707865,
    "time": 0.06741573033707865,
    "offer": 0.06741573033707865,
    "strong": 0.06741573033707865,
    "lead": 0.06741573033707865,
    "day": 0.06741573033707865,
    "guidance": 0.06741573033707865,
    "average local": 0.06741573033707865,
    "child protection": 0.06741573033707865,
    "provision": 0.06367041198501873,
    "providing": 0.06367041198501873,
    "partner": 0.06367041198501873,
    "parent": 0.0599250936329588,
    "number": 0.0599250936329588,
    "analysis": 0.0599250936329588,
    "access": 0.0599250936329588,
    "provide": 0.0599250936329588,
    "always": 0.0599250936329588,
    "receive": 0.0599250936329588,
    "although": 0.0599250936329588,
    "positive": 0.0599250936329588,
    "improving": 0.0599250936329588,
    "professional": 0.0599250936329588,
    "response": 0.0599250936329588,
    "Board": 0.0599250936329588,
    "across": 0.0599250936329588,
    "social care": 0.0599250936329588,
    "paragraph": 0.056179775280898875,
    "effectiveness": 0.056179775280898875,
    "meeting": 0.056179775280898875,
    "action": 0.056179775280898875,
    "multi agency": 0.056179775280898875,
    "child sexual": 0.056179775280898875,
    "community": 0.052434456928838954,
    "increased": 0.052434456928838954,
    "relationships": 0.052434456928838954,
    "monitoring": 0.052434456928838954,
    "appropriately": 0.052434456928838954,
    "impact": 0.052434456928838954,
    "effectively": 0.052434456928838954,
    "improved": 0.052434456928838954,
    "delay": 0.052434456928838954,
    "undertaken": 0.052434456928838954,
    "manager": 0.052434456928838954,
    "speak English": 0.052434456928838954,
    "living low": 0.052434456928838954,
    "low income": 0.052434456928838954,
    "income families": 0.052434456928838954,
    "families proportion": 0.052434456928838954,
    "British proportion": 0.052434456928838954,
    "early help": 0.052434456928838954,
    "home": 0.04868913857677903,
    "improve": 0.04868913857677903,
    "safeguarding": 0.04868913857677903,
    "development": 0.04868913857677903,
    "pupil": 0.0449438202247191,
    "make": 0.0449438202247191,
    "looked": 0.0449438202247191,
    "strategic": 0.0449438202247191,
    "chair": 0.0449438202247191,
    "independent": 0.0449438202247191,
    "regular": 0.0449438202247191,
    "right": 0.0449438202247191,
    "early": 0.0449438202247191,
    "evidence": 0.0449438202247191,
    "intervention": 0.0449438202247191,
    "consistent": 0.0449438202247191,
    "provided": 0.0449438202247191,
    "placed": 0.0449438202247191,
    "mean": 0.0449438202247191,
    "relation": 0.0449438202247191,
    "potential": 0.0449438202247191,
    "comprehensive": 0.0449438202247191,
    "member": 0.0449438202247191
}