{
    "young people": 1.0,
    "service": 0.7303634232121923,
    "local authority": 0.7045720984759671,
    "children": 0.6049237983587339,
    "children young": 0.5029308323563892,
    "support": 0.4958968347010551,
    "care leaver": 0.447831184056272,
    "need": 0.4372801875732708,
    "social worker": 0.43259085580304807,
    "work": 0.3810082063305979,
    "looked children": 0.3786635404454865,
    "good": 0.3516998827667057,
    "well": 0.3516998827667057,
    "ensure": 0.34349355216881594,
    "plan": 0.31770222743259086,
    "effective": 0.27667057444314186,
    "authority area": 0.27667057444314186,
    "child protection": 0.26025791324736225,
    "example": 0.23798358733880423,
    "team": 0.223915592028136,
    "assessment": 0.2227432590855803,
    "case": 0.21805392731535755,
    "Board": 0.21453692848769051,
    "placement": 0.20867526377491208,
    "provide": 0.2063305978898007,
    "clear": 0.20398593200468934,
    "use": 0.20398593200468934,
    "multi agency": 0.1981242672919109,
    "children looked": 0.19577960140679954,
    "including": 0.19460726846424384,
    "within": 0.19460726846424384,
    "appropriate": 0.18874560375146543,
    "practice": 0.18874560375146543,
    "include": 0.18874560375146543,
    "effectively": 0.18405627198124266,
    "staff": 0.182883939038687,
    "risk": 0.17584994138335286,
    "ceased looked": 0.17233294255568582,
    "training": 0.17116060961313012,
    "professional": 0.17116060961313012,
    "families": 0.16998827667057445,
    "live authority": 0.16998827667057445,
    "child": 0.16647127784290738,
    "review": 0.1652989449003517,
    "However": 0.16412661195779601,
    "school": 0.16295427901524032,
    "social care": 0.1570926143024619,
    "identified": 0.15474794841735054,
    "arrangement": 0.15474794841735054,
    "children families": 0.15123094958968347,
    "improvement": 0.1477139507620164,
    "meeting": 0.14654161781946073,
    "group": 0.14302461899179367,
    "area live": 0.1406799531066823,
    "early help": 0.1406799531066823,
    "also": 0.13716295427901523,
    "result": 0.13599062133645956,
    "information": 0.13481828839390386,
    "robust": 0.13481828839390386,
    "supported": 0.13012895662368112,
    "adopter": 0.12895662368112543,
    "social work": 0.12895662368112543,
    "agencies": 0.12778429073856976,
    "police": 0.12661195779601406,
    "help": 0.1254396248534584,
    "foster carer": 0.1254396248534584,
    "care": 0.12192262602579132,
    "progress": 0.12192262602579132,
    "timely": 0.12075029308323564,
    "access": 0.12075029308323564,
    "range": 0.12075029308323564,
    "used": 0.12075029308323564,
    "challenge": 0.11840562719812427,
    "report": 0.11723329425556858,
    "sexual exploitation": 0.11723329425556858,
    "strong": 0.1160609613130129,
    "adoption": 0.11488862837045721,
    "receive": 0.11488862837045721,
    "performance": 0.11371629542790153,
    "provided": 0.11254396248534584,
    "issue": 0.11254396248534584,
    "currently": 0.11137162954279015,
    "level": 0.11137162954279015,
    "referral": 0.11137162954279015,
    "quality": 0.11019929660023446,
    "parent": 0.11019929660023446,
    "family": 0.10902696365767878,
    "view": 0.10785463071512309,
    "per children": 0.10550996483001172,
    "LSCB": 0.10433763188745604,
    "planning": 0.10433763188745604,
    "evidence": 0.10433763188745604,
    "impact": 0.10316529894490035,
    "approach": 0.10316529894490035,
    "working": 0.10316529894490035,
    "manager": 0.10316529894490035,
    "one": 0.10199296600234467,
    "action": 0.10199296600234467,
    "provision": 0.10082063305978899,
    "development": 0.10082063305978899,
    "people ceased": 0.10082063305978899,
    "meet": 0.09964830011723329,
    "year": 0.0984759671746776,
    "although": 0.0984759671746776,
    "intervention": 0.09730363423212192,
    "childrens social": 0.09613130128956623,
    "childrens home": 0.09613130128956623,
    "live residential": 0.09495896834701055,
    "experience": 0.09378663540445487,
    "undertaken": 0.09378663540445487,
    "carer": 0.09378663540445487,
    "process": 0.09261430246189918,
    "make": 0.09261430246189918,
    "appropriately": 0.0914419695193435,
    "improved": 0.0914419695193435,
    "led": 0.0914419695193435,
    "response": 0.09026963657678781,
    "safeguarding": 0.09026963657678781,
    "decision": 0.09026963657678781,
    "learning": 0.09026963657678781,
    "across": 0.08909730363423213,
    "protection plan": 0.08792497069167643,
    "residential special": 0.08675263774912075,
    "focus": 0.08558030480656506,
    "two": 0.08440797186400938,
    "early": 0.08440797186400938,
    "identify": 0.08440797186400938,
    "change": 0.08440797186400938,
    "time": 0.08440797186400938,
    "considered": 0.08440797186400938,
    "accommodation": 0.08323563892145369,
    "new": 0.08323563892145369,
    "routinely": 0.08323563892145369,
    "particularly": 0.08206330597889801,
    "better": 0.08206330597889801,
    "made": 0.08089097303634232,
    "pupil": 0.08089097303634232,
    "good quality": 0.08089097303634232,
    "outcomes children": 0.08089097303634232,
    "place": 0.07854630715123095,
    "partnership": 0.07854630715123095,
    "programme": 0.07854630715123095,
    "ensuring": 0.07854630715123095,
    "contact": 0.07737397420867527,
    "comprehensive": 0.07737397420867527,
    "strategy": 0.07620164126611957,
    "benefit": 0.07620164126611957,
    "domestic abuse": 0.07620164126611957,
    "specialist": 0.07502930832356389,
    "panel": 0.07502930832356389,
    "positive": 0.07502930832356389,
    "inform": 0.0738569753810082,
    "available": 0.0738569753810082,
    "special guardianship": 0.0738569753810082,
    "improving": 0.07151230949589683,
    "delay": 0.07151230949589683,
    "number children": 0.07151230949589683,
    "improve": 0.07033997655334115,
    "current": 0.07033997655334115,
    "based": 0.07033997655334115,
    "analysis": 0.07033997655334115,
    "three": 0.07033997655334115,
    "priorities": 0.07033997655334115,
    "mean": 0.07033997655334115,
    "guardianship order": 0.07033997655334115,
    "additional": 0.06916764361078546,
    "safe": 0.06916764361078546,
    "develop": 0.06916764361078546,
    "independent living": 0.06916764361078546,
    "Safeguarding Children": 0.06916764361078546,
    "national average": 0.06916764361078546,
    "key": 0.06799531066822978,
    "child sexual": 0.06799531066822978,
    "ensure children": 0.06799531066822978,
    "senior manager": 0.06799531066822978,
    "council": 0.0668229777256741,
    "involved": 0.0668229777256741,
    "show": 0.0668229777256741,
    "attendance": 0.0668229777256741,
    "role": 0.0668229777256741,
    "special school": 0.0668229777256741,
    "enable": 0.06565064478311841,
    "developed": 0.06565064478311841,
    "link": 0.06565064478311841,
    "outside local": 0.06565064478311841,
    "unaccompanied asylum": 0.06565064478311841,
    "live outside": 0.06447831184056271,
    "consistently": 0.06330597889800703,
    "member": 0.06330597889800703,
    "regular": 0.06330597889800703,
    "record": 0.06330597889800703,
    "understand": 0.06330597889800703,
    "recently": 0.06330597889800703,
    "inspector": 0.06330597889800703,
    "last months": 0.06330597889800703,
    "take": 0.06213364595545135,
    "concern": 0.06213364595545135,
    "threshold": 0.06213364595545135,
    "CSE": 0.06213364595545135,
    "taken": 0.06213364595545135
}