{
    "young people": 1.0,
    "local authority": 0.7783582089552239,
    "service": 0.567910447761194,
    "children young": 0.5574626865671641,
    "care leaver": 0.4955223880597015,
    "support": 0.43656716417910446,
    "social worker": 0.43134328358208956,
    "ensure": 0.4052238805970149,
    "need": 0.34253731343283583,
    "children": 0.32238805970149254,
    "looked children": 0.31865671641791044,
    "well": 0.28880597014925374,
    "plan": 0.28134328358208954,
    "work": 0.2716417910447761,
    "good": 0.2664179104477612,
    "effective": 0.24925373134328357,
    "child protection": 0.2373134328358209,
    "example": 0.21865671641791046,
    "provide": 0.2082089552238806,
    "including": 0.19850746268656716,
    "clear": 0.1925373134328358,
    "children looked": 0.18955223880597014,
    "assessment": 0.1873134328358209,
    "Board": 0.18208955223880596,
    "multi agency": 0.17388059701492536,
    "practice": 0.16940298507462687,
    "include": 0.16865671641791044,
    "children families": 0.16492537313432837,
    "team": 0.1626865671641791,
    "effectively": 0.15597014925373134,
    "within": 0.15522388059701492,
    "staff": 0.15223880597014924,
    "placement": 0.15149253731343285,
    "use": 0.14402985074626865,
    "appropriate": 0.14328358208955225,
    "result": 0.14253731343283582,
    "sexual exploitation": 0.141044776119403,
    "child": 0.13880597014925372,
    "families": 0.13507462686567165,
    "professional": 0.1335820895522388,
    "review": 0.1328358208955224,
    "early help": 0.1328358208955224,
    "training": 0.12985074626865672,
    "case": 0.12985074626865672,
    "meeting": 0.12985074626865672,
    "social care": 0.12835820895522387,
    "social work": 0.12835820895522387,
    "LSCB": 0.12611940298507462,
    "information": 0.12388059701492538,
    "However": 0.12388059701492538,
    "risk": 0.12238805970149254,
    "foster carer": 0.12164179104477611,
    "robust": 0.11791044776119403,
    "arrangement": 0.11791044776119403,
    "identified": 0.11716417910447761,
    "improvement": 0.11567164179104478,
    "adopter": 0.11567164179104478,
    "agencies": 0.11417910447761194,
    "school": 0.11343283582089553,
    "family": 0.11194029850746269,
    "strong": 0.11044776119402985,
    "group": 0.11044776119402985,
    "currently": 0.10970149253731343,
    "childrens service": 0.10970149253731343,
    "progress": 0.10746268656716418,
    "manager": 0.10597014925373134,
    "supported": 0.10373134328358209,
    "adoption": 0.10074626865671642,
    "also": 0.09925373134328358,
    "report": 0.09925373134328358,
    "performance": 0.09850746268656717,
    "parent": 0.09850746268656717,
    "planning": 0.09701492537313433,
    "provision": 0.0962686567164179,
    "issue": 0.0962686567164179,
    "challenge": 0.0962686567164179,
    "national average": 0.0955223880597015,
    "police": 0.09477611940298507,
    "make": 0.09477611940298507,
    "used": 0.09402985074626866,
    "provided": 0.09328358208955224,
    "one": 0.09104477611940298,
    "children care": 0.09029850746268657,
    "impact": 0.08955223880597014,
    "timely": 0.08880597014925373,
    "response": 0.08880597014925373,
    "Safeguarding Children": 0.08880597014925373,
    "child sexual": 0.0880597014925373,
    "process": 0.0873134328358209,
    "level": 0.08656716417910448,
    "good quality": 0.08656716417910448,
    "quality": 0.08582089552238806,
    "senior manager": 0.08582089552238806,
    "carer": 0.08507462686567165,
    "ensuring": 0.08507462686567165,
    "people families": 0.08507462686567165,
    "evidence": 0.08432835820895522,
    "working": 0.08358208955223881,
    "although": 0.08283582089552238,
    "led": 0.08208955223880597,
    "change": 0.08134328358208955,
    "contact": 0.08059701492537313,
    "outcomes children": 0.08059701492537313,
    "receive": 0.07985074626865672,
    "approach": 0.07985074626865672,
    "time": 0.07985074626865672,
    "new": 0.07985074626865672,
    "made": 0.0791044776119403,
    "focus": 0.0791044776119403,
    "childrens social": 0.0791044776119403,
    "help": 0.07835820895522388,
    "inspection local": 0.07835820895522388,
    "range": 0.07761194029850746,
    "protection plan": 0.07761194029850746,
    "development": 0.07686567164179105,
    "meet": 0.07686567164179105,
    "judged good": 0.07611940298507462,
    "programme": 0.07537313432835821,
    "comprehensive": 0.07537313432835821,
    "now": 0.07462686567164178,
    "undertaken": 0.07388059701492537,
    "access": 0.07388059701492537,
    "benefit": 0.07388059701492537,
    "learning": 0.07388059701492537,
    "across": 0.07313432835820896,
    "particularly": 0.07313432835820896,
    "improved": 0.07313432835820896,
    "authority area": 0.07238805970149254,
    "place": 0.07164179104477612,
    "referral": 0.07164179104477612,
    "authority judged": 0.0708955223880597,
    "identify": 0.07014925373134329,
    "develop": 0.07014925373134329,
    "appropriately": 0.06940298507462686,
    "early": 0.06865671641791045,
    "available": 0.06865671641791045,
    "routinely": 0.06865671641791045,
    "council": 0.06791044776119402,
    "action": 0.06791044776119402,
    "worker": 0.06791044776119402,
    "childrens home": 0.06791044776119402,
    "ensure children": 0.06791044776119402,
    "domestic abuse": 0.06716417910447761,
    "increase": 0.0664179104477612,
    "enable": 0.0664179104477612,
    "Children Board": 0.0664179104477612,
    "improving": 0.06567164179104477,
    "day": 0.06492537313432836,
    "children need": 0.06492537313432836,
    "specialist": 0.06417910447761194,
    "intervention": 0.06417910447761194,
    "improve": 0.06343283582089553,
    "priorities": 0.06343283582089553,
    "young person": 0.06343283582089553,
    "two": 0.0626865671641791,
    "mean": 0.0626865671641791,
    "attendance": 0.0626865671641791,
    "year": 0.06194029850746269,
    "concern": 0.06194029850746269,
    "delay": 0.06119402985074627,
    "take": 0.06119402985074627,
    "IRO": 0.06119402985074627,
    "current": 0.06044776119402985,
    "Local Safeguarding": 0.06044776119402985,
    "based": 0.05970149253731343,
    "developed": 0.05970149253731343,
    "view": 0.05970149253731343,
    "better": 0.05895522388059701,
    "show": 0.05895522388059701,
    "considered": 0.05895522388059701,
    "accommodation": 0.05895522388059701,
    "number children": 0.05895522388059701,
    "high quality": 0.05895522388059701,
    "recently": 0.058208955223880594,
    "role": 0.058208955223880594,
    "gov uk": 0.058208955223880594,
    "record": 0.057462686567164176,
    "pupil": 0.057462686567164176,
    "children living": 0.057462686567164176,
    "experience": 0.056716417910447764,
    "number": 0.056716417910447764,
    "will": 0.056716417910447764,
    "panel": 0.056716417910447764,
    "decision": 0.055970149253731345,
    "additional": 0.055970149253731345,
    "analysis": 0.055970149253731345,
    "offer": 0.055970149253731345,
    "scrutiny": 0.05522388059701493,
    "link": 0.05522388059701493,
    "audit": 0.05522388059701493,
    "previous inspection": 0.05522388059701493,
    "partner agencies": 0.05522388059701493,
    "partner": 0.05447761194029851,
    "ofsted gov": 0.05447761194029851,
    "threshold": 0.05373134328358209,
    "inform": 0.05373134328358209,
    "help protection": 0.05373134328358209,
    "case review": 0.05373134328358209,
    "strategy": 0.05298507462686567,
    "increased": 0.05298507462686567
}