{
    "children": 1.0,
    "young people": 0.7017543859649122,
    "LSCB": 0.5497076023391813,
    "children young": 0.5087719298245614,
    "good": 0.4678362573099415,
    "support": 0.45614035087719296,
    "child protection": 0.40350877192982454,
    "service": 0.391812865497076,
    "protection plan": 0.3391812865497076,
    "care leaver": 0.3391812865497076,
    "effective": 0.32748538011695905,
    "March children": 0.32748538011695905,
    "subject child": 0.3216374269005848,
    "childrens service": 0.30409356725146197,
    "well": 0.2982456140350877,
    "children identified": 0.29239766081871343,
    "work": 0.28654970760233917,
    "need specialist": 0.28654970760233917,
    "specialist childrens": 0.28654970760233917,
    "Gateshead": 0.2807017543859649,
    "identified assessment": 0.2807017543859649,
    "privately arranged": 0.2807017543859649,
    "serious case": 0.2807017543859649,
    "case review": 0.2807017543859649,
    "assessment formally": 0.27485380116959063,
    "formally need": 0.27485380116959063,
    "risk": 0.26900584795321636,
    "arranged fostering": 0.26900584795321636,
    "fostering placement": 0.26900584795321636,
    "training": 0.2631578947368421,
    "people subject": 0.2631578947368421,
    "lived privately": 0.25146198830409355,
    "care": 0.24561403508771928,
    "ensure": 0.24561403508771928,
    "families": 0.23391812865497075,
    "children lived": 0.23391812865497075,
    "March March": 0.2222222222222222,
    "children looked": 0.2222222222222222,
    "reduction March": 0.21637426900584794,
    "increase March": 0.21637426900584794,
    "social worker": 0.21637426900584794,
    "robust": 0.21052631578947367,
    "serious incident": 0.21052631578947367,
    "incident notifications": 0.21052631578947367,
    "notifications submitted": 0.21052631578947367,
    "submitted Ofsted": 0.21052631578947367,
    "council": 0.19883040935672514,
    "arrangement": 0.19298245614035087,
    "quality": 0.1871345029239766,
    "clear": 0.1871345029239766,
    "within": 0.1871345029239766,
    "progress": 0.18128654970760233,
    "group": 0.18128654970760233,
    "example": 0.18128654970760233,
    "time inspection": 0.18128654970760233,
    "family": 0.17543859649122806,
    "local authority": 0.1695906432748538,
    "one": 0.16374269005847952,
    "health": 0.16374269005847952,
    "agencies": 0.16374269005847952,
    "per children": 0.16374269005847952,
    "learning": 0.15789473684210525,
    "school": 0.15789473684210525,
    "including": 0.15789473684210525,
    "adoption": 0.15789473684210525,
    "team": 0.15789473684210525,
    "information": 0.15204678362573099,
    "live": 0.15204678362573099,
    "service reduction": 0.15204678362573099,
    "help": 0.14619883040935672,
    "However": 0.14619883040935672,
    "include": 0.14619883040935672,
    "currently": 0.14035087719298245,
    "use": 0.14035087719298245,
    "education": 0.14035087719298245,
    "ongoing time": 0.14035087719298245,
    "number": 0.13450292397660818,
    "improvement": 0.13450292397660818,
    "performance": 0.13450292397660818,
    "outcome": 0.13450292397660818,
    "two serious": 0.13450292397660818,
    "place": 0.1286549707602339,
    "appropriate": 0.1286549707602339,
    "seen": 0.1286549707602339,
    "practice": 0.12280701754385964,
    "adopter": 0.12280701754385964,
    "action": 0.12280701754385964,
    "reviews completed": 0.12280701754385964,
    "plan increase": 0.12280701754385964,
    "timely": 0.11695906432748537,
    "supported": 0.11695906432748537,
    "result": 0.11695906432748537,
    "last inspection": 0.11695906432748537,
    "sexual exploitation": 0.11695906432748537,
    "three": 0.1111111111111111,
    "focus": 0.1111111111111111,
    "staff": 0.1111111111111111,
    "planning": 0.1111111111111111,
    "inspector": 0.1111111111111111,
    "Since last": 0.1111111111111111,
    "foster carer": 0.1111111111111111,
    "May": 0.10526315789473684,
    "October": 0.10526315789473684,
    "challenge": 0.10526315789473684,
    "offer": 0.10526315789473684,
    "adult": 0.10526315789473684,
    "strong": 0.10526315789473684,
    "lead": 0.10526315789473684,
    "experience": 0.10526315789473684,
    "parent": 0.10526315789473684,
    "day": 0.10526315789473684,
    "guidance": 0.10526315789473684,
    "plan": 0.09941520467836257,
    "providing": 0.09941520467836257,
    "meet": 0.09941520467836257,
    "partner": 0.09941520467836257,
    "March Since": 0.09941520467836257,
    "two years": 0.09941520467836257,
    "national": 0.0935672514619883,
    "analysis": 0.0935672514619883,
    "provide": 0.0935672514619883,
    "always": 0.0935672514619883,
    "receive": 0.0935672514619883,
    "provision": 0.0935672514619883,
    "although": 0.0935672514619883,
    "positive": 0.0935672514619883,
    "improving": 0.0935672514619883,
    "professional": 0.0935672514619883,
    "response": 0.0935672514619883,
    "Board": 0.0935672514619883,
    "relation": 0.0935672514619883,
    "across": 0.0935672514619883,
    "rate per": 0.0935672514619883,
    "social care": 0.0935672514619883,
    "report": 0.08771929824561403,
    "area": 0.08771929824561403,
    "paragraph": 0.08771929824561403,
    "access": 0.08771929824561403,
    "effectiveness": 0.08771929824561403,
    "meeting": 0.08771929824561403,
    "undertaken": 0.08771929824561403,
    "placement increase": 0.08771929824561403,
    "multi agency": 0.08771929824561403,
    "child sexual": 0.08771929824561403,
    "relationships": 0.08187134502923976,
    "monitoring": 0.08187134502923976,
    "appropriately": 0.08187134502923976,
    "impact": 0.08187134502923976,
    "effectively": 0.08187134502923976,
    "improved": 0.08187134502923976,
    "delay": 0.08187134502923976,
    "manager": 0.08187134502923976,
    "SCR": 0.08187134502923976,
    "service increase": 0.08187134502923976,
    "plan rate": 0.08187134502923976,
    "early help": 0.08187134502923976,
    "need": 0.07602339181286549,
    "six": 0.07602339181286549,
    "improve": 0.07602339181286549,
    "safeguarding": 0.07602339181286549,
    "development": 0.07602339181286549,
    "change": 0.07017543859649122,
    "looked": 0.07017543859649122,
    "strategic": 0.07017543859649122,
    "chair": 0.07017543859649122,
    "additional": 0.07017543859649122,
    "independent": 0.07017543859649122,
    "regular": 0.07017543859649122,
    "right": 0.07017543859649122,
    "home": 0.07017543859649122,
    "early": 0.07017543859649122,
    "evidence": 0.07017543859649122,
    "intervention": 0.07017543859649122,
    "consistent": 0.07017543859649122,
    "provided": 0.07017543859649122,
    "placed": 0.07017543859649122,
    "potential": 0.07017543859649122,
    "increased": 0.07017543859649122,
    "comprehensive": 0.07017543859649122,
    "member": 0.07017543859649122,
    "placement reduction": 0.07017543859649122,
    "Ofsted two": 0.07017543859649122,
    "children living": 0.07017543859649122,
    "completed ongoing": 0.07017543859649122,
    "good quality": 0.07017543859649122,
    "assessment": 0.06432748538011696,
    "June": 0.06432748538011696,
    "also": 0.06432748538011696,
    "system": 0.06432748538011696,
    "included": 0.06432748538011696,
    "contact": 0.06432748538011696,
    "referral": 0.06432748538011696,
    "mean": 0.06432748538011696,
    "threshold": 0.06432748538011696,
    "initial": 0.06432748538011696,
    "recently": 0.06432748538011696,
    "current": 0.06432748538011696,
    "workforce": 0.06432748538011696,
    "one serious": 0.06432748538011696,
    "September children": 0.06432748538011696
}