{
    "young people": 1.0,
    "children": 0.8173076923076923,
    "service": 0.6645299145299145,
    "local authority": 0.6335470085470085,
    "care leaver": 0.6036324786324786,
    "ensure": 0.5598290598290598,
    "support": 0.483974358974359,
    "children young": 0.47115384615384615,
    "social worker": 0.4198717948717949,
    "work": 0.41773504273504275,
    "need": 0.4166666666666667,
    "well": 0.3643162393162393,
    "plan": 0.3418803418803419,
    "looked children": 0.3418803418803419,
    "Board": 0.29594017094017094,
    "good": 0.2799145299145299,
    "child protection": 0.2553418803418803,
    "provide": 0.25106837606837606,
    "example": 0.24893162393162394,
    "effective": 0.23397435897435898,
    "including": 0.2264957264957265,
    "staff": 0.22542735042735043,
    "clear": 0.2232905982905983,
    "review": 0.21794871794871795,
    "practice": 0.2168803418803419,
    "team": 0.21581196581196582,
    "placement": 0.21581196581196582,
    "families": 0.2094017094017094,
    "case": 0.2094017094017094,
    "assessment": 0.20405982905982906,
    "children looked": 0.20405982905982906,
    "effectively": 0.1987179487179487,
    "include": 0.1987179487179487,
    "multi agency": 0.1987179487179487,
    "within": 0.19658119658119658,
    "school": 0.18803418803418803,
    "appropriate": 0.18803418803418803,
    "child": 0.18376068376068377,
    "use": 0.17841880341880342,
    "information": 0.16987179487179488,
    "professional": 0.16987179487179488,
    "group": 0.1655982905982906,
    "risk": 0.16025641025641027,
    "arrangement": 0.15918803418803418,
    "training": 0.1581196581196581,
    "timely": 0.15705128205128205,
    "identified": 0.15598290598290598,
    "progress": 0.15491452991452992,
    "adoption": 0.1527777777777778,
    "meeting": 0.1485042735042735,
    "sexual exploitation": 0.1485042735042735,
    "report": 0.14743589743589744,
    "children families": 0.14423076923076922,
    "However": 0.14316239316239315,
    "help": 0.1420940170940171,
    "performance": 0.1420940170940171,
    "robust": 0.14102564102564102,
    "result": 0.13995726495726496,
    "also": 0.1388888888888889,
    "foster carer": 0.1346153846153846,
    "adopter": 0.13354700854700854,
    "manager": 0.13247863247863248,
    "issue": 0.13247863247863248,
    "supported": 0.13141025641025642,
    "access": 0.13141025641025642,
    "challenge": 0.13141025641025642,
    "social care": 0.13141025641025642,
    "provided": 0.12927350427350429,
    "early help": 0.12927350427350429,
    "receive": 0.12606837606837606,
    "agencies": 0.12606837606837606,
    "action": 0.125,
    "social work": 0.125,
    "level": 0.12286324786324786,
    "family": 0.12179487179487179,
    "strong": 0.12072649572649573,
    "quality": 0.11752136752136752,
    "currently": 0.11752136752136752,
    "parent": 0.11752136752136752,
    "response": 0.11538461538461539,
    "year": 0.1111111111111111,
    "panel": 0.1111111111111111,
    "care": 0.10897435897435898,
    "improvement": 0.10897435897435898,
    "planning": 0.10790598290598291,
    "programme": 0.10790598290598291,
    "one": 0.10790598290598291,
    "number": 0.10683760683760683,
    "range": 0.10683760683760683,
    "ensure children": 0.10576923076923077,
    "childrens service": 0.1047008547008547,
    "referral": 0.10363247863247864,
    "evidence": 0.10363247863247864,
    "provision": 0.10363247863247864,
    "meet": 0.10256410256410256,
    "ensuring": 0.10256410256410256,
    "change": 0.10256410256410256,
    "impact": 0.1014957264957265,
    "improve": 0.10042735042735043,
    "used": 0.10042735042735043,
    "working": 0.10042735042735043,
    "considered": 0.10042735042735043,
    "process": 0.10042735042735043,
    "area": 0.10042735042735043,
    "carer": 0.10042735042735043,
    "LSCB": 0.09829059829059829,
    "make": 0.09722222222222222,
    "new": 0.09508547008547008,
    "particularly": 0.09508547008547008,
    "although": 0.09508547008547008,
    "develop": 0.09401709401709402,
    "police": 0.09401709401709402,
    "approach": 0.09401709401709402,
    "development": 0.09401709401709402,
    "time": 0.09294871794871795,
    "now": 0.09294871794871795,
    "outcomes children": 0.09294871794871795,
    "senior manager": 0.09294871794871795,
    "made": 0.09081196581196581,
    "child sexual": 0.09081196581196581,
    "good quality": 0.09081196581196581,
    "live": 0.08974358974358974,
    "learning": 0.08974358974358974,
    "focus": 0.08974358974358974,
    "led": 0.08867521367521368,
    "decision": 0.08867521367521368,
    "understand": 0.0876068376068376,
    "enable": 0.0876068376068376,
    "comprehensive": 0.0876068376068376,
    "increase": 0.08547008547008547,
    "view": 0.08547008547008547,
    "day": 0.08547008547008547,
    "across": 0.08440170940170941,
    "improved": 0.08440170940170941,
    "undertaken": 0.08440170940170941,
    "appropriately": 0.08333333333333333,
    "improving": 0.08226495726495726,
    "developed": 0.08226495726495726,
    "accommodation": 0.08226495726495726,
    "better": 0.0811965811965812,
    "priorities": 0.0811965811965812,
    "Safeguarding Children": 0.0811965811965812,
    "current": 0.08012820512820513,
    "early": 0.08012820512820513,
    "recent": 0.08012820512820513,
    "inform": 0.07905982905982906,
    "intervention": 0.07905982905982906,
    "identify": 0.07905982905982906,
    "high quality": 0.07905982905982906,
    "protection plan": 0.07905982905982906,
    "analysis": 0.07799145299145299,
    "take": 0.07799145299145299,
    "gov uk": 0.07799145299145299,
    "available": 0.07692307692307693,
    "routinely": 0.07692307692307693,
    "specialist": 0.07692307692307693,
    "childrens social": 0.07692307692307693,
    "place": 0.07585470085470085,
    "benefit": 0.07585470085470085,
    "role": 0.07585470085470085,
    "additional": 0.07478632478632478,
    "two": 0.07371794871794872,
    "audit": 0.07371794871794872,
    "ofsted gov": 0.07371794871794872,
    "regular": 0.07264957264957266,
    "key": 0.07264957264957266,
    "will": 0.07264957264957266,
    "contact": 0.07264957264957266,
    "people families": 0.07264957264957266,
    "system": 0.07158119658119658,
    "pupil": 0.07158119658119658,
    "threshold": 0.07158119658119658,
    "recently": 0.07051282051282051,
    "timescale": 0.07051282051282051,
    "worker": 0.06944444444444445,
    "offer": 0.06944444444444445,
    "safeguarding": 0.06944444444444445,
    "significant": 0.06944444444444445,
    "show": 0.06944444444444445,
    "scrutiny": 0.06944444444444445,
    "data": 0.06837606837606838,
    "record": 0.06837606837606838,
    "management oversight": 0.06837606837606838,
    "opportunities": 0.0673076923076923,
    "attendance": 0.0673076923076923,
    "partner agencies": 0.0673076923076923,
    "positive": 0.06623931623931624,
    "strategy": 0.06623931623931624,
    "able": 0.06623931623931624,
    "number children": 0.06623931623931624,
    "virtual school": 0.06623931623931624,
    "delay": 0.06517094017094018,
    "chair": 0.06517094017094018,
    "partner": 0.06517094017094018,
    "decision making": 0.06517094017094018,
    "concern": 0.0641025641025641,
    "case review": 0.0641025641025641,
    "experience": 0.06303418803418803,
    "supervision": 0.06303418803418803,
    "mean": 0.06303418803418803
}