{
    "board": 1.0,
    "young people": 0.6321942446043165,
    "children young": 0.4523381294964029,
    "LSCB": 0.37050359712230213,
    "ensure": 0.3408273381294964,
    "multi agency": 0.30755395683453235,
    "local authority": 0.2976618705035971,
    "gov uk": 0.2841726618705036,
    "work": 0.25989208633093525,
    "sexual exploitation": 0.2580935251798561,
    "example": 0.25089928057553956,
    "sub group": 0.23471223021582735,
    "child sexual": 0.22482014388489208,
    "practice": 0.21402877697841727,
    "group": 0.19874100719424462,
    "ofsted gov": 0.18884892086330934,
    "challenge": 0.17715827338129497,
    "Safeguarding Children": 0.17535971223021582,
    "partner": 0.16996402877697842,
    "priorities": 0.1672661870503597,
    "including": 0.164568345323741,
    "agencies": 0.1618705035971223,
    "clear": 0.16007194244604317,
    "effective": 0.15467625899280577,
    "partner agencies": 0.15467625899280577,
    "audit": 0.15377697841726617,
    "Children Board": 0.14838129496402877,
    "provide": 0.1474820143884892,
    "Local Safeguarding": 0.14388489208633093,
    "training": 0.1420863309352518,
    "good": 0.14118705035971224,
    "service": 0.14028776978417265,
    "identified": 0.1357913669064748,
    "partnership": 0.13399280575539568,
    "issue": 0.13399280575539568,
    "child protection": 0.13309352517985612,
    "enquiries ofsted": 0.13219424460431656,
    "well": 0.13129496402877697,
    "effectively": 0.12949640287769784,
    "case review": 0.12949640287769784,
    "area": 0.12769784172661872,
    "chair": 0.11870503597122302,
    "include": 0.11780575539568346,
    "learning": 0.11420863309352518,
    "annual report": 0.11241007194244604,
    "focus": 0.10971223021582734,
    "early help": 0.10971223021582734,
    "support": 0.10881294964028777,
    "childrens service": 0.10881294964028777,
    "social care": 0.10701438848920863,
    "quality assurance": 0.10701438848920863,
    "progress": 0.1052158273381295,
    "people families": 0.10431654676258993,
    "appropriate": 0.10341726618705036,
    "SCR": 0.10251798561151079,
    "performance": 0.10071942446043165,
    "meeting": 0.09802158273381295,
    "development": 0.09802158273381295,
    "analysis": 0.09532374100719425,
    "use": 0.09532374100719425,
    "understanding": 0.09262589928057553,
    "serious case": 0.09262589928057553,
    "child death": 0.09172661870503597,
    "plan": 0.08992805755395683,
    "comprehensive": 0.08992805755395683,
    "Recommendation": 0.08992805755395683,
    "response": 0.08992805755395683,
    "scrutiny": 0.08992805755395683,
    "recent": 0.08812949640287769,
    "process": 0.08812949640287769,
    "please telephone": 0.08812949640287769,
    "telephone email": 0.08812949640287769,
    "email enquiries": 0.08812949640287769,
    "regulates inspects": 0.08812949640287769,
    "level": 0.08723021582733813,
    "within": 0.08723021582733813,
    "led": 0.08723021582733813,
    "key": 0.08543165467625899,
    "impact": 0.08543165467625899,
    "action plan": 0.08543165467625899,
    "also": 0.08453237410071943,
    "independent chair": 0.08453237410071943,
    "review": 0.08363309352517985,
    "number": 0.08363309352517985,
    "result": 0.08363309352517985,
    "strong": 0.08363309352517985,
    "police": 0.08273381294964029,
    "care children": 0.08183453237410072,
    "school": 0.08093525179856115,
    "improve": 0.08093525179856115,
    "However": 0.08003597122302158,
    "strategic": 0.07913669064748201,
    "link": 0.07913669064748201,
    "review Local": 0.0764388489208633,
    "member": 0.07553956834532374,
    "across": 0.07553956834532374,
    "action": 0.07553956834532374,
    "appropriately": 0.07464028776978417,
    "carried section": 0.07464028776978417,
    "section Education": 0.07464028776978417,
    "across partnership": 0.07464028776978417,
    "recently": 0.0737410071942446,
    "working": 0.0737410071942446,
    "strategy": 0.0737410071942446,
    "inspection local": 0.07284172661870504,
    "shared": 0.07194244604316546,
    "need": 0.07194244604316546,
    "neglect": 0.07194244604316546,
    "business plan": 0.07194244604316546,
    "Education Inspections": 0.07194244604316546,
    "Inspections Act": 0.07194244604316546,
    "inspection team": 0.07194244604316546,
    "staff": 0.0710431654676259,
    "data": 0.0710431654676259,
    "Lead inspector": 0.07014388489208633,
    "evidence": 0.0683453237410072,
    "undertaken": 0.06744604316546762,
    "arrangement": 0.06744604316546762,
    "agency audit": 0.06744604316546762,
    "professional": 0.06654676258992806,
    "education skills": 0.06654676258992806,
    "robust": 0.06564748201438848,
    "inform": 0.06564748201438848,
    "influence": 0.06564748201438848,
    "looked children": 0.06564748201438848,
    "uk ofsted": 0.06564748201438848,
    "develop": 0.06474820143884892,
    "childrens social": 0.06474820143884892,
    "report": 0.06384892086330936,
    "one": 0.06384892086330936,
    "work board": 0.06384892086330936,
    "assessment": 0.06294964028776978,
    "attendance": 0.06294964028776978,
    "although": 0.06294964028776978,
    "female genital": 0.06294964028776978,
    "genital mutilation": 0.06294964028776978,
    "current": 0.06205035971223022,
    "approach": 0.06205035971223022,
    "evaluation": 0.06205035971223022,
    "programme": 0.06205035971223022,
    "developed": 0.06205035971223022,
    "ensuring": 0.06115107913669065,
    "engagement": 0.05935251798561151,
    "subgroup": 0.05845323741007194,
    "now": 0.05845323741007194,
    "detailed": 0.05845323741007194,
    "complaints Ofsted": 0.05845323741007194,
    "section audit": 0.05845323741007194,
    "will": 0.05665467625899281,
    "experiences children": 0.05665467625899281,
    "identify": 0.05575539568345324,
    "quality": 0.05485611510791367,
    "oversight": 0.0539568345323741,
    "supported": 0.0539568345323741,
    "practitioner": 0.0539568345323741,
    "monitoring": 0.053057553956834536,
    "relevant": 0.053057553956834536,
    "range": 0.053057553956834536,
    "role": 0.053057553956834536,
    "chief executive": 0.053057553956834536,
    "case file": 0.053057553956834536,
    "priority": 0.052158273381294966,
    "threshold": 0.052158273381294966,
    "commitment": 0.052158273381294966,
    "domestic abuse": 0.052158273381294966,
    "change": 0.051258992805755396,
    "used": 0.051258992805755396,
    "monitor": 0.051258992805755396,
    "provided": 0.051258992805755396,
    "place": 0.051258992805755396,
    "frontline practice": 0.051258992805755396,
    "schools colleges": 0.051258992805755396,
    "specific": 0.050359712230215826,
    "help protection": 0.050359712230215826,
    "improvement": 0.04946043165467626,
    "activity": 0.04946043165467626,
    "resulted": 0.04946043165467626,
    "children looked": 0.04946043165467626,
    "board member": 0.04946043165467626,
    "new": 0.048561151079136694,
    "areas improvement": 0.048561151079136694,
    "safeguarding practice": 0.048561151079136694,
    "need help": 0.048561151079136694,
    "Children Family": 0.048561151079136694,
    "social worker": 0.048561151079136694,
    "enable": 0.047661870503597124,
    "help care": 0.047661870503597124,
    "help protect": 0.047661870503597124,
    "people looked": 0.047661870503597124,
    "currently": 0.046762589928057555,
    "included": 0.046762589928057555,
    "relation": 0.046762589928057555,
    "outcomes children": 0.046762589928057555,
    "Education Children": 0.046762589928057555,
    "Family Court": 0.046762589928057555,
    "Support Service": 0.046762589928057555,
    "education training": 0.046762589928057555,
    "improved": 0.045863309352517985,
    "two": 0.045863309352517985,
    "increased": 0.045863309352517985
}