{
    "service": 1.0,
    "young people": 0.9688195991091314,
    "Board": 0.7884187082405345,
    "children young": 0.7416481069042317,
    "local authority": 0.6391982182628062,
    "ensure": 0.5434298440979956,
    "practice": 0.5011135857461024,
    "work": 0.44988864142538976,
    "well": 0.43429844097995546,
    "effective": 0.4209354120267261,
    "good": 0.41870824053452116,
    "social worker": 0.3585746102449889,
    "example": 0.34521158129175944,
    "need": 0.34075723830734966,
    "support": 0.33407572383073497,
    "staff": 0.32293986636971045,
    "strong": 0.3051224944320713,
    "including": 0.3028953229398664,
    "multi agency": 0.2984409799554566,
    "challenge": 0.267260579064588,
    "social work": 0.26057906458797325,
    "LSCB": 0.2583518930957684,
    "plan": 0.2561247216035635,
    "partnership": 0.2516703786191537,
    "training": 0.24498886414253898,
    "effectively": 0.23162583518930957,
    "provide": 0.22048997772828507,
    "across": 0.2182628062360802,
    "improvement": 0.21603563474387527,
    "clear": 0.21158129175946547,
    "sexual exploitation": 0.2071269487750557,
    "priorities": 0.2026726057906459,
    "identified": 0.2026726057906459,
    "use": 0.20044543429844097,
    "care leaver": 0.19599109131403117,
    "performance": 0.1915367483296214,
    "group": 0.1915367483296214,
    "children families": 0.1915367483296214,
    "childrens service": 0.1915367483296214,
    "area": 0.18485523385300667,
    "manager": 0.18485523385300667,
    "senior manager": 0.18262806236080179,
    "include": 0.18040089086859687,
    "issue": 0.18040089086859687,
    "early help": 0.18040089086859687,
    "children": 0.17817371937639198,
    "level": 0.1759465478841871,
    "council": 0.1759465478841871,
    "comprehensive": 0.17371937639198218,
    "development": 0.17371937639198218,
    "Safeguarding Children": 0.17371937639198218,
    "looked children": 0.1714922048997773,
    "audit": 0.16926503340757237,
    "partner": 0.16703786191536749,
    "approach": 0.16703786191536749,
    "quality assurance": 0.16703786191536749,
    "focus": 0.16481069042316257,
    "member": 0.16481069042316257,
    "outcomes children": 0.16481069042316257,
    "safeguarding": 0.16258351893095768,
    "learning": 0.16258351893095768,
    "review": 0.16258351893095768,
    "agencies": 0.1603563474387528,
    "team": 0.1603563474387528,
    "child protection": 0.1603563474387528,
    "robust": 0.15812917594654788,
    "child sexual": 0.15812917594654788,
    "strategy": 0.155902004454343,
    "arrangement": 0.155902004454343,
    "children looked": 0.155902004454343,
    "ofsted gov": 0.155902004454343,
    "gov uk": 0.155902004454343,
    "progress": 0.1514476614699332,
    "within": 0.1514476614699332,
    "appropriate": 0.14699331848552338,
    "response": 0.1447661469933185,
    "range": 0.1447661469933185,
    "led": 0.14253897550111358,
    "programme": 0.1403118040089087,
    "report": 0.1403118040089087,
    "improved": 0.1403118040089087,
    "role": 0.1403118040089087,
    "ensuring": 0.13808463251670378,
    "scrutiny": 0.13808463251670378,
    "impact": 0.1358574610244989,
    "However": 0.133630289532294,
    "case review": 0.133630289532294,
    "also": 0.13140311804008908,
    "strategic": 0.1291759465478842,
    "assessment": 0.1291759465478842,
    "Children Board": 0.1291759465478842,
    "people families": 0.1291759465478842,
    "care children": 0.1291759465478842,
    "meeting": 0.12694877505567928,
    "now": 0.12472160356347439,
    "chair": 0.12472160356347439,
    "corporate parenting": 0.12472160356347439,
    "Chief Executive": 0.12472160356347439,
    "Local Safeguarding": 0.12472160356347439,
    "social care": 0.12472160356347439,
    "across partnership": 0.12472160356347439,
    "commitment": 0.11804008908685969,
    "elected member": 0.11804008908685969,
    "number": 0.11581291759465479,
    "supervision": 0.11358574610244988,
    "provided": 0.11358574610244988,
    "develop": 0.11358574610244988,
    "link": 0.11358574610244988,
    "improving": 0.111358574610245,
    "data": 0.111358574610245,
    "improve": 0.111358574610245,
    "performance management": 0.111358574610245,
    "professional": 0.1091314031180401,
    "recently": 0.1091314031180401,
    "partner agencies": 0.10690423162583519,
    "looked care": 0.10690423162583519,
    "serious case": 0.10690423162583519,
    "supported": 0.10467706013363029,
    "planning": 0.10467706013363029,
    "developed": 0.10467706013363029,
    "recent": 0.10467706013363029,
    "quality": 0.10244988864142539,
    "workforce": 0.10244988864142539,
    "working": 0.10244988864142539,
    "undertaken": 0.10244988864142539,
    "evidence": 0.10244988864142539,
    "process": 0.10244988864142539,
    "change": 0.10022271714922049,
    "understanding": 0.10022271714922049,
    "commissioning": 0.10022271714922049,
    "quality service": 0.10022271714922049,
    "enable": 0.09799554565701558,
    "key": 0.09799554565701558,
    "informed": 0.09799554565701558,
    "result": 0.09799554565701558,
    "significant": 0.0957683741648107,
    "detailed": 0.0957683741648107,
    "view": 0.0957683741648107,
    "high quality": 0.0957683741648107,
    "used": 0.0935412026726058,
    "better": 0.0935412026726058,
    "police": 0.0935412026726058,
    "individual": 0.0935412026726058,
    "practitioner": 0.0935412026726058,
    "governance arrangements": 0.0935412026726058,
    "work practice": 0.0935412026726058,
    "enquiries ofsted": 0.0935412026726058,
    "action plan": 0.0935412026726058,
    "shared": 0.09131403118040089,
    "although": 0.09131403118040089,
    "commissioned": 0.09131403118040089,
    "meet": 0.08908685968819599,
    "currently": 0.08908685968819599,
    "panel": 0.08908685968819599,
    "year": 0.08908685968819599,
    "Senior leaders": 0.08908685968819599,
    "areas improvement": 0.08908685968819599,
    "established": 0.08685968819599109,
    "DCS": 0.08685968819599109,
    "CSE": 0.08685968819599109,
    "safeguarded promoted": 0.08685968819599109,
    "frontline": 0.08463251670378619,
    "health": 0.08463251670378619,
    "take": 0.08463251670378619,
    "receive": 0.08463251670378619,
    "model": 0.08463251670378619,
    "monitoring": 0.08463251670378619,
    "referral": 0.08463251670378619,
    "provision": 0.08240534521158129,
    "new": 0.08240534521158129,
    "additional": 0.08240534521158129,
    "case": 0.08240534521158129,
    "information": 0.08240534521158129,
    "Health Wellbeing": 0.08240534521158129,
    "annual report": 0.08240534521158129,
    "inform": 0.0801781737193764,
    "analysis": 0.0801781737193764,
    "relationship": 0.0801781737193764,
    "lead member": 0.0801781737193764,
    "domestic abuse": 0.0801781737193764,
    "regular": 0.0779510022271715,
    "developing": 0.0779510022271715,
    "appropriately": 0.0779510022271715,
    "school": 0.0779510022271715,
    "independent chair": 0.0779510022271715,
    "sub group": 0.0779510022271715,
    "relation": 0.0757238307349666,
    "action": 0.0757238307349666,
    "resulted": 0.0757238307349666,
    "increased": 0.0757238307349666,
    "influence": 0.0757238307349666,
    "leader": 0.0757238307349666,
    "finding": 0.0757238307349666,
    "Wellbeing Board": 0.0757238307349666,
    "oversight": 0.07349665924276169,
    "SCR": 0.07349665924276169,
    "help protection": 0.07349665924276169,
    "front line": 0.07349665924276169,
    "requires improvement": 0.07349665924276169,
    "high": 0.07126948775055679
}