{
    "children": 1.0,
    "young people": 0.9540757749712974,
    "service": 0.7290470723306545,
    "local authority": 0.5189437428243399,
    "care leaver": 0.5063145809414467,
    "support": 0.5017221584385764,
    "need": 0.49827784156142363,
    "children young": 0.46498277841561425,
    "social worker": 0.452353616532721,
    "work": 0.43398392652123996,
    "well": 0.4052812858783008,
    "plan": 0.3960964408725603,
    "good": 0.3788748564867968,
    "ensure": 0.36969001148105624,
    "effective": 0.3099885189437428,
    "looked children": 0.30539609644087257,
    "child protection": 0.2743972445464983,
    "Board": 0.2525832376578645,
    "team": 0.24913892078071181,
    "multi agency": 0.24913892078071181,
    "assessment": 0.24799081515499427,
    "example": 0.24569460390355913,
    "provide": 0.2399540757749713,
    "clear": 0.21928817451205512,
    "including": 0.21699196326061998,
    "practice": 0.2158438576349024,
    "families": 0.208955223880597,
    "school": 0.2066590126291619,
    "arrangement": 0.20091848450057406,
    "staff": 0.19632606199770378,
    "case": 0.19632606199770378,
    "placement": 0.19632606199770378,
    "However": 0.19517795637198623,
    "appropriate": 0.19058553386911595,
    "early help": 0.19058553386911595,
    "include": 0.18369690011481057,
    "within": 0.182548794489093,
    "effectively": 0.18025258323765786,
    "review": 0.17795637198622274,
    "child": 0.1756601607347876,
    "care": 0.17451205510907003,
    "progress": 0.17451205510907003,
    "professional": 0.17221584385763491,
    "identified": 0.1687715269804822,
    "use": 0.16647531572904709,
    "children families": 0.16417910447761194,
    "timely": 0.1618828932261768,
    "social care": 0.15958668197474168,
    "group": 0.15729047072330654,
    "risk": 0.15614236509758897,
    "training": 0.15614236509758897,
    "meeting": 0.1549942594718714,
    "area": 0.15040183696900114,
    "adoption": 0.14925373134328357,
    "robust": 0.14580941446613088,
    "sexual exploitation": 0.14121699196326062,
    "social work": 0.14121699196326062,
    "manager": 0.14006888633754305,
    "report": 0.13662456946039037,
    "improvement": 0.1354764638346728,
    "information": 0.13432835820895522,
    "supported": 0.13318025258323765,
    "challenge": 0.13318025258323765,
    "family": 0.13203214695752008,
    "quality": 0.13088404133180254,
    "live": 0.13088404133180254,
    "agencies": 0.12743972445464982,
    "also": 0.12743972445464982,
    "result": 0.12743972445464982,
    "adopter": 0.1251435132032147,
    "receive": 0.12284730195177956,
    "planning": 0.12169919632606199,
    "performance": 0.12169919632606199,
    "response": 0.12055109070034443,
    "provided": 0.12055109070034443,
    "children looked": 0.11940298507462686,
    "strong": 0.1182548794489093,
    "issue": 0.1182548794489093,
    "view": 0.11710677382319173,
    "parent": 0.11595866819747416,
    "although": 0.1148105625717566,
    "used": 0.1148105625717566,
    "foster carer": 0.11366245694603903,
    "provision": 0.1113662456946039,
    "action": 0.11021814006888633,
    "level": 0.11021814006888633,
    "police": 0.11021814006888633,
    "working": 0.10907003444316878,
    "outcomes children": 0.10907003444316878,
    "help": 0.1079219288174512,
    "development": 0.10562571756601608,
    "focus": 0.10562571756601608,
    "meet": 0.1044776119402985,
    "LSCB": 0.1044776119402985,
    "impact": 0.10218140068886337,
    "process": 0.10218140068886337,
    "evidence": 0.10218140068886337,
    "referral": 0.1010332950631458,
    "currently": 0.1010332950631458,
    "always": 0.09988518943742825,
    "good quality": 0.09988518943742825,
    "year": 0.09873708381171067,
    "childrens social": 0.09873708381171067,
    "intervention": 0.09644087256027555,
    "access": 0.09644087256027555,
    "new": 0.09644087256027555,
    "considered": 0.09414466130884042,
    "time": 0.09414466130884042,
    "now": 0.09414466130884042,
    "appropriately": 0.09299655568312284,
    "make": 0.09299655568312284,
    "approach": 0.09299655568312284,
    "one": 0.09184845005740529,
    "carer": 0.09184845005740529,
    "recent": 0.08955223880597014,
    "learning": 0.08955223880597014,
    "undertaken": 0.08955223880597014,
    "improved": 0.08840413318025259,
    "identify": 0.08840413318025259,
    "ensuring": 0.08840413318025259,
    "improving": 0.08725602755453502,
    "led": 0.08725602755453502,
    "safeguarding": 0.08610792192881746,
    "change": 0.08610792192881746,
    "programme": 0.08610792192881746,
    "particularly": 0.08495981630309989,
    "comprehensive": 0.08495981630309989,
    "analysis": 0.08381171067738231,
    "across": 0.08381171067738231,
    "health": 0.08381171067738231,
    "child sexual": 0.08381171067738231,
    "protection plan": 0.08381171067738231,
    "better": 0.08151549942594719,
    "develop": 0.08151549942594719,
    "strategy": 0.08036739380022963,
    "mean": 0.08036739380022963,
    "number children": 0.08036739380022963,
    "number": 0.07921928817451206,
    "made": 0.07921928817451206,
    "regular": 0.07921928817451206,
    "panel": 0.07921928817451206,
    "priorities": 0.07921928817451206,
    "early": 0.07807118254879448,
    "decision": 0.07807118254879448,
    "benefit": 0.07807118254879448,
    "additional": 0.07807118254879448,
    "concern": 0.07807118254879448,
    "threshold": 0.07807118254879448,
    "senior manager": 0.07807118254879448,
    "specialist": 0.07692307692307693,
    "experience": 0.07692307692307693,
    "high quality": 0.07692307692307693,
    "domestic abuse": 0.07692307692307693,
    "people families": 0.07692307692307693,
    "ensure children": 0.07692307692307693,
    "place": 0.07577497129735936,
    "contact": 0.07577497129735936,
    "day": 0.07577497129735936,
    "role": 0.07577497129735936,
    "range": 0.07462686567164178,
    "positive": 0.07347876004592423,
    "improve": 0.07347876004592423,
    "pupil": 0.07347876004592423,
    "routinely": 0.07347876004592423,
    "decision making": 0.07347876004592423,
    "consistently": 0.07233065442020666,
    "enable": 0.07233065442020666,
    "council": 0.07233065442020666,
    "recently": 0.07233065442020666,
    "audit": 0.0711825487944891,
    "small number": 0.0711825487944891,
    "delay": 0.07003444316877153,
    "partner": 0.07003444316877153,
    "inform": 0.07003444316877153,
    "system": 0.07003444316877153,
    "accommodation": 0.07003444316877153,
    "timescale": 0.07003444316877153,
    "support children": 0.07003444316877153,
    "available": 0.06888633754305395,
    "developed": 0.06888633754305395,
    "ofsted gov": 0.06888633754305395,
    "gov uk": 0.06888633754305395,
    "partnership": 0.06659012629161883,
    "understand": 0.06659012629161883,
    "involved": 0.06659012629161883,
    "increase": 0.06659012629161883,
    "partner agencies": 0.06659012629161883,
    "show": 0.06544202066590127,
    "member": 0.06544202066590127,
    "key": 0.0642939150401837,
    "inspector": 0.0642939150401837,
    "taken": 0.06314580941446613,
    "attendance": 0.06314580941446613,
    "Safeguarding Children": 0.06314580941446613,
    "commissioning": 0.06199770378874857,
    "current": 0.06199770378874857,
    "able": 0.06199770378874857,
    "two": 0.06199770378874857,
    "monitoring": 0.06199770378874857,
    "scrutiny": 0.06199770378874857
}