{
    "children": 1.0,
    "young people": 0.8571428571428571,
    "service": 0.5894105894105894,
    "local authority": 0.5414585414585414,
    "support": 0.4925074925074925,
    "social worker": 0.4755244755244755,
    "need": 0.44155844155844154,
    "care leaver": 0.4045954045954046,
    "children young": 0.3926073926073926,
    "board": 0.3776223776223776,
    "good": 0.3726273726273726,
    "ensure": 0.3626373626373626,
    "well": 0.36163836163836166,
    "effective": 0.34565434565434566,
    "work": 0.31868131868131866,
    "provide": 0.2757242757242757,
    "children looked": 0.26873126873126874,
    "plan": 0.25774225774225773,
    "including": 0.23276723276723277,
    "help": 0.2177822177822178,
    "staff": 0.2077922077922078,
    "multi agency": 0.19880119880119881,
    "example": 0.1968031968031968,
    "sexual exploitation": 0.19080919080919082,
    "However": 0.18981018981018982,
    "practice": 0.1838161838161838,
    "training": 0.18181818181818182,
    "risk": 0.1798201798201798,
    "assessment": 0.17682317682317683,
    "clear": 0.17582417582417584,
    "team": 0.17382617382617382,
    "appropriate": 0.17282717282717283,
    "child": 0.17182817182817184,
    "review": 0.16283716283716285,
    "partner": 0.16283716283716285,
    "effectively": 0.16183816183816183,
    "families": 0.15884115884115885,
    "live": 0.15884115884115885,
    "identified": 0.15384615384615385,
    "children families": 0.15284715284715283,
    "result": 0.14885114885114886,
    "child sexual": 0.14885114885114886,
    "arrangement": 0.14785214785214784,
    "child protection": 0.14785214785214784,
    "professional": 0.14685314685314685,
    "learning": 0.14385614385614387,
    "manager": 0.14185814185814186,
    "issue": 0.13886113886113885,
    "school": 0.13786213786213786,
    "also": 0.13586413586413587,
    "within": 0.13586413586413587,
    "include": 0.13586413586413587,
    "early help": 0.13586413586413587,
    "information": 0.13486513486513488,
    "improve": 0.13286713286713286,
    "strong": 0.13286713286713286,
    "foster carer": 0.13186813186813187,
    "progress": 0.13086913086913088,
    "LSCB": 0.13086913086913088,
    "use": 0.12987012987012986,
    "challenge": 0.12987012987012986,
    "meeting": 0.12987012987012986,
    "improvement": 0.12887112887112886,
    "Recommendation": 0.12887112887112886,
    "parent": 0.12687312687312688,
    "timely": 0.12487512487512488,
    "impact": 0.11988011988011989,
    "case": 0.11988011988011989,
    "family": 0.11888111888111888,
    "group": 0.11788211788211789,
    "performance": 0.11688311688311688,
    "receive": 0.11588411588411589,
    "social work": 0.11588411588411589,
    "senior manager": 0.11388611388611389,
    "childrens service": 0.11288711288711288,
    "place": 0.11188811188811189,
    "placement": 0.11188811188811189,
    "quality": 0.1108891108891109,
    "time": 0.10989010989010989,
    "make": 0.10989010989010989,
    "action": 0.10789210789210789,
    "although": 0.1068931068931069,
    "across": 0.1038961038961039,
    "adopter": 0.1038961038961039,
    "looked children": 0.1038961038961039,
    "adoption": 0.1028971028971029,
    "robust": 0.1018981018981019,
    "new": 0.1008991008991009,
    "currently": 0.1008991008991009,
    "response": 0.0999000999000999,
    "panel": 0.0999000999000999,
    "report": 0.0989010989010989,
    "carer": 0.0989010989010989,
    "many": 0.0969030969030969,
    "range": 0.0969030969030969,
    "year": 0.0969030969030969,
    "provided": 0.0959040959040959,
    "supported": 0.0959040959040959,
    "mean": 0.0959040959040959,
    "make sure": 0.0959040959040959,
    "access": 0.09490509490509491,
    "level": 0.09490509490509491,
    "planning": 0.0939060939060939,
    "made": 0.0919080919080919,
    "recent": 0.0919080919080919,
    "comprehensive": 0.0919080919080919,
    "understanding": 0.09090909090909091,
    "experience": 0.0899100899100899,
    "agencies": 0.0899100899100899,
    "Safeguarding Children": 0.08891108891108891,
    "understand": 0.08791208791208792,
    "children care": 0.08791208791208792,
    "analysis": 0.08691308691308691,
    "appropriately": 0.08491508491508491,
    "area": 0.08391608391608392,
    "meet": 0.08291708291708291,
    "working": 0.08291708291708291,
    "ensuring": 0.08291708291708291,
    "development": 0.08291708291708291,
    "concern": 0.08291708291708291,
    "audit": 0.08191808191808192,
    "regularly": 0.08091908091908091,
    "small number": 0.08091908091908091,
    "gov uk": 0.08091908091908091,
    "council": 0.07992007992007992,
    "always": 0.07992007992007992,
    "social care": 0.07992007992007992,
    "available": 0.07792207792207792,
    "delay": 0.07792207792207792,
    "partnership": 0.07692307692307693,
    "children need": 0.07692307692307693,
    "better": 0.07592407592407592,
    "referral": 0.07592407592407592,
    "Children Board": 0.07592407592407592,
    "take": 0.07492507492507493,
    "now": 0.07392607392607392,
    "regular": 0.07392607392607392,
    "demonstrate": 0.07392607392607392,
    "decision": 0.07392607392607392,
    "used": 0.07292707292707293,
    "accommodation": 0.07292707292707293,
    "improving": 0.07192807192807193,
    "process": 0.07192807192807193,
    "programme": 0.07092907092907093,
    "approach": 0.07092907092907093,
    "offer": 0.06993006993006994,
    "able": 0.06993006993006994,
    "good quality": 0.06993006993006994,
    "data": 0.06893106893106893,
    "recently": 0.06893106893106893,
    "enable": 0.06793206793206794,
    "health": 0.06793206793206794,
    "focus": 0.06793206793206794,
    "virtual school": 0.06793206793206794,
    "excellent": 0.06693306693306693,
    "provision": 0.06693306693306693,
    "priorities": 0.06693306693306693,
    "identify": 0.06693306693306693,
    "mental health": 0.06693306693306693,
    "improved": 0.06593406593406594,
    "key": 0.06593406593406594,
    "inform": 0.06493506493506493,
    "current": 0.06493506493506493,
    "benefit": 0.06493506493506493,
    "scrutiny": 0.06493506493506493,
    "individual": 0.06493506493506493,
    "contact": 0.06493506493506493,
    "Local Safeguarding": 0.06493506493506493,
    "detailed": 0.06393606393606394,
    "led": 0.06393606393606394,
    "high quality": 0.06393606393606394,
    "increase": 0.06293706293706294,
    "required": 0.06293706293706294,
    "return home": 0.06293706293706294,
    "change": 0.061938061938061936,
    "chair": 0.061938061938061936,
    "view": 0.061938061938061936,
    "specific": 0.061938061938061936,
    "quality assurance": 0.061938061938061936,
    "develop": 0.060939060939060936,
    "continue": 0.060939060939060936,
    "particularly": 0.060939060939060936,
    "involved": 0.060939060939060936,
    "will": 0.059940059940059943,
    "positive": 0.058941058941058944,
    "one": 0.058941058941058944,
    "early": 0.058941058941058944,
    "activity": 0.058941058941058944,
    "case review": 0.058941058941058944,
    "sufficiently": 0.057942057942057944,
    "intervention": 0.057942057942057944,
    "authority area": 0.057942057942057944,
    "Isles Scilly": 0.057942057942057944,
    "quickly": 0.056943056943056944,
    "part": 0.056943056943056944,
    "focused": 0.056943056943056944,
    "ensure children": 0.056943056943056944,
    "partner agencies": 0.056943056943056944,
    "local": 0.055944055944055944,
    "completed": 0.055944055944055944
}