{
    "young people": 1.0,
    "service": 0.8668683812405447,
    "children": 0.8381240544629349,
    "support": 0.6444780635400907,
    "local authority": 0.6232980332829047,
    "good": 0.5385779122541604,
    "children young": 0.5068078668683812,
    "care leaver": 0.4735249621785174,
    "need": 0.46444780635400906,
    "ensure": 0.4568835098335855,
    "well": 0.4462934947049924,
    "social worker": 0.4205748865355522,
    "work": 0.40242057488653554,
    "plan": 0.3767019667170953,
    "effective": 0.367624810892587,
    "children looked": 0.34190620272314676,
    "assessment": 0.3237518910741301,
    "including": 0.29652042360060515,
    "risk": 0.28290468986384265,
    "However": 0.27382753403933435,
    "child protection": 0.2708018154311649,
    "practice": 0.2617246596066566,
    "provide": 0.2586989409984871,
    "arrangement": 0.25416036308623297,
    "sexual exploitation": 0.25416036308623297,
    "looked children": 0.24508320726172467,
    "multi agency": 0.2314674735249622,
    "example": 0.22692889561270801,
    "clear": 0.2254160363086233,
    "improvement": 0.21936459909228442,
    "Board": 0.21482602118003025,
    "staff": 0.2102874432677761,
    "council": 0.2087745839636914,
    "information": 0.20726172465960666,
    "area": 0.19969742813918306,
    "case": 0.19667170953101362,
    "child sexual": 0.19667170953101362,
    "strong": 0.1951588502269289,
    "appropriate": 0.1951588502269289,
    "team": 0.19364599092284418,
    "identified": 0.19213313161875945,
    "early help": 0.1875945537065053,
    "children families": 0.18456883509833585,
    "although": 0.1815431164901664,
    "group": 0.17549167927382753,
    "manager": 0.17397881996974282,
    "social work": 0.17397881996974282,
    "childrens service": 0.17095310136157338,
    "families": 0.16792738275340394,
    "adoption": 0.16792738275340394,
    "impact": 0.1664145234493192,
    "services children": 0.16338880484114976,
    "Safeguarding Children": 0.16187594553706505,
    "robust": 0.16036308623298035,
    "placement": 0.1588502269288956,
    "planning": 0.1573373676248109,
    "learning": 0.15431164901664146,
    "effectively": 0.15279878971255673,
    "review": 0.15128593040847202,
    "live": 0.14977307110438728,
    "access": 0.14977307110438728,
    "timely": 0.14826021180030258,
    "children need": 0.14826021180030258,
    "improve": 0.14523449319213314,
    "quality": 0.13918305597579425,
    "Local Safeguarding": 0.13918305597579425,
    "performance": 0.13767019667170954,
    "use": 0.13767019667170954,
    "include": 0.13767019667170954,
    "many": 0.1361573373676248,
    "result": 0.1361573373676248,
    "also": 0.13313161875945537,
    "supported": 0.13313161875945537,
    "challenge": 0.13313161875945537,
    "meeting": 0.13161875945537066,
    "issue": 0.13161875945537066,
    "range": 0.12859304084720122,
    "school": 0.12859304084720122,
    "within": 0.12556732223903178,
    "always": 0.12556732223903178,
    "Children Board": 0.12556732223903178,
    "care": 0.12405446293494705,
    "response": 0.12405446293494705,
    "receive": 0.12405446293494705,
    "LSCB": 0.12405446293494705,
    "partner": 0.12405446293494705,
    "social care": 0.12405446293494705,
    "agencies": 0.12102874432677761,
    "good quality": 0.12102874432677761,
    "training": 0.11951588502269289,
    "referral": 0.11951588502269289,
    "make": 0.11649016641452345,
    "level": 0.11649016641452345,
    "development": 0.11346444780635401,
    "made": 0.11195158850226929,
    "adopter": 0.11195158850226929,
    "partner agencies": 0.11195158850226929,
    "change": 0.11043872919818457,
    "progress": 0.11043872919818457,
    "mean": 0.11043872919818457,
    "action": 0.10892586989409984,
    "benefit": 0.10892586989409984,
    "time": 0.10892586989409984,
    "help protection": 0.10892586989409984,
    "considered": 0.10741301059001512,
    "place": 0.10741301059001512,
    "now": 0.10741301059001512,
    "provided": 0.10741301059001512,
    "used": 0.10741301059001512,
    "parent": 0.1059001512859304,
    "working": 0.1043872919818457,
    "improving": 0.1043872919818457,
    "need help": 0.1043872919818457,
    "decision": 0.10287443267776097,
    "improved": 0.10287443267776097,
    "one": 0.10287443267776097,
    "view": 0.10287443267776097,
    "Salford": 0.10287443267776097,
    "available": 0.10136157337367625,
    "experience": 0.10136157337367625,
    "take": 0.10136157337367625,
    "foster carer": 0.09984871406959153,
    "comprehensive": 0.09833585476550681,
    "senior manager": 0.09833585476550681,
    "across": 0.09682299546142209,
    "develop": 0.09682299546142209,
    "understand": 0.09682299546142209,
    "currently": 0.09682299546142209,
    "understanding": 0.09682299546142209,
    "audit": 0.09682299546142209,
    "focus": 0.09531013615733737,
    "inform": 0.09379727685325265,
    "data": 0.09228441754916793,
    "yet": 0.09228441754916793,
    "adult": 0.09228441754916793,
    "year": 0.0907715582450832,
    "enable": 0.0907715582450832,
    "police": 0.0907715582450832,
    "individual": 0.0907715582450832,
    "analysis": 0.08925869894099848,
    "childrens social": 0.08925869894099848,
    "go missing": 0.08925869894099848,
    "worker": 0.08774583963691376,
    "threshold": 0.08774583963691376,
    "child": 0.08623298033282904,
    "appropriately": 0.08623298033282904,
    "carer": 0.08623298033282904,
    "management oversight": 0.08623298033282904,
    "enough": 0.08472012102874432,
    "developed": 0.08472012102874432,
    "led": 0.0832072617246596,
    "family": 0.08169440242057488,
    "key": 0.08169440242057488,
    "recently": 0.08169440242057488,
    "member": 0.08169440242057488,
    "wide range": 0.08169440242057488,
    "two": 0.08018154311649017,
    "increase": 0.08018154311649017,
    "concern": 0.08018154311649017,
    "will": 0.08018154311649017,
    "remain": 0.07866868381240545,
    "accommodation": 0.07866868381240545,
    "positive": 0.07866868381240545,
    "recent": 0.07866868381240545,
    "record": 0.07866868381240545,
    "outcomes children": 0.07866868381240545,
    "quality assurance": 0.07866868381240545,
    "sub group": 0.07866868381240545,
    "specialist": 0.07715582450832073,
    "current": 0.07715582450832073,
    "provision": 0.07715582450832073,
    "protection conference": 0.07715582450832073,
    "outstanding": 0.07564296520423601,
    "partnership": 0.07564296520423601,
    "strategic": 0.07564296520423601,
    "routinely": 0.07564296520423601,
    "demonstrate": 0.07564296520423601,
    "detailed": 0.07413010590015129,
    "strategy": 0.07413010590015129,
    "regularly": 0.07261724659606657,
    "intervention": 0.07261724659606657,
    "may": 0.07261724659606657,
    "increased": 0.07261724659606657,
    "protection plan": 0.07261724659606657,
    "programme": 0.07110438729198185,
    "priorities": 0.07110438729198185,
    "consider": 0.07110438729198185,
    "new": 0.07110438729198185,
    "contact": 0.07110438729198185,
    "receive good": 0.06959152798789713,
    "domestic abuse": 0.06959152798789713,
    "regular": 0.0680786686838124,
    "scrutiny": 0.0680786686838124,
    "together": 0.0680786686838124,
    "panel": 0.0680786686838124,
    "supervision": 0.06656580937972768,
    "addressed": 0.06656580937972768,
    "significant": 0.06656580937972768,
    "require": 0.06656580937972768,
    "attendance": 0.06656580937972768
}