{
    "Board": 1.0,
    "young people": 0.5507692307692308,
    "children young": 0.4076923076923077,
    "work": 0.3630769230769231,
    "ensure": 0.31846153846153846,
    "practice": 0.2815384615384615,
    "local authority": 0.2784615384615385,
    "service": 0.27692307692307694,
    "multi agency": 0.26461538461538464,
    "LSCB": 0.2553846153846154,
    "example": 0.19846153846153847,
    "good": 0.19076923076923077,
    "well": 0.18615384615384614,
    "clear": 0.18461538461538463,
    "including": 0.18307692307692308,
    "group": 0.17076923076923076,
    "need": 0.16923076923076924,
    "sexual exploitation": 0.16923076923076924,
    "effective": 0.16615384615384615,
    "Safeguarding Children": 0.15846153846153846,
    "challenge": 0.15692307692307692,
    "safeguarding": 0.15538461538461537,
    "gov uk": 0.15538461538461537,
    "partnership": 0.14923076923076922,
    "priorities": 0.1476923076923077,
    "child sexual": 0.1476923076923077,
    "area": 0.14615384615384616,
    "issue": 0.14461538461538462,
    "partner agencies": 0.14461538461538462,
    "training": 0.14307692307692307,
    "support": 0.14,
    "case review": 0.13846153846153847,
    "ofsted gov": 0.13846153846153847,
    "partner": 0.13692307692307693,
    "sub group": 0.13384615384615384,
    "agencies": 0.13230769230769232,
    "development": 0.12923076923076923,
    "audit": 0.12923076923076923,
    "effectively": 0.1276923076923077,
    "include": 0.12153846153846154,
    "chair": 0.12,
    "plan": 0.12,
    "progress": 0.12,
    "Children Board": 0.11692307692307692,
    "identified": 0.11538461538461539,
    "strong": 0.11538461538461539,
    "strategic": 0.11538461538461539,
    "across": 0.1123076923076923,
    "use": 0.11076923076923077,
    "comprehensive": 0.10923076923076923,
    "provide": 0.1076923076923077,
    "serious case": 0.10615384615384615,
    "focus": 0.10461538461538461,
    "Local Safeguarding": 0.10461538461538461,
    "strategy": 0.1,
    "quality": 0.1,
    "child protection": 0.1,
    "appropriate": 0.09846153846153846,
    "scrutiny": 0.09846153846153846,
    "led": 0.09846153846153846,
    "early help": 0.09538461538461539,
    "review": 0.09384615384615384,
    "impact": 0.09384615384615384,
    "key": 0.09230769230769231,
    "care children": 0.09230769230769231,
    "across partnership": 0.09076923076923077,
    "action": 0.08923076923076922,
    "independent chair": 0.08923076923076922,
    "However": 0.0876923076923077,
    "staff": 0.0876923076923077,
    "enquiries ofsted": 0.0876923076923077,
    "link": 0.08461538461538462,
    "range": 0.08461538461538462,
    "robust": 0.08461538461538462,
    "understanding": 0.08461538461538462,
    "annual report": 0.08461538461538462,
    "looked children": 0.08461538461538462,
    "performance": 0.08307692307692308,
    "assessment": 0.08307692307692308,
    "quality assurance": 0.08307692307692308,
    "people families": 0.08307692307692308,
    "level": 0.08153846153846153,
    "learning": 0.08153846153846153,
    "process": 0.08153846153846153,
    "also": 0.08153846153846153,
    "childrens service": 0.08153846153846153,
    "improve": 0.08,
    "social care": 0.08,
    "within": 0.07846153846153846,
    "business plan": 0.07846153846153846,
    "action plan": 0.07692307692307693,
    "improvement": 0.07538461538461538,
    "child death": 0.07538461538461538,
    "place": 0.07384615384615385,
    "health": 0.07384615384615385,
    "police": 0.07384615384615385,
    "arrangement": 0.07384615384615385,
    "number": 0.07230769230769231,
    "year": 0.07230769230769231,
    "member": 0.07230769230769231,
    "ensuring": 0.07076923076923076,
    "recent": 0.07076923076923076,
    "evaluation": 0.06923076923076923,
    "inform": 0.06769230769230769,
    "recently": 0.06615384615384616,
    "commitment": 0.06615384615384616,
    "information": 0.06615384615384616,
    "findings": 0.06615384615384616,
    "evidence": 0.06461538461538462,
    "response": 0.06461538461538462,
    "social worker": 0.06461538461538462,
    "used": 0.06307692307692307,
    "professional": 0.06307692307692307,
    "role": 0.06307692307692307,
    "work board": 0.06307692307692307,
    "influence": 0.06153846153846154,
    "Although": 0.06153846153846154,
    "analysis": 0.06153846153846154,
    "detailed": 0.06153846153846154,
    "outcomes children": 0.06153846153846154,
    "areas improvement": 0.06153846153846154,
    "monitoring": 0.06,
    "report": 0.06,
    "SCR": 0.06,
    "school": 0.06,
    "threshold": 0.05846153846153846,
    "programme": 0.05846153846153846,
    "undertaken": 0.05846153846153846,
    "senior": 0.05846153846153846,
    "frontline practice": 0.05846153846153846,
    "please telephone": 0.05846153846153846,
    "telephone email": 0.05846153846153846,
    "email enquiries": 0.05846153846153846,
    "regulates inspects": 0.05846153846153846,
    "care leaver": 0.05846153846153846,
    "highly effective": 0.05846153846153846,
    "approach": 0.05692307692307692,
    "CSE": 0.05692307692307692,
    "one": 0.055384615384615386,
    "planning": 0.055384615384615386,
    "oversight": 0.055384615384615386,
    "data": 0.055384615384615386,
    "Section audit": 0.055384615384615386,
    "uk ofsted": 0.055384615384615386,
    "safeguarded promoted": 0.055384615384615386,
    "develop": 0.05384615384615385,
    "attendance": 0.05384615384615385,
    "now": 0.05384615384615385,
    "informed": 0.05384615384615385,
    "high quality": 0.05384615384615385,
    "significant": 0.052307692307692305,
    "meeting": 0.052307692307692305,
    "requires improvement": 0.052307692307692305,
    "children families": 0.052307692307692305,
    "meet": 0.05076923076923077,
    "referral": 0.05076923076923077,
    "Chief Executive": 0.05076923076923077,
    "domestic abuse": 0.05076923076923077,
    "working": 0.04923076923076923,
    "supported": 0.04923076923076923,
    "improved": 0.04923076923076923,
    "national": 0.04923076923076923,
    "Council": 0.04923076923076923,
    "increase": 0.04923076923076923,
    "subgroup": 0.047692307692307694,
    "shared": 0.047692307692307694,
    "neglect": 0.047692307692307694,
    "team": 0.047692307692307694,
    "workforce": 0.047692307692307694,
    "developed": 0.047692307692307694,
    "improving": 0.047692307692307694,
    "arrangements place": 0.047692307692307694,
    "social work": 0.047692307692307694,
    "engagement": 0.046153846153846156,
    "increased": 0.046153846153846156,
    "processes": 0.046153846153846156,
    "policies procedures": 0.046153846153846156,
    "safeguarding practice": 0.046153846153846156,
    "effectiveness local": 0.046153846153846156,
    "appropriately": 0.04461538461538461,
    "currently": 0.04461538461538461,
    "provided": 0.04461538461538461,
    "governance arrangements": 0.04461538461538461,
    "experiences children": 0.04461538461538461,
    "effectiveness": 0.043076923076923075,
    "fully": 0.043076923076923075,
    "priority": 0.043076923076923075,
    "developing": 0.043076923076923075,
    "manager": 0.043076923076923075,
    "monitor": 0.043076923076923075,
    "practitioner": 0.043076923076923075,
    "agency audit": 0.043076923076923075,
    "two": 0.04153846153846154,
    "sufficiently": 0.04153846153846154,
    "leadership": 0.04153846153846154,
    "agenda": 0.04153846153846154,
    "joint": 0.04153846153846154,
    "specific": 0.04153846153846154,
    "relation": 0.04153846153846154,
    "resulted": 0.04153846153846154
}