{
    "Board": 1.0,
    "young people": 0.9017341040462428,
    "service": 0.8034682080924855,
    "children young": 0.7630057803468208,
    "practice": 0.6358381502890174,
    "work": 0.6069364161849711,
    "local authority": 0.5953757225433526,
    "good": 0.5202312138728323,
    "Lead inspector": 0.4508670520231214,
    "ensure": 0.44508670520231214,
    "example": 0.43352601156069365,
    "well": 0.4277456647398844,
    "training": 0.36416184971098264,
    "support": 0.35260115606936415,
    "need": 0.3179190751445087,
    "children": 0.31213872832369943,
    "Quality assurance": 0.3063583815028902,
    "effective": 0.2947976878612717,
    "staff": 0.28901734104046245,
    "learning": 0.28901734104046245,
    "challenge": 0.2774566473988439,
    "development": 0.27167630057803466,
    "multi agency": 0.27167630057803466,
    "including": 0.2658959537572254,
    "group": 0.2658959537572254,
    "report": 0.2658959537572254,
    "safeguarding": 0.26011560693641617,
    "across": 0.2543352601156069,
    "area": 0.2543352601156069,
    "clear": 0.24855491329479767,
    "Majestys Inspector": 0.24855491329479767,
    "partnership": 0.24277456647398843,
    "LSCB": 0.24277456647398843,
    "priorities": 0.23121387283236994,
    "inspection team": 0.23121387283236994,
    "assurance manager": 0.23121387283236994,
    "team Lead": 0.2254335260115607,
    "Team inspectors": 0.2254335260115607,
    "case review": 0.2254335260115607,
    "performance": 0.21965317919075145,
    "Inspectors HMI": 0.21965317919075145,
    "Deputy lead": 0.21965317919075145,
    "strategic": 0.2138728323699422,
    "agencies": 0.2138728323699422,
    "plan": 0.2138728323699422,
    "include": 0.2138728323699422,
    "assessment": 0.20809248554913296,
    "strategy": 0.20809248554913296,
    "Senior": 0.2023121387283237,
    "review": 0.2023121387283237,
    "looked children": 0.19653179190751446,
    "level": 0.1907514450867052,
    "issue": 0.1907514450867052,
    "data analyst": 0.1907514450867052,
    "childrens service": 0.1907514450867052,
    "social worker": 0.1907514450867052,
    "effectively": 0.18497109826589594,
    "identified": 0.18497109826589594,
    "Senior data": 0.18497109826589594,
    "member": 0.1791907514450867,
    "led": 0.1791907514450867,
    "use": 0.1791907514450867,
    "HMI Ofsted": 0.1791907514450867,
    "across partnership": 0.1791907514450867,
    "action": 0.17341040462427745,
    "strong": 0.17341040462427745,
    "within": 0.17341040462427745,
    "workforce": 0.17341040462427745,
    "improvement": 0.17341040462427745,
    "outcomes children": 0.17341040462427745,
    "serious case": 0.17341040462427745,
    "progress": 0.1676300578034682,
    "range": 0.1676300578034682,
    "social work": 0.1676300578034682,
    "care children": 0.1676300578034682,
    "meet": 0.16184971098265896,
    "role": 0.16184971098265896,
    "professional": 0.16184971098265896,
    "people families": 0.16184971098265896,
    "child protection": 0.16184971098265896,
    "appropriate": 0.15606936416184972,
    "also": 0.15606936416184972,
    "key": 0.15606936416184972,
    "care leaver": 0.15606936416184972,
    "audit": 0.15028901734104047,
    "Safeguarding Children": 0.15028901734104047,
    "independent chair": 0.15028901734104047,
    "sexual exploitation": 0.15028901734104047,
    "HMI": 0.14450867052023122,
    "focus": 0.14450867052023122,
    "information": 0.14450867052023122,
    "comprehensive": 0.14450867052023122,
    "regular": 0.14450867052023122,
    "informed": 0.14450867052023122,
    "meeting": 0.14450867052023122,
    "SCR": 0.14450867052023122,
    "early help": 0.14450867052023122,
    "improving": 0.13872832369942195,
    "Health": 0.13872832369942195,
    "chair": 0.13872832369942195,
    "provide": 0.13872832369942195,
    "safeguarded promoted": 0.13872832369942195,
    "Council": 0.1329479768786127,
    "scrutiny": 0.1329479768786127,
    "link": 0.1329479768786127,
    "Ofsted inspection": 0.1329479768786127,
    "number": 0.12716763005780346,
    "ESSCB": 0.12716763005780346,
    "areas improvement": 0.12716763005780346,
    "children families": 0.12716763005780346,
    "planning": 0.12138728323699421,
    "commitment": 0.12138728323699421,
    "new": 0.12138728323699421,
    "understanding": 0.12138728323699421,
    "inform": 0.12138728323699421,
    "management": 0.12138728323699421,
    "result": 0.12138728323699421,
    "missing": 0.12138728323699421,
    "partner": 0.12138728323699421,
    "evidence": 0.12138728323699421,
    "school": 0.12138728323699421,
    "requires improvement": 0.12138728323699421,
    "effectiveness local": 0.12138728323699421,
    "arrangements": 0.11560693641618497,
    "working": 0.11560693641618497,
    "improved": 0.11560693641618497,
    "commissioning": 0.11560693641618497,
    "now": 0.11560693641618497,
    "ensuring": 0.11560693641618497,
    "receive": 0.11560693641618497,
    "annual report": 0.11560693641618497,
    "place": 0.10982658959537572,
    "improve": 0.10982658959537572,
    "However": 0.10982658959537572,
    "detailed": 0.10982658959537572,
    "police": 0.10982658959537572,
    "undertaken": 0.10982658959537572,
    "social care": 0.10982658959537572,
    "partner agencies": 0.10982658959537572,
    "set": 0.10404624277456648,
    "recently": 0.10404624277456648,
    "resource": 0.10404624277456648,
    "recent": 0.10404624277456648,
    "DSCB": 0.10404624277456648,
    "business plan": 0.10404624277456648,
    "taken": 0.09826589595375723,
    "develop": 0.09826589595375723,
    "monitoring": 0.09826589595375723,
    "developed": 0.09826589595375723,
    "although": 0.09826589595375723,
    "findings": 0.09826589595375723,
    "practitioners": 0.09826589595375723,
    "response": 0.09826589595375723,
    "HSCB": 0.09826589595375723,
    "additional inspector": 0.09826589595375723,
    "Chief Executive": 0.09826589595375723,
    "quality service": 0.09826589595375723,
    "corporate parenting": 0.09826589595375723,
    "effective services": 0.09826589595375723,
    "protection care": 0.09826589595375723,
    "child sexual": 0.09826589595375723,
    "action plan": 0.09826589595375723,
    "authority lead": 0.09826589595375723,
    "made": 0.09248554913294797,
    "impact": 0.09248554913294797,
    "relation": 0.09248554913294797,
    "address": 0.09248554913294797,
    "framework": 0.09248554913294797,
    "robust": 0.09248554913294797,
    "priority": 0.09248554913294797,
    "increased": 0.09248554913294797,
    "implementation": 0.09248554913294797,
    "complaint": 0.09248554913294797,
    "approach": 0.09248554913294797,
    "arrangements place": 0.09248554913294797,
    "front line": 0.09248554913294797,
    "domestic abuse": 0.09248554913294797,
    "Health Wellbeing": 0.09248554913294797,
    "Wellbeing Board": 0.09248554913294797,
    "looked care": 0.09248554913294797,
    "leavers welfare": 0.09248554913294797,
    "welfare safeguarded": 0.09248554913294797,
    "widespread serious": 0.09248554913294797,
    "serious failures": 0.09248554913294797,
    "failures create": 0.09248554913294797,
    "create leave": 0.09248554913294797,
    "leave children": 0.09248554913294797,
    "children harmed": 0.09248554913294797,
    "harmed risk": 0.09248554913294797,
    "risk harm": 0.09248554913294797,
    "high quality": 0.09248554913294797,
    "senior managers": 0.09248554913294797,
    "Family": 0.08670520231213873,
    "developing": 0.08670520231213873,
    "provided": 0.08670520231213873,
    "resulted": 0.08670520231213873,
    "increase": 0.08670520231213873,
    "panel": 0.08670520231213873,
    "analysis": 0.08670520231213873,
    "know": 0.08670520231213873
}